payment_id,issuer,payment_method,amount_inr,status,error_reason,hour_of_day,day_of_month
pay_northwind_0000,Axis Bank Ltd.,upi,40.43,failed,collect_request_pending,5,2
pay_northwind_0001,Axis Bank Ltd.,upi,5.05,failed,psp_not_registered,5,7
pay_northwind_0002,HDFC Bank Ltd.,upi,536.97,captured,,3,13
pay_northwind_0003,Union Bank of India,upi,196.58,captured,,4,4
pay_northwind_0004,State Bank of India,upi,190.13,captured,,5,5
pay_northwind_0005,Canara Bank,upi,83.9,captured,,5,13
pay_northwind_0006,State Bank of India,netbanking,194.22,captured,,3,7
pay_northwind_0007,State Bank of India,upi,120.21,captured,,15,18
pay_northwind_0008,State Bank of India,upi,990.28,captured,,1,1
pay_northwind_0009,HDFC Bank Ltd.,upi,977.53,captured,,0,26
pay_northwind_0010,ICICI Bank Ltd.,upi,2391.99,captured,,23,25
pay_northwind_0011,State Bank of India,upi,829.56,failed,collect_request_pending,3,19
pay_northwind_0012,State Bank of India,upi,131.93,captured,,0,1
pay_northwind_0013,Fino Payments Bank Ltd.,upi,50.09,captured,,23,26
pay_northwind_0014,Punjab National Bank,upi,557.17,captured,,0,22
pay_northwind_0015,State Bank of India,upi,345.91,captured,,14,26
pay_northwind_0016,UCO Bank,upi,862.02,captured,,17,20
pay_northwind_0017,State Bank of India,upi,448.21,captured,,23,15
pay_northwind_0018,Union Bank of India,upi,694.99,captured,,11,13
pay_northwind_0019,Punjab National Bank,netbanking,398.68,captured,,10,20
pay_northwind_0020,Punjab National Bank,upi,182.34,captured,,12,7
pay_northwind_0021,Canara Bank,upi,72.57,captured,,5,23
pay_northwind_0022,Canara Bank,card,459.56,captured,,1,9
pay_northwind_0023,Punjab National Bank,upi,641.4,failed,transaction_daily_limit_exceeded,13,12
pay_northwind_0024,ICICI Bank Ltd.,upi,875.4,captured,,0,27
pay_northwind_0025,Fino Payments Bank Ltd.,upi,3008.71,captured,,5,18
pay_northwind_0026,State Bank of India,upi,131.09,captured,,3,14
pay_northwind_0027,Airtel Payments Bank Limited,upi,167.76,captured,,1,13
pay_northwind_0028,Axis Bank Ltd.,upi,138.34,captured,,2,20
pay_northwind_0029,HDFC Bank Ltd.,upi,142.89,captured,,18,14
pay_northwind_0030,Indian Overseas Bank,upi,113.02,captured,,5,11
pay_northwind_0031,Canara Bank,upi,22727.01,captured,,22,16
pay_northwind_0032,HDFC Bank Ltd.,upi,209.02,captured,,22,7
pay_northwind_0033,India Post Payments Bank Limited,upi,636.08,captured,,13,5
pay_northwind_0034,Indian Overseas Bank,card,953.06,captured,,12,12
pay_northwind_0035,Indian Bank,upi,874.44,captured,,1,27
pay_northwind_0036,State Bank of India,upi,193.97,captured,,2,15
pay_northwind_0037,UCO Bank,card,489.66,captured,,10,18
pay_northwind_0038,State Bank of India,upi,3492.67,captured,,5,3
pay_northwind_0039,State Bank of India,upi,781.22,captured,,3,19
pay_northwind_0040,ICICI Bank Ltd.,upi,367.86,captured,,7,28
pay_northwind_0041,Union Bank of India,upi,460.23,captured,,1,23
pay_northwind_0042,HDFC Bank Ltd.,upi,471.6,captured,,7,2
pay_northwind_0043,Punjab National Bank,upi,4617.78,failed,live_mode_not_enabled,1,19
pay_northwind_0044,Indian Bank,card,584.16,captured,,23,12
pay_northwind_0045,HDFC Bank Ltd.,upi,135.61,captured,,1,3
pay_northwind_0046,State Bank of India,upi,175.67,captured,,8,28
pay_northwind_0047,State Bank of India,upi,42.44,captured,,4,9
pay_northwind_0048,HDFC Bank Ltd.,upi,110.14,captured,,2,4
pay_northwind_0049,HDFC Bank Ltd.,upi,908.52,captured,,3,3
pay_northwind_0050,State Bank of India,upi,3512.3,captured,,3,4
pay_northwind_0051,Bank of Baroda,upi,892.25,captured,,3,15
pay_northwind_0052,Punjab National Bank,netbanking,431.46,captured,,3,26
pay_northwind_0053,HDFC Bank Ltd.,upi,85.51,captured,,23,27
pay_northwind_0054,Punjab National Bank,upi,2437.31,captured,,2,14
pay_northwind_0055,Canara Bank,upi,361.47,failed,payment_pending,3,17
pay_northwind_0056,HDFC Bank Ltd.,upi,926.68,captured,,23,23
pay_northwind_0057,Airtel Payments Bank Limited,card,2251.96,captured,,4,17
pay_northwind_0058,State Bank of India,upi,898.0,captured,,0,28
pay_northwind_0059,Central Bank of India,upi,399.08,captured,,3,2
pay_northwind_0060,Canara Bank,upi,4622.09,failed,incorrect_otp,4,28
pay_northwind_0061,Punjab National Bank,upi,478.37,captured,,5,6
pay_northwind_0062,Union Bank of India,upi,381.44,captured,,3,23
pay_northwind_0063,Punjab National Bank,upi,152.28,captured,,15,13
pay_northwind_0064,Bank of Baroda,card,245.65,captured,,7,16
pay_northwind_0065,Axis Bank Ltd.,upi,602.84,failed,payment_declined,1,21
pay_northwind_0066,Kotak Mahindra Bank,upi,213.78,captured,,22,1
pay_northwind_0067,State Bank of India,upi,443.12,captured,,0,4
pay_northwind_0068,State Bank of India,upi,621.76,captured,,2,18
pay_northwind_0069,ICICI Bank Ltd.,card,749.03,captured,,1,26
pay_northwind_0070,State Bank of India,upi,3523.34,captured,,19,10
pay_northwind_0071,Bank of Baroda,netbanking,1479.28,failed,pin_attempts_exceeded,2,25
pay_northwind_0072,Central Bank of India,upi,971.34,captured,,14,18
pay_northwind_0073,Bank of Baroda,upi,517.01,failed,incorrect_pin,3,5
pay_northwind_0074,State Bank of India,upi,580.75,captured,,16,3
pay_northwind_0075,State Bank of India,upi,115.53,captured,,5,4
pay_northwind_0076,State Bank of India,upi,187.05,captured,,4,19
pay_northwind_0077,Punjab National Bank,card,852.56,captured,,20,24
pay_northwind_0078,Punjab National Bank,upi,680.33,captured,,2,12
pay_northwind_0079,Indusind Bank Ltd.,card,771.75,failed,invalid_request,10,9
pay_northwind_0080,State Bank of India,netbanking,18.44,captured,,23,22
pay_northwind_0081,State Bank of India,upi,158.59,captured,,4,27
pay_northwind_0082,Airtel Payments Bank Limited,upi,110.6,failed,debit_declined,2,10
pay_northwind_0083,State Bank of India,netbanking,154.07,captured,,23,14
pay_northwind_0084,Indian Overseas Bank,upi,4379.32,captured,,4,1
pay_northwind_0085,Union Bank of India,upi,974.46,captured,,1,11
pay_northwind_0086,State Bank of India,upi,717.75,captured,,4,22
pay_northwind_0087,State Bank of India,upi,1876.59,captured,,4,24
pay_northwind_0088,Punjab National Bank,upi,957.34,captured,,3,5
pay_northwind_0089,Indian Bank,upi,144.73,captured,,4,19
pay_northwind_0090,Indian Bank,card,196.25,captured,,19,13
pay_northwind_0091,State Bank of India,upi,193.65,captured,,3,11
pay_northwind_0092,Kotak Mahindra Bank,upi,360.13,captured,,4,17
pay_northwind_0093,Bank Of India,upi,2957.95,captured,,3,23
pay_northwind_0094,Punjab National Bank,card,482.42,captured,,1,6
pay_northwind_0095,ICICI Bank Ltd.,upi,139.16,captured,,4,12
pay_northwind_0096,State Bank of India,card,4271.81,captured,,5,2
pay_northwind_0097,Indusind Bank Ltd.,upi,937.76,captured,,6,27
pay_northwind_0098,Canara Bank,upi,3716.46,captured,,0,17
pay_northwind_0099,State Bank of India,upi,461.61,failed,payment_pending_approval,2,26
pay_northwind_0100,State Bank of India,netbanking,125.01,captured,,4,16
pay_northwind_0101,State Bank of India,upi,124.04,captured,,2,7
pay_northwind_0102,State Bank of India,upi,179.84,captured,,2,23
pay_northwind_0103,Axis Bank Ltd.,upi,598.66,captured,,23,14
pay_northwind_0104,State Bank of India,upi,966.32,captured,,3,28
pay_northwind_0105,Kotak Mahindra Bank,upi,129.78,captured,,0,1
pay_northwind_0106,India Post Payments Bank Limited,upi,172.7,failed,psp_app_not_supported,0,1
pay_northwind_0107,Union Bank of India,upi,427.11,captured,,3,18
pay_northwind_0108,Axis Bank Ltd.,upi,3157.2,captured,,4,5
pay_northwind_0109,State Bank of India,upi,1228.05,failed,payment_pending_approval,23,3
pay_northwind_0110,State Bank of India,upi,179.19,captured,,4,16
pay_northwind_0111,Indian Overseas Bank,upi,172.31,captured,,23,13
pay_northwind_0112,State Bank of India,upi,855.79,captured,,16,27
pay_northwind_0113,Axis Bank Ltd.,upi,471.43,captured,,0,16
pay_northwind_0114,Axis Bank Ltd.,upi,4319.3,captured,,10,28
pay_northwind_0115,State Bank of India,upi,292.85,captured,,22,22
pay_northwind_0116,Indusind Bank Ltd.,upi,18.03,failed,authorisation_declined_by_psp,5,27
pay_northwind_0117,Central Bank of India,upi,742.56,captured,,4,8
pay_northwind_0118,State Bank of India,upi,22282.68,captured,,4,4
pay_northwind_0119,State Bank of India,netbanking,778.38,captured,,10,5
pay_northwind_0120,Axis Bank Ltd.,upi,940.73,captured,,23,22
pay_northwind_0121,Bank of Baroda,upi,178.78,captured,,23,14
pay_northwind_0122,State Bank of India,upi,470.67,captured,,18,7
pay_northwind_0123,HDFC Bank Ltd.,card,618.16,captured,,2,22
pay_northwind_0124,Bank Of India,upi,2671.51,captured,,3,22
pay_northwind_0125,HDFC Bank Ltd.,netbanking,2222.54,captured,,16,10
pay_northwind_0126,HDFC Bank Ltd.,upi,419.41,captured,,1,22
pay_northwind_0127,Canara Bank,upi,318.21,captured,,0,28
pay_northwind_0128,State Bank of India,upi,694.43,captured,,2,28
pay_northwind_0129,Union Bank of India,upi,167.03,captured,,4,17
pay_northwind_0130,Federal Bank Ltd.,upi,64.16,captured,,9,3
pay_northwind_0131,State Bank of India,upi,54.29,captured,,0,27
pay_northwind_0132,Fino Payments Bank Ltd.,upi,848.45,captured,,14,11
pay_northwind_0133,Punjab National Bank,upi,823.82,captured,,1,24
pay_northwind_0134,HDFC Bank Ltd.,upi,35.56,captured,,0,14
pay_northwind_0135,Fino Payments Bank Ltd.,upi,281.6,captured,,0,19
pay_northwind_0136,Indian Overseas Bank,upi,386.13,captured,,22,4
pay_northwind_0137,State Bank of India,upi,516.69,captured,,23,27
pay_northwind_0138,State Bank of India,upi,598.92,captured,,14,28
pay_northwind_0139,ICICI Bank Ltd.,upi,586.26,captured,,2,4
pay_northwind_0140,State Bank of India,upi,743.75,captured,,5,15
pay_northwind_0141,State Bank of India,upi,762.74,captured,,12,9
pay_northwind_0142,India Post Payments Bank Limited,upi,572.65,captured,,3,15
pay_northwind_0143,Central Bank of India,upi,3769.91,captured,,2,22
pay_northwind_0144,Axis Bank Ltd.,upi,940.53,captured,,13,27
pay_northwind_0145,State Bank of India,card,522.99,captured,,3,5
pay_northwind_0146,Bank of Baroda,upi,973.94,captured,,0,26
pay_northwind_0147,Kotak Mahindra Bank,card,465.63,failed,transaction_frequency_limit_exceeded,3,23
pay_northwind_0148,Indusind Bank Ltd.,upi,937.27,failed,payment_pending_approval,0,4
pay_northwind_0149,Kotak Mahindra Bank,upi,21.99,captured,,4,14
pay_northwind_0150,Kotak Mahindra Bank,upi,589.78,captured,,5,20
pay_northwind_0151,State Bank of India,upi,19.46,captured,,8,6
pay_northwind_0152,Indian Bank,upi,944.29,captured,,4,13
pay_northwind_0153,HDFC Bank Ltd.,upi,507.82,captured,,23,1
pay_northwind_0154,ICICI Bank Ltd.,upi,993.29,captured,,1,13
pay_northwind_0155,Airtel Payments Bank Limited,upi,4548.75,captured,,5,22
pay_northwind_0156,State Bank of India,upi,3816.17,captured,,19,10
pay_northwind_0157,Canara Bank,upi,667.98,captured,,5,25
pay_northwind_0158,State Bank of India,upi,840.81,captured,,4,28
pay_northwind_0159,Bank of Maharashtra,upi,135.49,captured,,23,6
pay_northwind_0160,India Post Payments Bank Limited,upi,4899.22,failed,insufficient_funds,5,16
pay_northwind_0161,Bank Of India,upi,542.46,captured,,2,16
pay_northwind_0162,Union Bank of India,upi,657.15,captured,,13,2
pay_northwind_0163,Axis Bank Ltd.,netbanking,629.15,captured,,1,3
pay_northwind_0164,State Bank of India,upi,142.54,captured,,23,14
pay_northwind_0165,Axis Bank Ltd.,upi,184.62,captured,,2,18
pay_northwind_0166,Kotak Mahindra Bank,upi,863.6,captured,,4,26
pay_northwind_0167,Federal Bank Ltd.,upi,74.33,captured,,1,16
pay_northwind_0168,Bank of Baroda,upi,115.38,captured,,5,26
pay_northwind_0169,State Bank of India,upi,674.91,captured,,23,6
pay_northwind_0170,Union Bank of India,card,234.93,captured,,2,26
pay_northwind_0171,State Bank of India,upi,994.19,failed,otp_expired,20,4
pay_northwind_0172,Central Bank of India,upi,1598.59,failed,order_already_paid,0,10
pay_northwind_0173,HDFC Bank Ltd.,upi,300.76,captured,,12,20
pay_northwind_0174,State Bank of India,card,739.8,captured,,23,22
pay_northwind_0175,State Bank of India,upi,4807.35,captured,,5,8
pay_northwind_0176,State Bank of India,upi,396.31,captured,,23,27
pay_northwind_0177,Bank Of India,upi,62.76,captured,,4,7
pay_northwind_0178,Axis Bank Ltd.,upi,43.21,captured,,3,24
pay_northwind_0179,Bank Of India,upi,798.95,captured,,8,19
pay_northwind_0180,Indian Overseas Bank,upi,420.25,failed,bank_technical_error,3,4
pay_northwind_0181,State Bank of India,upi,467.2,captured,,2,25
pay_northwind_0182,Bank Of India,upi,667.0,captured,,23,26
pay_northwind_0183,Airtel Payments Bank Limited,card,771.49,captured,,5,3
pay_northwind_0184,Canara Bank,upi,185.19,captured,,23,7
pay_northwind_0185,Punjab National Bank,card,730.07,captured,,21,3
pay_northwind_0186,Axis Bank Ltd.,upi,71.69,captured,,5,19
pay_northwind_0187,Indusind Bank Ltd.,upi,600.08,failed,transaction_frequency_limit_exceeded,1,3
pay_northwind_0188,Airtel Payments Bank Limited,upi,794.2,failed,transaction_frequency_limit_exceeded,8,17
pay_northwind_0189,State Bank of India,card,824.89,captured,,4,16
pay_northwind_0190,Bank of Baroda,upi,733.39,captured,,3,20
pay_northwind_0191,Bank Of India,upi,47.17,failed,payment_collect_request_expired,2,20
pay_northwind_0192,Federal Bank Ltd.,upi,850.61,captured,,2,27
pay_northwind_0193,Axis Bank Ltd.,card,84.21,captured,,5,9
pay_northwind_0194,HDFC Bank Ltd.,upi,31.44,captured,,4,11
pay_northwind_0195,Kotak Mahindra Bank,upi,549.5,captured,,5,8
pay_northwind_0196,India Post Payments Bank Limited,upi,996.57,captured,,0,27
pay_northwind_0197,Bank Of India,upi,589.73,failed,payment_pending_approval,17,24
pay_northwind_0198,Bank of Baroda,upi,2299.81,captured,,3,28
pay_northwind_0199,State Bank of India,upi,909.18,captured,,3,28
pay_northwind_0200,ICICI Bank Ltd.,upi,68.39,captured,,11,7
pay_northwind_0201,Canara Bank,card,277.93,captured,,19,10
pay_northwind_0202,State Bank of India,upi,20982.53,captured,,23,16
pay_northwind_0203,India Post Payments Bank Limited,upi,32.11,captured,,0,15
pay_northwind_0204,Indian Bank,upi,304.0,captured,,20,3
pay_northwind_0205,Kotak Mahindra Bank,netbanking,1277.1,captured,,23,16
pay_northwind_0206,Punjab National Bank,upi,52.25,captured,,12,2
pay_northwind_0207,Bank of Baroda,upi,69.68,captured,,1,26
pay_northwind_0208,Kotak Mahindra Bank,upi,1131.22,captured,,23,5
pay_northwind_0209,HDFC Bank Ltd.,upi,154.6,failed,payment_collect_request_expired,2,1
pay_northwind_0210,ICICI Bank Ltd.,card,2876.36,captured,,2,5
pay_northwind_0211,State Bank of India,upi,4910.69,failed,invalid_order_id,22,13
pay_northwind_0212,State Bank of India,upi,740.19,failed,collect_request_pending,1,3
pay_northwind_0213,HDFC Bank Ltd.,upi,315.24,failed,invalid_mobile_number,0,4
pay_northwind_0214,India Post Payments Bank Limited,upi,407.4,captured,,2,28
pay_northwind_0215,State Bank of India,upi,57.78,captured,,0,4
pay_northwind_0216,State Bank of India,upi,70.46,captured,,2,25
pay_northwind_0217,HDFC Bank Ltd.,upi,425.46,captured,,2,22
pay_northwind_0218,Canara Bank,upi,3439.51,captured,,23,27
pay_northwind_0219,Canara Bank,upi,799.29,captured,,23,18
pay_northwind_0220,HDFC Bank Ltd.,upi,346.97,captured,,17,11
pay_northwind_0221,UCO Bank,upi,427.35,captured,,4,16
pay_northwind_0222,Axis Bank Ltd.,upi,116.21,captured,,2,25
pay_northwind_0223,Federal Bank Ltd.,card,340.83,captured,,23,21
pay_northwind_0224,Union Bank of India,upi,715.34,captured,,0,24
pay_northwind_0225,State Bank of India,netbanking,182.38,captured,,5,8
pay_northwind_0226,State Bank of India,upi,3447.34,captured,,23,16
pay_northwind_0227,Indian Overseas Bank,upi,479.63,captured,,4,7
pay_northwind_0228,Canara Bank,upi,439.69,captured,,4,1
pay_northwind_0229,State Bank of India,upi,3690.8,captured,,4,21
pay_northwind_0230,State Bank of India,upi,6.35,captured,,2,21
pay_northwind_0231,Canara Bank,upi,109.16,failed,payment_declined,11,15
pay_northwind_0232,HDFC Bank Ltd.,upi,489.02,captured,,23,3
pay_northwind_0233,State Bank of India,upi,433.33,failed,payment_declined,10,18
pay_northwind_0234,India Post Payments Bank Limited,upi,880.0,captured,,5,1
pay_northwind_0235,HDFC Bank Ltd.,upi,912.26,captured,,21,23
pay_northwind_0236,State Bank of India,upi,128.24,captured,,5,21
pay_northwind_0237,State Bank of India,upi,526.38,captured,,11,13
pay_northwind_0238,Airtel Payments Bank Limited,upi,792.91,captured,,20,14
pay_northwind_0239,Bank Of India,upi,11.63,captured,,1,12
pay_northwind_0240,HDFC Bank Ltd.,upi,592.35,captured,,0,19
pay_northwind_0241,Bank Of India,upi,219.1,captured,,1,17
pay_northwind_0242,UCO Bank,upi,14.53,captured,,0,12
pay_northwind_0243,Axis Bank Ltd.,upi,924.37,captured,,23,22
pay_northwind_0244,Axis Bank Ltd.,upi,50.62,captured,,2,3
pay_northwind_0245,Bank of Maharashtra,upi,349.84,captured,,19,22
pay_northwind_0246,Axis Bank Ltd.,upi,102.12,captured,,0,14
pay_northwind_0247,India Post Payments Bank Limited,upi,323.8,captured,,22,22
pay_northwind_0248,Indian Overseas Bank,upi,903.64,captured,,23,11
pay_northwind_0249,State Bank of India,upi,49.72,captured,,4,9
pay_northwind_0250,Indian Bank,upi,243.73,captured,,17,15
pay_northwind_0251,Punjab National Bank,upi,105.55,captured,,1,22
pay_northwind_0252,State Bank of India,upi,59.61,captured,,5,16
pay_northwind_0253,State Bank of India,upi,980.27,captured,,3,20
pay_northwind_0254,State Bank of India,upi,169.22,captured,,5,4
pay_northwind_0255,Axis Bank Ltd.,card,969.25,captured,,4,8
pay_northwind_0256,HDFC Bank Ltd.,upi,235.65,captured,,23,6
pay_northwind_0257,Bank of Baroda,upi,909.74,captured,,0,1
pay_northwind_0258,State Bank of India,upi,134.45,captured,,4,23
pay_northwind_0259,State Bank of India,upi,124.38,captured,,4,26
pay_northwind_0260,Bank Of India,upi,159.51,captured,,5,22
pay_northwind_0261,Kotak Mahindra Bank,upi,34.72,captured,,1,9
pay_northwind_0262,HDFC Bank Ltd.,upi,163.68,captured,,21,28
pay_northwind_0263,State Bank of India,upi,143.47,captured,,23,8
pay_northwind_0264,State Bank of India,card,2783.31,failed,transaction_daily_count_exceeded,0,28
pay_northwind_0265,ICICI Bank Ltd.,upi,102.06,captured,,23,5
pay_northwind_0266,State Bank of India,upi,526.91,captured,,23,27
pay_northwind_0267,State Bank of India,upi,716.69,captured,,7,24
pay_northwind_0268,Punjab National Bank,upi,232.08,captured,,3,20
pay_northwind_0269,Punjab National Bank,upi,175.92,failed,credit_limit_exceeded,3,14
pay_northwind_0270,UCO Bank,upi,72.9,captured,,22,22
pay_northwind_0271,Bank of Maharashtra,upi,654.04,captured,,1,23
pay_northwind_0272,Axis Bank Ltd.,upi,115.12,captured,,8,19
pay_northwind_0273,Bank of Baroda,upi,927.85,captured,,17,25
pay_northwind_0274,State Bank of India,upi,389.08,captured,,1,13
pay_northwind_0275,Airtel Payments Bank Limited,upi,188.84,captured,,2,6
pay_northwind_0276,Central Bank of India,upi,510.12,captured,,13,4
pay_northwind_0277,Indian Overseas Bank,upi,341.22,captured,,3,4
pay_northwind_0278,Axis Bank Ltd.,upi,1470.22,failed,payment_session_expired,3,11
pay_northwind_0279,State Bank of India,upi,556.52,captured,,2,9
pay_northwind_0280,State Bank of India,upi,1491.01,captured,,2,10
pay_northwind_0281,HDFC Bank Ltd.,upi,507.93,captured,,4,5
pay_northwind_0282,State Bank of India,upi,1713.24,captured,,0,4
pay_northwind_0283,HDFC Bank Ltd.,netbanking,2225.04,captured,,3,2
pay_northwind_0284,State Bank of India,upi,82.85,captured,,20,28
pay_northwind_0285,Kotak Mahindra Bank,card,117.51,captured,,4,22
pay_northwind_0286,State Bank of India,upi,195.27,captured,,5,1
pay_northwind_0287,State Bank of India,upi,168.28,captured,,2,22
pay_northwind_0288,State Bank of India,upi,190.97,captured,,4,17
pay_northwind_0289,State Bank of India,upi,67.62,captured,,8,21
pay_northwind_0290,State Bank of India,card,2808.07,captured,,5,8
pay_northwind_0291,Kotak Mahindra Bank,upi,63.26,failed,transaction_daily_limit_exceeded,0,15
pay_northwind_0292,Bank Of India,upi,16.09,captured,,23,27
pay_northwind_0293,State Bank of India,upi,660.49,captured,,4,2
pay_northwind_0294,HDFC Bank Ltd.,upi,501.34,captured,,3,3
pay_northwind_0295,State Bank of India,upi,812.73,captured,,19,24
pay_northwind_0296,State Bank of India,upi,844.33,captured,,23,12
pay_northwind_0297,Kotak Mahindra Bank,upi,109.73,captured,,5,17
pay_northwind_0298,Indusind Bank Ltd.,upi,416.76,captured,,6,26
pay_northwind_0299,Central Bank of India,upi,800.7,failed,otp_attempts_exceeded,3,25
pay_northwind_0300,State Bank of India,upi,2470.22,captured,,3,18
pay_northwind_0301,India Post Payments Bank Limited,upi,439.99,captured,,23,12
pay_northwind_0302,Bank of Baroda,upi,182.18,captured,,0,17
pay_northwind_0303,Central Bank of India,upi,518.11,captured,,2,22
pay_northwind_0304,Kotak Mahindra Bank,upi,459.14,captured,,1,14
pay_northwind_0305,Federal Bank Ltd.,upi,189.56,captured,,2,28
pay_northwind_0306,Bank of Baroda,upi,107.1,captured,,2,19
pay_northwind_0307,State Bank of India,upi,240.56,captured,,2,5
pay_northwind_0308,Bank Of India,upi,734.52,captured,,18,3
pay_northwind_0309,Union Bank of India,upi,165.02,captured,,23,15
pay_northwind_0310,Indian Bank,upi,473.93,captured,,21,21
pay_northwind_0311,State Bank of India,upi,423.29,captured,,4,3
pay_northwind_0312,State Bank of India,upi,4973.87,captured,,1,3
pay_northwind_0313,State Bank of India,upi,769.1,captured,,1,12
pay_northwind_0314,Bank of Baroda,upi,333.09,failed,collect_request_pending,4,17
pay_northwind_0315,State Bank of India,netbanking,485.3,captured,,12,11
pay_northwind_0316,State Bank of India,upi,4877.76,failed,payment_declined,5,16
pay_northwind_0317,Union Bank of India,upi,791.74,captured,,13,1
pay_northwind_0318,State Bank of India,upi,861.86,captured,,8,24
pay_northwind_0319,Union Bank of India,upi,927.22,captured,,1,20
pay_northwind_0320,Fino Payments Bank Ltd.,upi,812.59,failed,payment_method_not_enabled,1,28
pay_northwind_0321,Union Bank of India,upi,129.38,captured,,0,27
pay_northwind_0322,Axis Bank Ltd.,upi,53.89,captured,,0,19
pay_northwind_0323,Kotak Mahindra Bank,upi,186.51,captured,,3,14
pay_northwind_0324,State Bank of India,upi,141.59,captured,,5,16
pay_northwind_0325,State Bank of India,card,21.37,captured,,0,7
pay_northwind_0326,Indian Bank,upi,438.66,captured,,4,28
pay_northwind_0327,State Bank of India,upi,202.63,captured,,1,25
pay_northwind_0328,Bank Of India,netbanking,818.02,captured,,0,6
pay_northwind_0329,Canara Bank,upi,320.25,captured,,21,11
pay_northwind_0330,State Bank of India,upi,992.7,captured,,23,18
pay_northwind_0331,Axis Bank Ltd.,upi,52.64,captured,,13,15
pay_northwind_0332,State Bank of India,upi,2646.27,captured,,2,21
pay_northwind_0333,Kotak Mahindra Bank,upi,293.34,captured,,2,15
pay_northwind_0334,Central Bank of India,upi,91.18,captured,,17,13
pay_northwind_0335,State Bank of India,upi,2735.46,captured,,23,22
pay_northwind_0336,HDFC Bank Ltd.,upi,4601.51,failed,collect_request_pending,3,16
pay_northwind_0337,Canara Bank,upi,882.94,captured,,3,15
pay_northwind_0338,State Bank of India,card,263.86,captured,,4,4
pay_northwind_0339,State Bank of India,upi,582.21,failed,authentication_failed,3,20
pay_northwind_0340,Central Bank of India,upi,442.78,captured,,0,12
pay_northwind_0341,State Bank of India,upi,641.01,captured,,0,25
pay_northwind_0342,ICICI Bank Ltd.,upi,56.55,captured,,15,7
pay_northwind_0343,State Bank of India,upi,24.3,captured,,23,17
pay_northwind_0344,State Bank of India,upi,352.97,captured,,6,22
pay_northwind_0345,Bank of Baroda,upi,128.01,captured,,1,5
pay_northwind_0346,ICICI Bank Ltd.,upi,3522.65,captured,,23,20
pay_northwind_0347,Indian Bank,upi,301.27,captured,,2,16
pay_northwind_0348,Bank of Baroda,upi,3324.53,captured,,6,15
pay_northwind_0349,Canara Bank,upi,767.32,captured,,23,1
pay_northwind_0350,ICICI Bank Ltd.,upi,702.96,captured,,12,23
pay_northwind_0351,Indian Overseas Bank,card,732.52,captured,,4,22
pay_northwind_0352,Indian Bank,upi,65.98,captured,,10,2
pay_northwind_0353,ICICI Bank Ltd.,upi,232.37,captured,,2,4
pay_northwind_0354,State Bank of India,upi,581.28,captured,,5,2
pay_northwind_0355,Canara Bank,upi,41.6,captured,,1,14
pay_northwind_0356,Axis Bank Ltd.,upi,596.07,captured,,3,28
pay_northwind_0357,Canara Bank,upi,1270.41,captured,,4,26
pay_northwind_0358,HDFC Bank Ltd.,upi,904.81,captured,,1,6
pay_northwind_0359,State Bank of India,upi,939.07,captured,,17,17
pay_northwind_0360,Kotak Mahindra Bank,upi,45.52,captured,,4,28
pay_northwind_0361,State Bank of India,upi,2325.12,captured,,3,24
pay_northwind_0362,India Post Payments Bank Limited,upi,930.17,failed,debit_declined,0,10
pay_northwind_0363,HDFC Bank Ltd.,upi,900.18,captured,,23,9
pay_northwind_0364,Bank Of India,upi,755.08,captured,,20,1
pay_northwind_0365,Canara Bank,upi,170.95,captured,,3,17
pay_northwind_0366,Union Bank of India,upi,303.47,captured,,1,27
pay_northwind_0367,Axis Bank Ltd.,upi,2765.75,captured,,0,14
pay_northwind_0368,Federal Bank Ltd.,upi,883.7,captured,,6,4
pay_northwind_0369,State Bank of India,upi,291.04,captured,,15,1
pay_northwind_0370,HDFC Bank Ltd.,upi,590.9,captured,,22,21
pay_northwind_0371,Indusind Bank Ltd.,upi,184.38,captured,,4,15
pay_northwind_0372,Indusind Bank Ltd.,upi,201.28,captured,,5,12
pay_northwind_0373,Union Bank of India,upi,180.03,captured,,2,13
pay_northwind_0374,State Bank of India,upi,718.86,failed,invalid_user_details,5,22
pay_northwind_0375,Kotak Mahindra Bank,upi,27.06,captured,,23,28
pay_northwind_0376,State Bank of India,upi,992.99,captured,,4,5
pay_northwind_0377,HDFC Bank Ltd.,upi,1354.42,failed,otp_expired,3,16
pay_northwind_0378,State Bank of India,upi,87.37,captured,,4,22
pay_northwind_0379,Central Bank of India,upi,731.81,captured,,1,4
pay_northwind_0380,ICICI Bank Ltd.,upi,186.58,captured,,15,22
pay_northwind_0381,Canara Bank,upi,382.49,captured,,23,27
pay_northwind_0382,Indian Bank,upi,43.26,captured,,4,22
pay_northwind_0383,Bank of Baroda,upi,1391.77,captured,,12,3
pay_northwind_0384,Kotak Mahindra Bank,upi,798.69,captured,,0,14
pay_northwind_0385,Canara Bank,upi,3864.7,captured,,0,13
pay_northwind_0386,HDFC Bank Ltd.,upi,240.4,captured,,0,26
pay_northwind_0387,State Bank of India,upi,617.21,captured,,16,9
pay_northwind_0388,State Bank of India,upi,2285.51,captured,,4,26
pay_northwind_0389,Indian Overseas Bank,upi,173.21,captured,,23,3
pay_northwind_0390,ICICI Bank Ltd.,upi,171.15,captured,,2,26
pay_northwind_0391,Bank of Baroda,upi,750.5,captured,,3,16
pay_northwind_0392,State Bank of India,upi,396.75,failed,credit_limit_exceeded,23,11
pay_northwind_0393,Central Bank of India,card,189.57,captured,,13,9
pay_northwind_0394,Fino Payments Bank Ltd.,upi,216.47,failed,payment_cancelled,1,3
pay_northwind_0395,State Bank of India,upi,4603.52,captured,,23,18
pay_northwind_0396,ICICI Bank Ltd.,upi,34.91,captured,,0,28
pay_northwind_0397,State Bank of India,upi,71.91,captured,,0,4
pay_northwind_0398,Indusind Bank Ltd.,upi,929.42,captured,,18,18
pay_northwind_0399,Axis Bank Ltd.,upi,806.76,captured,,1,20
pay_northwind_0400,Federal Bank Ltd.,upi,939.86,captured,,1,21
pay_northwind_0401,State Bank of India,upi,2373.81,captured,,17,10
pay_northwind_0402,UCO Bank,upi,866.4,captured,,6,4
pay_northwind_0403,Canara Bank,card,35.37,captured,,0,16
pay_northwind_0404,Canara Bank,upi,250.12,captured,,1,4
pay_northwind_0405,Punjab National Bank,upi,964.53,failed,debit_declined,3,11
pay_northwind_0406,Canara Bank,upi,846.37,captured,,1,23
pay_northwind_0407,Airtel Payments Bank Limited,upi,178.83,captured,,3,1
pay_northwind_0408,Union Bank of India,upi,935.01,captured,,23,9
pay_northwind_0409,Canara Bank,upi,3488.48,failed,mobile_number_invalid,2,5
pay_northwind_0410,HDFC Bank Ltd.,upi,750.16,captured,,2,2
pay_northwind_0411,Canara Bank,upi,686.41,captured,,23,14
pay_northwind_0412,HDFC Bank Ltd.,netbanking,340.25,failed,transaction_limit_exceeded,3,11
pay_northwind_0413,State Bank of India,upi,819.41,captured,,3,25
pay_northwind_0414,Punjab National Bank,card,117.87,failed,payment_declined,12,18
pay_northwind_0415,Canara Bank,upi,254.61,captured,,20,7
pay_northwind_0416,Punjab National Bank,upi,293.79,captured,,23,13
pay_northwind_0417,Kotak Mahindra Bank,upi,261.78,captured,,2,6
pay_northwind_0418,Indian Bank,upi,468.72,captured,,22,24
pay_northwind_0419,Bank of Maharashtra,upi,90.69,captured,,23,2
pay_northwind_0420,India Post Payments Bank Limited,upi,429.03,failed,debit_declined,0,2
pay_northwind_0421,Bank of Baroda,upi,424.14,failed,order_already_paid,4,9
pay_northwind_0422,ICICI Bank Ltd.,upi,110.64,captured,,2,21
pay_northwind_0423,State Bank of India,upi,4078.11,captured,,5,7
pay_northwind_0424,State Bank of India,upi,338.04,captured,,0,10
pay_northwind_0425,Kotak Mahindra Bank,card,624.99,captured,,11,2
pay_northwind_0426,Kotak Mahindra Bank,upi,37.58,captured,,1,22
pay_northwind_0427,State Bank of India,upi,369.04,captured,,16,17
pay_northwind_0428,Bank of Baroda,upi,21842.28,failed,payment_collect_request_expired,2,4
pay_northwind_0429,State Bank of India,upi,260.89,captured,,1,24
pay_northwind_0430,Canara Bank,upi,413.38,captured,,0,12
pay_northwind_0431,ICICI Bank Ltd.,upi,54.01,captured,,0,26
pay_northwind_0432,State Bank of India,upi,878.45,captured,,18,16
pay_northwind_0433,Indian Overseas Bank,card,870.58,captured,,3,15
pay_northwind_0434,ICICI Bank Ltd.,upi,540.5,captured,,13,16
pay_northwind_0435,Indian Bank,upi,432.65,captured,,3,3
pay_northwind_0436,Bank of Baroda,upi,330.59,captured,,1,10
pay_northwind_0437,HDFC Bank Ltd.,upi,164.91,captured,,12,22
pay_northwind_0438,Bank of Baroda,upi,66.81,captured,,1,12
pay_northwind_0439,State Bank of India,upi,671.17,captured,,2,10
pay_northwind_0440,Kotak Mahindra Bank,upi,3479.63,captured,,3,18
pay_northwind_0441,Bank Of India,card,354.75,failed,transaction_limit_exceeded,2,7
pay_northwind_0442,India Post Payments Bank Limited,card,755.48,failed,mobile_number_invalid,7,6
pay_northwind_0443,Axis Bank Ltd.,upi,324.03,failed,collect_request_pending,4,1
pay_northwind_0444,State Bank of India,netbanking,937.89,captured,,2,24
pay_northwind_0445,State Bank of India,upi,278.09,captured,,0,26
pay_northwind_0446,State Bank of India,upi,241.89,captured,,1,26
pay_northwind_0447,State Bank of India,upi,162.47,captured,,4,6
pay_northwind_0448,State Bank of India,upi,967.34,failed,debit_declined,5,27
pay_northwind_0449,HDFC Bank Ltd.,upi,51.64,captured,,23,17
pay_northwind_0450,Federal Bank Ltd.,upi,754.28,captured,,4,8
pay_northwind_0451,Fino Payments Bank Ltd.,upi,4771.18,captured,,23,6
pay_northwind_0452,HDFC Bank Ltd.,upi,255.93,captured,,2,16
pay_northwind_0453,Indian Bank,upi,190.52,captured,,23,8
pay_northwind_0454,Airtel Payments Bank Limited,upi,1854.5,failed,invalid_currency,0,25
pay_northwind_0455,State Bank of India,upi,438.36,captured,,0,6
pay_northwind_0456,HDFC Bank Ltd.,upi,470.53,captured,,1,28
pay_northwind_0457,State Bank of India,card,666.82,captured,,5,5
pay_northwind_0458,State Bank of India,upi,730.5,captured,,20,14
pay_northwind_0459,Indian Overseas Bank,upi,71.96,captured,,5,18
pay_northwind_0460,State Bank of India,upi,118.54,captured,,2,1
pay_northwind_0461,Indian Overseas Bank,upi,452.31,captured,,22,17
pay_northwind_0462,Kotak Mahindra Bank,upi,608.68,captured,,21,18
pay_northwind_0463,India Post Payments Bank Limited,upi,498.62,captured,,1,18
pay_northwind_0464,State Bank of India,upi,503.28,captured,,2,28
pay_northwind_0465,State Bank of India,upi,555.25,captured,,0,21
pay_northwind_0466,Kotak Mahindra Bank,upi,888.38,captured,,4,22
pay_northwind_0467,State Bank of India,card,108.12,captured,,1,10
pay_northwind_0468,State Bank of India,card,624.59,captured,,5,9
pay_northwind_0469,Central Bank of India,upi,4690.25,captured,,23,13
pay_northwind_0470,Axis Bank Ltd.,upi,995.88,captured,,3,23
pay_northwind_0471,Indian Bank,upi,408.19,captured,,2,14
pay_northwind_0472,State Bank of India,upi,459.2,failed,payment_pending,23,7
pay_northwind_0473,Bank of Baroda,upi,3690.53,captured,,0,27
pay_northwind_0474,State Bank of India,upi,443.06,captured,,2,15
pay_northwind_0475,Bank Of India,upi,946.89,captured,,1,3
pay_northwind_0476,Indian Overseas Bank,upi,723.83,captured,,0,3
pay_northwind_0477,Axis Bank Ltd.,upi,803.54,captured,,2,9
pay_northwind_0478,State Bank of India,upi,111.55,captured,,19,17
pay_northwind_0479,State Bank of India,upi,720.94,captured,,11,14
pay_northwind_0480,HDFC Bank Ltd.,upi,265.44,captured,,2,23
pay_northwind_0481,Punjab National Bank,upi,1993.76,failed,transaction_daily_count_exceeded,3,26
pay_northwind_0482,Union Bank of India,upi,802.07,captured,,23,14
pay_northwind_0483,Airtel Payments Bank Limited,upi,15546.11,captured,,22,1
pay_northwind_0484,Kotak Mahindra Bank,upi,355.15,captured,,4,19
pay_northwind_0485,Bank of Baroda,upi,450.66,captured,,17,17
pay_northwind_0486,State Bank of India,upi,8.09,captured,,4,17
pay_northwind_0487,HDFC Bank Ltd.,upi,633.01,captured,,5,26
pay_northwind_0488,Punjab National Bank,upi,883.87,captured,,2,25
pay_northwind_0489,Canara Bank,upi,145.94,captured,,5,6
pay_northwind_0490,Bank of Baroda,upi,219.67,failed,incorrect_otp,12,21
pay_northwind_0491,Union Bank of India,upi,954.95,captured,,5,16
pay_northwind_0492,Axis Bank Ltd.,upi,94.09,captured,,12,20
pay_northwind_0493,Indian Overseas Bank,upi,189.1,failed,mismatch_in_transaction_details,4,20
pay_northwind_0494,Union Bank of India,netbanking,146.08,captured,,17,20
pay_northwind_0495,Union Bank of India,upi,519.71,captured,,2,15
pay_northwind_0496,Axis Bank Ltd.,upi,475.86,captured,,2,19
pay_northwind_0497,Axis Bank Ltd.,upi,189.75,captured,,1,18
pay_northwind_0498,Bank of Maharashtra,upi,346.62,captured,,3,14
pay_northwind_0499,Bank of Maharashtra,upi,735.17,failed,payment_pending,0,25
pay_northwind_0500,Canara Bank,upi,47.36,captured,,4,12
pay_northwind_0501,Bank of Baroda,upi,106.54,captured,,23,6
pay_northwind_0502,HDFC Bank Ltd.,upi,43.19,captured,,2,6
pay_northwind_0503,Bank of Baroda,upi,4119.19,captured,,4,27
pay_northwind_0504,State Bank of India,card,421.76,failed,invalid_response_from_gateway,1,1
pay_northwind_0505,State Bank of India,upi,322.6,captured,,3,7
pay_northwind_0506,Kotak Mahindra Bank,upi,815.8,captured,,9,5
pay_northwind_0507,Indian Overseas Bank,upi,164.95,captured,,20,11
pay_northwind_0508,ICICI Bank Ltd.,upi,58.4,captured,,3,11
pay_northwind_0509,State Bank of India,upi,947.51,captured,,11,1
pay_northwind_0510,Federal Bank Ltd.,upi,1740.14,captured,,1,2
pay_northwind_0511,UCO Bank,upi,4971.83,failed,transaction_limit_exceeded,23,1
pay_northwind_0512,Kotak Mahindra Bank,upi,105.79,captured,,0,19
pay_northwind_0513,State Bank of India,upi,650.9,captured,,3,12
pay_northwind_0514,Fino Payments Bank Ltd.,upi,859.77,captured,,3,8
pay_northwind_0515,State Bank of India,upi,873.3,captured,,4,26
pay_northwind_0516,Bank Of India,upi,26.29,captured,,1,1
pay_northwind_0517,ICICI Bank Ltd.,card,3226.46,captured,,20,7
pay_northwind_0518,State Bank of India,upi,3798.64,captured,,0,3
pay_northwind_0519,ICICI Bank Ltd.,upi,1986.32,captured,,5,24
pay_northwind_0520,Indian Bank,upi,706.94,captured,,3,24
pay_northwind_0521,Bank of Baroda,upi,139.96,captured,,0,15
pay_northwind_0522,Kotak Mahindra Bank,upi,964.52,captured,,23,24
pay_northwind_0523,Bank of Baroda,upi,731.44,captured,,2,15
pay_northwind_0524,State Bank of India,upi,80.66,captured,,2,26
pay_northwind_0525,Axis Bank Ltd.,upi,50.05,captured,,0,19
pay_northwind_0526,Bank Of India,upi,266.94,captured,,4,11
pay_northwind_0527,Kotak Mahindra Bank,upi,450.01,captured,,23,3
pay_northwind_0528,HDFC Bank Ltd.,upi,27.51,captured,,13,11
pay_northwind_0529,State Bank of India,upi,612.41,captured,,2,8
pay_northwind_0530,State Bank of India,upi,416.78,captured,,2,5
pay_northwind_0531,State Bank of India,upi,11.75,captured,,1,13
pay_northwind_0532,State Bank of India,upi,70.53,captured,,0,3
pay_northwind_0533,India Post Payments Bank Limited,upi,34.1,failed,mobile_number_invalid,4,27
pay_northwind_0534,Bank of Baroda,upi,19.81,captured,,23,24
pay_northwind_0535,State Bank of India,upi,503.75,captured,,4,24
pay_northwind_0536,State Bank of India,upi,4157.79,captured,,0,12
pay_northwind_0537,Indian Overseas Bank,netbanking,530.89,captured,,5,9
pay_northwind_0538,Axis Bank Ltd.,upi,927.04,captured,,18,9
pay_northwind_0539,Fino Payments Bank Ltd.,upi,504.97,failed,credit_limit_exceeded,0,17
pay_northwind_0540,Airtel Payments Bank Limited,upi,1602.65,failed,credit_limit_exceeded,23,9
pay_northwind_0541,Bank of Baroda,upi,723.82,captured,,0,7
pay_northwind_0542,HDFC Bank Ltd.,upi,92.24,captured,,0,27
pay_northwind_0543,Union Bank of India,upi,903.37,captured,,23,21
pay_northwind_0544,Punjab National Bank,card,80.64,captured,,16,25
pay_northwind_0545,State Bank of India,upi,147.17,failed,payment_pending,2,22
pay_northwind_0546,Kotak Mahindra Bank,upi,171.96,captured,,14,26
pay_northwind_0547,Canara Bank,upi,408.62,captured,,5,14
pay_northwind_0548,Indian Bank,upi,112.48,captured,,23,24
pay_northwind_0549,Axis Bank Ltd.,upi,336.52,captured,,5,4
pay_northwind_0550,India Post Payments Bank Limited,upi,909.1,captured,,15,8
pay_northwind_0551,HDFC Bank Ltd.,upi,78.24,captured,,4,22
pay_northwind_0552,Punjab National Bank,upi,523.04,captured,,0,16
pay_northwind_0553,State Bank of India,card,500.77,captured,,2,22
pay_northwind_0554,State Bank of India,upi,101.54,captured,,6,4
pay_northwind_0555,Canara Bank,upi,575.43,failed,invalid_order_id,2,17
pay_northwind_0556,Kotak Mahindra Bank,upi,480.55,failed,transaction_frequency_limit_exceeded,4,5
pay_northwind_0557,Bank of Baroda,upi,473.35,captured,,4,4
pay_northwind_0558,State Bank of India,upi,473.36,captured,,2,1
pay_northwind_0559,Bank of Baroda,upi,2477.61,captured,,13,24
pay_northwind_0560,Kotak Mahindra Bank,upi,897.79,captured,,20,10
pay_northwind_0561,Axis Bank Ltd.,upi,972.47,captured,,23,8
pay_northwind_0562,Punjab National Bank,upi,13947.01,captured,,23,27
pay_northwind_0563,State Bank of India,upi,103.01,captured,,19,14
pay_northwind_0564,Airtel Payments Bank Limited,upi,378.87,captured,,22,2
pay_northwind_0565,State Bank of India,upi,2573.91,captured,,15,15
pay_northwind_0566,State Bank of India,upi,92.61,captured,,1,22
pay_northwind_0567,Fino Payments Bank Ltd.,upi,110.85,captured,,15,6
pay_northwind_0568,Airtel Payments Bank Limited,upi,632.07,captured,,23,1
pay_northwind_0569,State Bank of India,upi,664.6,captured,,1,4
pay_northwind_0570,Punjab National Bank,card,1337.57,captured,,4,25
pay_northwind_0571,UCO Bank,upi,103.45,captured,,2,8
pay_northwind_0572,Bank Of India,card,142.05,captured,,22,6
pay_northwind_0573,ICICI Bank Ltd.,upi,499.88,captured,,0,26
pay_northwind_0574,Bank of Baroda,upi,23.35,captured,,14,22
pay_northwind_0575,Bank of Baroda,upi,46.23,captured,,21,25
pay_northwind_0576,Punjab National Bank,upi,1334.44,captured,,7,24
pay_northwind_0577,Punjab National Bank,upi,859.23,captured,,6,20
pay_northwind_0578,State Bank of India,upi,266.34,captured,,3,28
pay_northwind_0579,Indusind Bank Ltd.,card,386.33,captured,,12,15
pay_northwind_0580,State Bank of India,upi,678.6,captured,,2,13
pay_northwind_0581,State Bank of India,card,228.72,captured,,12,7
pay_northwind_0582,Kotak Mahindra Bank,upi,255.41,captured,,2,12
pay_northwind_0583,Kotak Mahindra Bank,upi,55.09,captured,,4,6
pay_northwind_0584,Fino Payments Bank Ltd.,upi,4269.64,failed,invalid_device,2,24
pay_northwind_0585,State Bank of India,upi,311.67,captured,,4,18
pay_northwind_0586,HDFC Bank Ltd.,upi,97.7,captured,,2,10
pay_northwind_0587,HDFC Bank Ltd.,upi,112.55,captured,,4,22
pay_northwind_0588,Axis Bank Ltd.,upi,4314.88,captured,,23,6
pay_northwind_0589,State Bank of India,netbanking,4495.06,captured,,2,6
pay_northwind_0590,HDFC Bank Ltd.,card,719.99,captured,,4,18
pay_northwind_0591,Kotak Mahindra Bank,upi,187.21,captured,,0,22
pay_northwind_0592,State Bank of India,upi,441.63,failed,payment_collect_request_expired,5,6
pay_northwind_0593,UCO Bank,upi,813.65,failed,collect_request_pending,1,20
pay_northwind_0594,State Bank of India,card,82.18,captured,,20,11
pay_northwind_0595,Indian Bank,upi,127.23,captured,,23,21
pay_northwind_0596,ICICI Bank Ltd.,upi,602.36,captured,,23,15
pay_northwind_0597,State Bank of India,upi,1722.69,failed,payment_declined,5,28
pay_northwind_0598,UCO Bank,upi,645.53,failed,payment_session_expired,2,25
pay_northwind_0599,Union Bank of India,upi,528.63,captured,,0,11
pay_northwind_0600,UCO Bank,upi,162.73,captured,,0,3
pay_northwind_0601,State Bank of India,upi,932.43,captured,,0,19
pay_northwind_0602,Bank of Baroda,upi,28.31,captured,,4,20
pay_northwind_0603,State Bank of India,upi,153.39,failed,invalid_user_details,0,13
pay_northwind_0604,Bank Of India,upi,17.45,failed,transaction_daily_limit_exceeded,5,1
pay_northwind_0605,Bank of Baroda,upi,13.72,captured,,4,25
pay_northwind_0606,State Bank of India,upi,923.43,captured,,2,17
pay_northwind_0607,State Bank of India,upi,171.18,captured,,20,10
pay_northwind_0608,State Bank of India,upi,301.8,captured,,5,3
pay_northwind_0609,Axis Bank Ltd.,upi,135.15,captured,,2,2
pay_northwind_0610,Union Bank of India,upi,835.16,failed,payment_session_expired,2,10
pay_northwind_0611,Union Bank of India,upi,274.8,captured,,3,27
pay_northwind_0612,India Post Payments Bank Limited,upi,4177.78,captured,,3,6
pay_northwind_0613,State Bank of India,upi,1948.87,captured,,2,12
pay_northwind_0614,Kotak Mahindra Bank,upi,126.2,captured,,1,13
pay_northwind_0615,State Bank of India,upi,127.45,captured,,1,7
pay_northwind_0616,State Bank of India,upi,808.48,captured,,2,2
pay_northwind_0617,Airtel Payments Bank Limited,upi,255.05,captured,,3,7
pay_northwind_0618,HDFC Bank Ltd.,upi,136.84,captured,,4,12
pay_northwind_0619,State Bank of India,upi,403.9,captured,,2,1
pay_northwind_0620,Federal Bank Ltd.,upi,235.51,captured,,0,11
pay_northwind_0621,Axis Bank Ltd.,card,992.34,captured,,6,6
pay_northwind_0622,Punjab National Bank,upi,656.72,captured,,16,2
pay_northwind_0623,Bank of Baroda,upi,50.53,captured,,2,22
pay_northwind_0624,Axis Bank Ltd.,upi,952.37,captured,,1,12
pay_northwind_0625,State Bank of India,upi,191.73,captured,,11,21
pay_northwind_0626,State Bank of India,upi,585.17,captured,,9,14
pay_northwind_0627,Kotak Mahindra Bank,upi,636.17,captured,,23,12
pay_northwind_0628,ICICI Bank Ltd.,upi,546.05,captured,,4,27
pay_northwind_0629,Bank of Baroda,upi,188.15,captured,,22,13
pay_northwind_0630,Federal Bank Ltd.,upi,483.05,captured,,23,21
pay_northwind_0631,Bank Of India,card,19.77,captured,,3,18
pay_northwind_0632,Indian Overseas Bank,upi,194.0,captured,,0,13
pay_northwind_0633,Bank of Baroda,netbanking,236.6,captured,,5,25
pay_northwind_0634,Union Bank of India,upi,111.11,captured,,23,26
pay_northwind_0635,State Bank of India,upi,1136.18,captured,,3,2
pay_northwind_0636,HDFC Bank Ltd.,upi,278.3,captured,,21,13
pay_northwind_0637,State Bank of India,upi,257.2,captured,,15,10
pay_northwind_0638,Union Bank of India,netbanking,98.22,captured,,23,9
pay_northwind_0639,Union Bank of India,upi,911.89,captured,,1,12
pay_northwind_0640,Kotak Mahindra Bank,upi,194.4,captured,,1,6
pay_northwind_0641,State Bank of India,upi,260.55,captured,,3,6
pay_northwind_0642,Axis Bank Ltd.,upi,601.53,captured,,1,9
pay_northwind_0643,Airtel Payments Bank Limited,upi,18.21,failed,insufficient_funds,0,1
pay_northwind_0644,Indian Bank,upi,311.73,captured,,4,19
pay_northwind_0645,Indian Bank,upi,997.46,captured,,20,25
pay_northwind_0646,Punjab National Bank,upi,966.93,captured,,0,11
pay_northwind_0647,Indusind Bank Ltd.,upi,188.15,captured,,5,2
pay_northwind_0648,State Bank of India,upi,3174.21,failed,transaction_frequency_limit_exceeded,0,18
pay_northwind_0649,Bank of Maharashtra,upi,189.5,captured,,3,22
pay_northwind_0650,ICICI Bank Ltd.,card,69.1,captured,,0,25
pay_northwind_0651,Bank of Baroda,card,161.03,captured,,2,1
pay_northwind_0652,ICICI Bank Ltd.,upi,974.12,captured,,4,19
pay_northwind_0653,Punjab National Bank,upi,694.4,captured,,2,12
pay_northwind_0654,Bank of Maharashtra,upi,133.44,captured,,3,5
pay_northwind_0655,Indian Bank,upi,4753.74,captured,,8,14
pay_northwind_0656,Union Bank of India,upi,567.57,captured,,3,11
pay_northwind_0657,India Post Payments Bank Limited,upi,261.63,captured,,0,1
pay_northwind_0658,Central Bank of India,upi,439.44,captured,,23,7
pay_northwind_0659,Union Bank of India,upi,47.82,captured,,0,28
pay_northwind_0660,State Bank of India,upi,194.09,captured,,0,22
pay_northwind_0661,State Bank of India,card,980.54,captured,,5,23
pay_northwind_0662,State Bank of India,upi,218.63,failed,otp_attempts_exceeded,23,3
pay_northwind_0663,Central Bank of India,upi,929.41,failed,transaction_daily_limit_exceeded,3,25
pay_northwind_0664,Union Bank of India,upi,144.88,captured,,23,19
pay_northwind_0665,Indian Bank,card,65.13,captured,,0,14
pay_northwind_0666,State Bank of India,upi,423.47,captured,,0,2
pay_northwind_0667,State Bank of India,card,1820.35,captured,,4,9
pay_northwind_0668,State Bank of India,upi,233.4,failed,payment_risk_check_failed,5,16
pay_northwind_0669,Kotak Mahindra Bank,upi,4.48,captured,,14,1
pay_northwind_0670,HDFC Bank Ltd.,upi,142.54,captured,,0,23
pay_northwind_0671,Canara Bank,upi,132.52,captured,,3,28
pay_northwind_0672,Indusind Bank Ltd.,upi,33.44,captured,,5,18
pay_northwind_0673,State Bank of India,upi,51.46,captured,,4,25
pay_northwind_0674,Axis Bank Ltd.,card,583.16,captured,,3,11
pay_northwind_0675,UCO Bank,card,140.0,captured,,0,21
pay_northwind_0676,State Bank of India,upi,678.99,captured,,2,25
pay_northwind_0677,ICICI Bank Ltd.,upi,196.09,failed,insufficient_funds,4,2
pay_northwind_0678,Kotak Mahindra Bank,upi,4201.47,failed,transaction_daily_limit_exceeded,23,12
pay_northwind_0679,Bank of Maharashtra,upi,817.58,captured,,11,19
pay_northwind_0680,Punjab National Bank,upi,968.54,captured,,0,27
pay_northwind_0681,Union Bank of India,upi,911.8,failed,otp_attempts_exceeded,4,23
pay_northwind_0682,Union Bank of India,card,366.09,captured,,5,17
pay_northwind_0683,Indian Bank,upi,613.04,captured,,2,2
pay_northwind_0684,Union Bank of India,upi,14089.04,captured,,15,4
pay_northwind_0685,State Bank of India,upi,776.78,captured,,1,20
pay_northwind_0686,Axis Bank Ltd.,upi,297.97,captured,,5,22
pay_northwind_0687,State Bank of India,upi,2452.08,captured,,5,6
pay_northwind_0688,State Bank of India,upi,515.67,captured,,9,4
pay_northwind_0689,Canara Bank,upi,46.89,failed,bank_account_validation_failed,5,11
pay_northwind_0690,Punjab National Bank,upi,4774.98,captured,,19,19
pay_northwind_0691,HDFC Bank Ltd.,card,992.51,captured,,5,27
pay_northwind_0692,State Bank of India,upi,927.91,failed,incorrect_otp,23,25
pay_northwind_0693,ICICI Bank Ltd.,upi,388.51,captured,,2,5
pay_northwind_0694,Central Bank of India,upi,386.15,captured,,22,15
pay_northwind_0695,State Bank of India,card,785.84,captured,,22,28
pay_northwind_0696,Canara Bank,upi,67.43,failed,payment_failed,17,10
pay_northwind_0697,Central Bank of India,upi,265.5,captured,,3,11
pay_northwind_0698,State Bank of India,upi,123.29,failed,credit_limit_expired,1,24
pay_northwind_0699,Canara Bank,upi,393.32,captured,,4,18
pay_northwind_0700,Union Bank of India,upi,130.29,captured,,3,18
pay_northwind_0701,State Bank of India,upi,480.87,captured,,2,17
pay_northwind_0702,State Bank of India,upi,338.8,captured,,4,7
pay_northwind_0703,State Bank of India,upi,616.01,failed,collect_request_pending,2,27
pay_northwind_0704,State Bank of India,upi,264.37,captured,,3,15
pay_northwind_0705,State Bank of India,upi,860.86,captured,,0,18
pay_northwind_0706,Union Bank of India,upi,250.55,failed,bank_account_invalid,4,28
pay_northwind_0707,State Bank of India,upi,86.6,captured,,23,24
pay_northwind_0708,State Bank of India,upi,667.41,failed,payment_declined,3,9
pay_northwind_0709,Axis Bank Ltd.,upi,44.4,captured,,10,10
pay_northwind_0710,India Post Payments Bank Limited,upi,489.83,captured,,3,27
pay_northwind_0711,State Bank of India,upi,3320.75,captured,,5,5
pay_northwind_0712,Union Bank of India,card,540.17,captured,,4,2
pay_northwind_0713,Central Bank of India,upi,913.2,captured,,2,19
pay_northwind_0714,ICICI Bank Ltd.,upi,316.24,captured,,4,6
pay_northwind_0715,State Bank of India,upi,763.13,captured,,5,14
pay_northwind_0716,Bank of Baroda,upi,2862.31,failed,transaction_daily_limit_exceeded,11,5
pay_northwind_0717,HDFC Bank Ltd.,upi,12.41,captured,,4,23
pay_northwind_0718,Kotak Mahindra Bank,card,845.58,captured,,23,15
pay_northwind_0719,Punjab National Bank,upi,60.35,captured,,23,4
pay_northwind_0720,India Post Payments Bank Limited,upi,83.46,captured,,5,10
pay_northwind_0721,HDFC Bank Ltd.,upi,48.28,failed,payment_pending,5,8
pay_northwind_0722,State Bank of India,upi,801.29,captured,,4,13
pay_northwind_0723,Fino Payments Bank Ltd.,upi,116.95,captured,,5,23
pay_northwind_0724,Central Bank of India,card,538.31,captured,,23,28
pay_northwind_0725,Axis Bank Ltd.,card,960.34,failed,payment_cancelled,5,16
pay_northwind_0726,State Bank of India,upi,413.0,captured,,13,10
pay_northwind_0727,Bank of Baroda,upi,874.13,captured,,4,28
pay_northwind_0728,Union Bank of India,upi,14695.94,captured,,4,27
pay_northwind_0729,State Bank of India,upi,686.24,captured,,1,24
pay_northwind_0730,State Bank of India,upi,35.58,captured,,1,17
pay_northwind_0731,Bank Of India,upi,337.05,captured,,3,26
pay_northwind_0732,Canara Bank,upi,97.77,captured,,15,8
pay_northwind_0733,Bank of Baroda,upi,125.9,captured,,12,6
pay_northwind_0734,Bank of Baroda,upi,834.21,captured,,23,10
pay_northwind_0735,Airtel Payments Bank Limited,upi,55.15,failed,payment_collect_request_expired,3,11
pay_northwind_0736,State Bank of India,upi,127.99,captured,,3,16
pay_northwind_0737,Bank of Maharashtra,upi,855.83,failed,authentication_failed,13,23
pay_northwind_0738,Bank of Baroda,upi,126.6,captured,,0,21
pay_northwind_0739,State Bank of India,upi,384.19,captured,,23,13
pay_northwind_0740,Axis Bank Ltd.,upi,677.67,captured,,4,3
pay_northwind_0741,HDFC Bank Ltd.,upi,9658.24,captured,,2,18
pay_northwind_0742,Axis Bank Ltd.,upi,105.54,captured,,2,7
pay_northwind_0743,State Bank of India,upi,95.77,captured,,5,18
pay_northwind_0744,HDFC Bank Ltd.,upi,487.19,failed,collect_request_pending,23,26
pay_northwind_0745,Fino Payments Bank Ltd.,upi,1878.43,captured,,23,3
pay_northwind_0746,State Bank of India,upi,97.92,captured,,3,28
pay_northwind_0747,State Bank of India,upi,571.1,captured,,3,28
pay_northwind_0748,HDFC Bank Ltd.,upi,22.05,captured,,5,4
pay_northwind_0749,Union Bank of India,card,391.24,captured,,5,5
pay_northwind_0750,HDFC Bank Ltd.,upi,25.88,captured,,0,15
pay_northwind_0751,State Bank of India,upi,97.03,captured,,0,11
pay_northwind_0752,HDFC Bank Ltd.,upi,709.91,captured,,0,1
pay_northwind_0753,Punjab National Bank,upi,2727.66,captured,,4,25
pay_northwind_0754,HDFC Bank Ltd.,upi,612.2,captured,,23,7
pay_northwind_0755,ICICI Bank Ltd.,card,518.84,captured,,4,5
pay_northwind_0756,State Bank of India,upi,60.86,captured,,13,9
pay_northwind_0757,ICICI Bank Ltd.,card,183.98,failed,credit_limit_exceeded,4,19
pay_northwind_0758,Bank of Baroda,upi,902.27,captured,,19,9
pay_northwind_0759,Indian Bank,upi,2.39,captured,,4,14
pay_northwind_0760,State Bank of India,upi,3296.74,captured,,16,28
pay_northwind_0761,State Bank of India,upi,68.67,captured,,0,23
pay_northwind_0762,State Bank of India,card,98.85,failed,payment_declined,0,5
pay_northwind_0763,Bank Of India,upi,814.98,captured,,5,10
pay_northwind_0764,Canara Bank,upi,280.85,captured,,5,21
pay_northwind_0765,Punjab National Bank,upi,82.32,captured,,0,16
pay_northwind_0766,Fino Payments Bank Ltd.,upi,312.18,captured,,1,24
pay_northwind_0767,Bank Of India,upi,420.07,failed,merchant_not_activated,3,6
pay_northwind_0768,Central Bank of India,upi,2571.93,captured,,1,18
pay_northwind_0769,Central Bank of India,upi,3730.67,captured,,13,9
pay_northwind_0770,State Bank of India,upi,563.93,captured,,1,12
pay_northwind_0771,Union Bank of India,upi,673.97,captured,,0,3
pay_northwind_0772,State Bank of India,upi,134.8,captured,,12,3
pay_northwind_0773,State Bank of India,upi,1025.5,captured,,1,2
pay_northwind_0774,ICICI Bank Ltd.,upi,336.45,captured,,5,3
pay_northwind_0775,Indian Overseas Bank,upi,3995.04,captured,,0,15
pay_northwind_0776,Bank of Maharashtra,upi,38.56,captured,,5,2
pay_northwind_0777,HDFC Bank Ltd.,upi,32.29,captured,,3,28
pay_northwind_0778,Airtel Payments Bank Limited,upi,718.33,captured,,6,5
pay_northwind_0779,Bank of Baroda,upi,913.4,captured,,0,21
pay_northwind_0780,Union Bank of India,upi,500.32,captured,,4,9
pay_northwind_0781,Bank of Baroda,upi,500.32,captured,,5,5
pay_northwind_0782,Airtel Payments Bank Limited,upi,3495.23,captured,,23,9
pay_northwind_0783,UCO Bank,card,744.28,captured,,4,1
pay_northwind_0784,HDFC Bank Ltd.,upi,157.75,captured,,1,24
pay_northwind_0785,State Bank of India,upi,9.44,captured,,1,4
pay_northwind_0786,Axis Bank Ltd.,upi,436.54,captured,,17,28
pay_northwind_0787,Airtel Payments Bank Limited,upi,159.48,captured,,0,18
pay_northwind_0788,State Bank of India,upi,949.21,captured,,1,18
pay_northwind_0789,State Bank of India,upi,459.38,captured,,23,18
pay_northwind_0790,Bank Of India,upi,137.79,captured,,0,22
pay_northwind_0791,Fino Payments Bank Ltd.,upi,58.16,captured,,1,12
pay_northwind_0792,Union Bank of India,upi,983.85,captured,,23,23
pay_northwind_0793,HDFC Bank Ltd.,upi,668.45,captured,,23,16
pay_northwind_0794,Airtel Payments Bank Limited,upi,688.98,captured,,2,1
pay_northwind_0795,Punjab National Bank,upi,8.85,captured,,2,20
pay_northwind_0796,Axis Bank Ltd.,upi,198.37,captured,,13,25
pay_northwind_0797,Punjab National Bank,upi,122.12,captured,,23,4
pay_northwind_0798,UCO Bank,upi,133.09,captured,,18,5
pay_northwind_0799,HDFC Bank Ltd.,upi,76.7,captured,,5,4
pay_northwind_0800,Punjab National Bank,upi,1068.93,captured,,17,24
pay_northwind_0801,HDFC Bank Ltd.,card,800.22,captured,,1,6
pay_northwind_0802,Bank of Baroda,upi,65.73,captured,,23,8
pay_northwind_0803,India Post Payments Bank Limited,upi,379.47,failed,payment_declined,0,14
pay_northwind_0804,Axis Bank Ltd.,upi,170.63,failed,incorrect_pin,23,11
pay_northwind_0805,Airtel Payments Bank Limited,netbanking,4857.56,failed,credit_limit_exceeded,14,25
pay_northwind_0806,State Bank of India,upi,515.14,captured,,1,3
pay_northwind_0807,State Bank of India,upi,46.3,captured,,21,10
pay_northwind_0808,India Post Payments Bank Limited,upi,886.82,captured,,5,22
pay_northwind_0809,Union Bank of India,upi,447.38,captured,,3,14
pay_northwind_0810,State Bank of India,upi,92.54,captured,,0,14
pay_northwind_0811,State Bank of India,upi,81.49,captured,,3,9
pay_northwind_0812,India Post Payments Bank Limited,netbanking,25.38,captured,,2,14
pay_northwind_0813,Indian Bank,upi,392.15,captured,,5,5
pay_northwind_0814,State Bank of India,upi,755.0,captured,,0,7
pay_northwind_0815,State Bank of India,upi,112.23,captured,,20,6
pay_northwind_0816,Airtel Payments Bank Limited,upi,72.01,captured,,3,20
pay_northwind_0817,Canara Bank,upi,2463.37,captured,,1,11
pay_northwind_0818,Indian Bank,upi,175.17,captured,,22,8
pay_northwind_0819,Bank of Baroda,card,524.31,captured,,3,9
pay_northwind_0820,Axis Bank Ltd.,upi,120.32,captured,,1,15
pay_northwind_0821,Axis Bank Ltd.,upi,822.6,captured,,4,10
pay_northwind_0822,Kotak Mahindra Bank,card,386.56,captured,,5,17
pay_northwind_0823,Punjab National Bank,upi,158.18,captured,,0,20
pay_northwind_0824,Federal Bank Ltd.,card,317.74,captured,,2,2
pay_northwind_0825,Union Bank of India,upi,188.24,captured,,4,16
pay_northwind_0826,UCO Bank,upi,46.01,captured,,2,24
pay_northwind_0827,State Bank of India,upi,903.11,captured,,23,23
pay_northwind_0828,Bank of Baroda,upi,716.03,captured,,4,15
pay_northwind_0829,Punjab National Bank,upi,553.0,captured,,8,16
pay_northwind_0830,Bank Of India,upi,131.36,captured,,3,10
pay_northwind_0831,Union Bank of India,upi,162.87,captured,,1,20
pay_northwind_0832,HDFC Bank Ltd.,upi,856.58,captured,,18,18
pay_northwind_0833,State Bank of India,upi,2600.5,captured,,0,7
pay_northwind_0834,Central Bank of India,upi,140.2,captured,,5,24
pay_northwind_0835,State Bank of India,upi,159.19,captured,,4,14
pay_northwind_0836,HDFC Bank Ltd.,upi,893.98,captured,,23,2
pay_northwind_0837,Bank of Baroda,upi,53.82,captured,,2,24
pay_northwind_0838,State Bank of India,card,3671.18,captured,,1,15
pay_northwind_0839,Punjab National Bank,upi,116.19,captured,,2,18
pay_northwind_0840,Axis Bank Ltd.,card,276.56,captured,,20,22
pay_northwind_0841,Fino Payments Bank Ltd.,upi,2685.86,failed,issuer_technical_error,2,27
pay_northwind_0842,Canara Bank,upi,189.98,captured,,3,2
pay_northwind_0843,Kotak Mahindra Bank,upi,331.03,captured,,2,4
pay_northwind_0844,Canara Bank,upi,871.12,captured,,15,22
pay_northwind_0845,India Post Payments Bank Limited,netbanking,295.2,captured,,4,9
pay_northwind_0846,State Bank of India,upi,142.51,captured,,12,24
pay_northwind_0847,State Bank of India,card,358.62,captured,,23,25
pay_northwind_0848,Federal Bank Ltd.,upi,625.35,captured,,13,9
pay_northwind_0849,State Bank of India,upi,411.82,captured,,0,14
pay_northwind_0850,Kotak Mahindra Bank,upi,244.91,captured,,4,26
pay_northwind_0851,State Bank of India,upi,234.94,captured,,4,4
pay_northwind_0852,Indian Bank,upi,1175.14,captured,,2,2
pay_northwind_0853,India Post Payments Bank Limited,upi,47.18,captured,,0,25
pay_northwind_0854,Axis Bank Ltd.,upi,65.45,captured,,4,28
pay_northwind_0855,HDFC Bank Ltd.,upi,11.5,captured,,1,2
pay_northwind_0856,HDFC Bank Ltd.,upi,454.47,captured,,0,4
pay_northwind_0857,State Bank of India,upi,494.65,captured,,2,4
pay_northwind_0858,India Post Payments Bank Limited,upi,4472.16,captured,,23,21
pay_northwind_0859,State Bank of India,upi,196.09,captured,,0,3
pay_northwind_0860,Bank of Baroda,upi,534.15,captured,,4,27
pay_northwind_0861,State Bank of India,upi,622.61,captured,,14,25
pay_northwind_0862,State Bank of India,upi,435.52,captured,,4,22
pay_northwind_0863,State Bank of India,upi,560.31,captured,,23,18
pay_northwind_0864,Federal Bank Ltd.,upi,164.53,captured,,2,20
pay_northwind_0865,State Bank of India,upi,905.29,failed,transaction_daily_limit_exceeded,2,18
pay_northwind_0866,State Bank of India,upi,797.7,captured,,5,16
pay_northwind_0867,Indian Bank,upi,239.21,captured,,15,2
pay_northwind_0868,Punjab National Bank,upi,867.55,failed,transaction_frequency_limit_exceeded,3,12
pay_northwind_0869,India Post Payments Bank Limited,upi,4453.06,captured,,5,11
pay_northwind_0870,State Bank of India,upi,215.27,captured,,23,6
pay_northwind_0871,Indian Bank,upi,91.46,captured,,0,4
pay_northwind_0872,State Bank of India,upi,136.99,captured,,2,17
pay_northwind_0873,Bank of Baroda,upi,85.21,captured,,5,7
pay_northwind_0874,Indusind Bank Ltd.,upi,823.37,captured,,4,3
pay_northwind_0875,Punjab National Bank,card,495.58,failed,transaction_frequency_limit_exceeded,1,25
pay_northwind_0876,Punjab National Bank,upi,40.89,captured,,2,3
pay_northwind_0877,Fino Payments Bank Ltd.,upi,144.37,captured,,14,6
pay_northwind_0878,Central Bank of India,upi,366.83,captured,,1,22
pay_northwind_0879,Kotak Mahindra Bank,upi,955.74,captured,,5,18
pay_northwind_0880,Bank of Baroda,upi,351.07,failed,payment_session_expired,5,7
pay_northwind_0881,Airtel Payments Bank Limited,upi,902.88,captured,,3,12
pay_northwind_0882,Kotak Mahindra Bank,card,937.95,captured,,5,14
pay_northwind_0883,Union Bank of India,card,417.51,failed,transaction_daily_limit_exceeded,1,23
pay_northwind_0884,Bank of Baroda,upi,863.04,captured,,2,4
pay_northwind_0885,Airtel Payments Bank Limited,upi,834.42,captured,,1,27
pay_northwind_0886,Bank Of India,upi,396.19,captured,,13,25
pay_northwind_0887,State Bank of India,upi,70.44,captured,,2,26
pay_northwind_0888,State Bank of India,upi,435.44,captured,,1,1
pay_northwind_0889,Indian Bank,card,150.68,captured,,7,16
pay_northwind_0890,State Bank of India,upi,714.29,captured,,5,11
pay_northwind_0891,Central Bank of India,upi,114.67,captured,,4,11
pay_northwind_0892,Indian Overseas Bank,upi,2576.04,captured,,9,28
pay_northwind_0893,HDFC Bank Ltd.,netbanking,808.75,captured,,1,2
pay_northwind_0894,India Post Payments Bank Limited,upi,326.55,captured,,4,23
pay_northwind_0895,Indian Bank,upi,3940.94,captured,,23,23
pay_northwind_0896,Bank of Baroda,upi,172.26,captured,,23,27
pay_northwind_0897,State Bank of India,upi,580.6,captured,,0,12
pay_northwind_0898,Union Bank of India,upi,581.17,captured,,0,24
pay_northwind_0899,HDFC Bank Ltd.,upi,623.67,captured,,22,7
pay_northwind_0900,ICICI Bank Ltd.,upi,126.38,captured,,0,4
pay_northwind_0901,State Bank of India,upi,899.5,captured,,0,9
pay_northwind_0902,ICICI Bank Ltd.,card,990.67,failed,incorrect_card_details,5,18
pay_northwind_0903,State Bank of India,upi,184.4,captured,,23,21
pay_northwind_0904,Bank Of India,upi,190.36,failed,transaction_frequency_limit_exceeded,3,14
pay_northwind_0905,State Bank of India,upi,768.89,captured,,3,21
pay_northwind_0906,Bank of Maharashtra,upi,856.19,captured,,7,23
pay_northwind_0907,HDFC Bank Ltd.,card,541.72,captured,,23,3
pay_northwind_0908,Airtel Payments Bank Limited,upi,122.5,captured,,4,28
pay_northwind_0909,Central Bank of India,upi,115.53,captured,,0,22
pay_northwind_0910,Axis Bank Ltd.,upi,131.74,captured,,10,24
pay_northwind_0911,Union Bank of India,upi,2473.3,captured,,4,2
pay_northwind_0912,Union Bank of India,card,72.31,captured,,7,5
pay_northwind_0913,India Post Payments Bank Limited,upi,569.63,failed,payment_collect_request_expired,2,15
pay_northwind_0914,HDFC Bank Ltd.,upi,506.26,captured,,23,18
pay_northwind_0915,State Bank of India,upi,3288.82,captured,,3,9
pay_northwind_0916,Bank of Baroda,upi,1927.15,captured,,0,26
pay_northwind_0917,ICICI Bank Ltd.,upi,435.2,failed,payment_pending,0,23
pay_northwind_0918,Bank Of India,card,1928.6,captured,,2,9
pay_northwind_0919,India Post Payments Bank Limited,upi,887.84,captured,,3,23
pay_northwind_0920,Indusind Bank Ltd.,upi,6545.64,failed,payment_pending_approval,3,4
pay_northwind_0921,HDFC Bank Ltd.,upi,494.43,captured,,2,20
pay_northwind_0922,State Bank of India,upi,182.0,failed,transaction_frequency_limit_exceeded,21,10
pay_northwind_0923,Axis Bank Ltd.,card,279.87,captured,,23,9
pay_northwind_0924,Axis Bank Ltd.,upi,8.71,failed,insufficient_funds,3,10
pay_northwind_0925,HDFC Bank Ltd.,upi,4956.28,captured,,2,20
pay_northwind_0926,Kotak Mahindra Bank,upi,111.55,captured,,0,4
pay_northwind_0927,HDFC Bank Ltd.,upi,91.87,captured,,1,27
pay_northwind_0928,State Bank of India,upi,138.18,failed,transaction_on_vpa_restricted,0,28
pay_northwind_0929,Fino Payments Bank Ltd.,upi,3000.93,failed,payment_collect_request_expired,1,22
pay_northwind_0930,India Post Payments Bank Limited,upi,1104.08,captured,,23,21
pay_northwind_0931,Airtel Payments Bank Limited,upi,713.14,captured,,0,5
pay_northwind_0932,HDFC Bank Ltd.,upi,702.06,captured,,10,13
pay_northwind_0933,State Bank of India,upi,77.31,captured,,22,24
pay_northwind_0934,Kotak Mahindra Bank,upi,479.25,captured,,0,12
pay_northwind_0935,Canara Bank,card,167.84,captured,,4,1
pay_northwind_0936,Kotak Mahindra Bank,upi,524.3,captured,,3,18
pay_northwind_0937,Axis Bank Ltd.,upi,557.75,captured,,3,27
pay_northwind_0938,Airtel Payments Bank Limited,upi,610.79,failed,refund_limit_crossed,1,9
pay_northwind_0939,Axis Bank Ltd.,upi,622.27,captured,,23,22
pay_northwind_0940,HDFC Bank Ltd.,upi,27.14,captured,,21,20
pay_northwind_0941,Kotak Mahindra Bank,card,533.08,captured,,3,17
pay_northwind_0942,State Bank of India,upi,107.45,captured,,4,1
pay_northwind_0943,India Post Payments Bank Limited,upi,136.61,failed,transaction_daily_limit_exceeded,3,19
pay_northwind_0944,State Bank of India,card,877.17,captured,,1,3
pay_northwind_0945,HDFC Bank Ltd.,upi,8886.68,captured,,18,23
pay_northwind_0946,Punjab National Bank,upi,197.46,captured,,12,5
pay_northwind_0947,UCO Bank,upi,4015.83,captured,,4,22
pay_northwind_0948,Bank Of India,upi,831.56,captured,,11,23
pay_northwind_0949,Axis Bank Ltd.,upi,4.63,captured,,23,14
pay_northwind_0950,India Post Payments Bank Limited,upi,144.15,captured,,1,18
pay_northwind_0951,Axis Bank Ltd.,upi,985.45,captured,,3,19
pay_northwind_0952,Federal Bank Ltd.,upi,3416.49,captured,,3,9
pay_northwind_0953,Axis Bank Ltd.,upi,929.94,captured,,4,13
pay_northwind_0954,State Bank of India,upi,68.16,captured,,23,11
pay_northwind_0955,Axis Bank Ltd.,upi,41.74,captured,,5,14
pay_northwind_0956,Kotak Mahindra Bank,upi,4224.92,captured,,3,7
pay_northwind_0957,Fino Payments Bank Ltd.,card,368.01,captured,,3,10
pay_northwind_0958,Bank of Baroda,upi,298.89,captured,,2,5
pay_northwind_0959,Bank Of India,upi,111.01,captured,,0,5
pay_northwind_0960,Punjab National Bank,upi,129.93,captured,,2,22
pay_northwind_0961,Bank Of India,card,221.38,captured,,4,26
pay_northwind_0962,Union Bank of India,upi,410.05,captured,,22,28
pay_northwind_0963,HDFC Bank Ltd.,upi,164.48,captured,,2,13
pay_northwind_0964,Kotak Mahindra Bank,upi,168.94,captured,,1,16
pay_northwind_0965,Canara Bank,upi,420.88,failed,credit_limit_exceeded,1,11
pay_northwind_0966,Punjab National Bank,upi,74.38,captured,,16,15
pay_northwind_0967,Union Bank of India,card,675.1,failed,order_amount_mismatch,1,1
pay_northwind_0968,Axis Bank Ltd.,upi,4223.06,captured,,3,26
pay_northwind_0969,Union Bank of India,upi,436.26,captured,,1,22
pay_northwind_0970,Kotak Mahindra Bank,upi,291.55,captured,,0,3
pay_northwind_0971,HDFC Bank Ltd.,upi,357.05,captured,,23,16
pay_northwind_0972,Punjab National Bank,upi,104.2,failed,otp_attempts_exceeded,1,3
pay_northwind_0973,Bank Of India,upi,4796.96,failed,debit_declined,3,18
pay_northwind_0974,Union Bank of India,upi,965.36,failed,pin_not_set,6,17
pay_northwind_0975,State Bank of India,upi,358.26,captured,,16,28
pay_northwind_0976,HDFC Bank Ltd.,upi,97.49,captured,,23,14
pay_northwind_0977,Indian Overseas Bank,upi,339.06,captured,,4,11
pay_northwind_0978,State Bank of India,upi,598.65,failed,transaction_limit_exceeded,2,14
pay_northwind_0979,India Post Payments Bank Limited,upi,450.08,captured,,5,10
pay_northwind_0980,State Bank of India,upi,408.27,captured,,18,17
pay_northwind_0981,India Post Payments Bank Limited,upi,457.85,captured,,22,19
pay_northwind_0982,Kotak Mahindra Bank,upi,916.05,captured,,17,25
pay_northwind_0983,Union Bank of India,upi,557.77,captured,,23,4
pay_northwind_0984,Union Bank of India,upi,1675.77,captured,,12,5
pay_northwind_0985,Union Bank of India,upi,124.63,failed,incorrect_otp,23,25
pay_northwind_0986,State Bank of India,upi,689.82,captured,,3,23
pay_northwind_0987,Bank of Baroda,upi,1775.34,captured,,22,11
pay_northwind_0988,State Bank of India,upi,14345.22,captured,,1,5
pay_northwind_0989,State Bank of India,upi,141.03,captured,,21,13
pay_northwind_0990,Bank Of India,upi,387.94,captured,,23,15
pay_northwind_0991,Canara Bank,card,85.7,captured,,5,4
pay_northwind_0992,State Bank of India,upi,1555.91,captured,,5,11
pay_northwind_0993,Central Bank of India,upi,33.61,captured,,5,24
pay_northwind_0994,State Bank of India,upi,456.29,captured,,3,13
pay_northwind_0995,State Bank of India,upi,728.39,captured,,3,11
pay_northwind_0996,HDFC Bank Ltd.,upi,41.33,captured,,3,1
pay_northwind_0997,Axis Bank Ltd.,upi,197.57,captured,,2,5
pay_northwind_0998,ICICI Bank Ltd.,upi,112.33,captured,,0,26
pay_northwind_0999,Union Bank of India,upi,669.7,captured,,4,13
pay_northwind_1000,Bank of Baroda,upi,3900.79,captured,,23,3
pay_northwind_1001,State Bank of India,upi,435.81,captured,,0,21
pay_northwind_1002,Airtel Payments Bank Limited,upi,889.02,failed,authentication_failed,2,3
pay_northwind_1003,State Bank of India,netbanking,606.9,captured,,4,23
pay_northwind_1004,HDFC Bank Ltd.,upi,51.73,captured,,23,21
pay_northwind_1005,India Post Payments Bank Limited,upi,356.9,failed,pin_attempts_exceeded,15,22
pay_northwind_1006,Union Bank of India,upi,41.89,captured,,1,22
pay_northwind_1007,Bank of Baroda,upi,968.9,captured,,23,18
pay_northwind_1008,State Bank of India,upi,903.35,captured,,4,3
pay_northwind_1009,Bank of Baroda,upi,4500.97,captured,,3,24
pay_northwind_1010,State Bank of India,upi,231.77,captured,,3,14
pay_northwind_1011,State Bank of India,upi,22.54,captured,,8,21
pay_northwind_1012,ICICI Bank Ltd.,upi,33.5,captured,,4,23
pay_northwind_1013,State Bank of India,netbanking,566.44,failed,transaction_frequency_limit_exceeded,10,1
pay_northwind_1014,ICICI Bank Ltd.,upi,569.24,captured,,2,26
pay_northwind_1015,UCO Bank,upi,803.76,captured,,23,2
pay_northwind_1016,State Bank of India,upi,4256.44,captured,,4,17
pay_northwind_1017,Indian Bank,upi,12.0,captured,,3,2
pay_northwind_1018,Canara Bank,upi,113.54,captured,,0,26
pay_northwind_1019,State Bank of India,card,277.18,captured,,20,24
pay_northwind_1020,India Post Payments Bank Limited,upi,4541.59,captured,,3,28
pay_northwind_1021,Union Bank of India,upi,330.64,captured,,23,28
pay_northwind_1022,Canara Bank,netbanking,3032.66,captured,,3,21
pay_northwind_1023,Axis Bank Ltd.,upi,482.23,captured,,19,17
pay_northwind_1024,Union Bank of India,upi,651.3,captured,,19,19
pay_northwind_1025,Canara Bank,upi,287.38,captured,,0,8
pay_northwind_1026,UCO Bank,card,668.51,captured,,2,14
pay_northwind_1027,Canara Bank,upi,111.91,captured,,5,28
pay_northwind_1028,Indian Overseas Bank,upi,105.85,captured,,3,8
pay_northwind_1029,State Bank of India,netbanking,162.46,captured,,5,13
pay_northwind_1030,Canara Bank,upi,351.1,captured,,5,2
pay_northwind_1031,Indusind Bank Ltd.,upi,934.45,failed,transaction_frequency_limit_exceeded,3,14
pay_northwind_1032,HDFC Bank Ltd.,upi,174.26,captured,,0,7
pay_northwind_1033,Indusind Bank Ltd.,upi,710.07,captured,,0,1
pay_northwind_1034,Canara Bank,netbanking,2845.82,captured,,23,10
pay_northwind_1035,Axis Bank Ltd.,netbanking,57.18,captured,,8,15
pay_northwind_1036,State Bank of India,upi,457.12,captured,,5,13
pay_northwind_1037,Kotak Mahindra Bank,upi,732.49,captured,,23,4
pay_northwind_1038,Indian Bank,upi,335.62,captured,,21,19
pay_northwind_1039,Airtel Payments Bank Limited,upi,752.44,captured,,2,20
pay_northwind_1040,State Bank of India,upi,90.42,captured,,21,14
pay_northwind_1041,HDFC Bank Ltd.,upi,406.55,captured,,0,22
pay_northwind_1042,Canara Bank,upi,56.5,captured,,2,5
pay_northwind_1043,State Bank of India,upi,299.53,captured,,5,19
pay_northwind_1044,State Bank of India,upi,241.89,captured,,5,15
pay_northwind_1045,Airtel Payments Bank Limited,upi,122.22,captured,,3,17
pay_northwind_1046,State Bank of India,upi,557.63,captured,,19,26
pay_northwind_1047,State Bank of India,upi,562.26,captured,,4,26
pay_northwind_1048,ICICI Bank Ltd.,upi,231.37,captured,,5,28
pay_northwind_1049,State Bank of India,card,523.64,captured,,0,12
pay_northwind_1050,Union Bank of India,upi,3999.78,captured,,2,2
pay_northwind_1051,State Bank of India,card,228.15,captured,,2,10
pay_northwind_1052,Fino Payments Bank Ltd.,card,147.46,captured,,2,2
pay_northwind_1053,India Post Payments Bank Limited,upi,578.05,failed,authentication_failed,2,24
pay_northwind_1054,State Bank of India,upi,486.47,captured,,4,14
pay_northwind_1055,Punjab National Bank,upi,669.34,captured,,23,7
pay_northwind_1056,Kotak Mahindra Bank,upi,756.09,captured,,1,8
pay_northwind_1057,Punjab National Bank,upi,127.09,captured,,20,22
pay_northwind_1058,India Post Payments Bank Limited,upi,2185.55,captured,,3,13
pay_northwind_1059,State Bank of India,upi,191.22,captured,,0,8
pay_northwind_1060,Canara Bank,upi,4596.13,failed,upi_collect_not_enabled,0,17
pay_northwind_1061,State Bank of India,upi,27.68,captured,,1,26
pay_northwind_1062,Punjab National Bank,upi,95.15,captured,,0,2
pay_northwind_1063,Punjab National Bank,upi,136.92,failed,credit_limit_inactive,2,14
pay_northwind_1064,Kotak Mahindra Bank,upi,799.23,captured,,22,22
pay_northwind_1065,HDFC Bank Ltd.,upi,17116.37,failed,transaction_frequency_limit_exceeded,4,23
pay_northwind_1066,Axis Bank Ltd.,upi,787.61,failed,transaction_limit_exceeded,4,5
pay_northwind_1067,Axis Bank Ltd.,upi,3651.16,captured,,4,25
pay_northwind_1068,State Bank of India,upi,270.01,captured,,3,27
pay_northwind_1069,India Post Payments Bank Limited,upi,440.45,captured,,5,4
pay_northwind_1070,State Bank of India,upi,73.44,captured,,2,12
pay_northwind_1071,Canara Bank,netbanking,576.34,failed,transaction_daily_count_exceeded,4,26
pay_northwind_1072,State Bank of India,upi,739.61,captured,,5,6
pay_northwind_1073,HDFC Bank Ltd.,netbanking,376.55,captured,,2,16
pay_northwind_1074,Axis Bank Ltd.,upi,855.61,captured,,6,20
pay_northwind_1075,Indian Bank,card,455.99,captured,,9,27
pay_northwind_1076,State Bank of India,netbanking,567.4,captured,,18,20
pay_northwind_1077,State Bank of India,upi,382.6,captured,,4,12
pay_northwind_1078,Bank of Baroda,card,6.6,captured,,5,3
pay_northwind_1079,Central Bank of India,upi,57.56,captured,,0,4
pay_northwind_1080,State Bank of India,upi,834.23,captured,,1,13
pay_northwind_1081,Indian Bank,upi,778.19,captured,,2,28
pay_northwind_1082,Axis Bank Ltd.,card,225.0,captured,,3,5
pay_northwind_1083,State Bank of India,upi,28.61,captured,,6,21
pay_northwind_1084,Canara Bank,upi,261.27,captured,,23,24
pay_northwind_1085,Axis Bank Ltd.,upi,167.99,captured,,2,18
pay_northwind_1086,Airtel Payments Bank Limited,upi,174.45,captured,,2,13
pay_northwind_1087,State Bank of India,card,246.11,captured,,0,20
pay_northwind_1088,Punjab National Bank,upi,58.02,captured,,5,7
pay_northwind_1089,Bank of Baroda,upi,117.93,captured,,0,6
pay_northwind_1090,State Bank of India,upi,296.74,captured,,2,26
pay_northwind_1091,HDFC Bank Ltd.,upi,54.77,captured,,3,7
pay_northwind_1092,State Bank of India,upi,260.59,captured,,23,28
pay_northwind_1093,Canara Bank,upi,2447.24,failed,transaction_frequency_limit_exceeded,5,20
pay_northwind_1094,State Bank of India,upi,489.91,captured,,23,4
pay_northwind_1095,State Bank of India,upi,895.22,captured,,23,1
pay_northwind_1096,State Bank of India,upi,835.15,captured,,0,20
pay_northwind_1097,Canara Bank,upi,339.91,captured,,1,24
pay_northwind_1098,Kotak Mahindra Bank,upi,716.25,captured,,22,12
pay_northwind_1099,HDFC Bank Ltd.,upi,346.95,captured,,23,25
pay_northwind_1100,HDFC Bank Ltd.,upi,554.57,failed,duplicate_refund_id,3,24
pay_northwind_1101,State Bank of India,upi,491.51,captured,,3,10
pay_northwind_1102,State Bank of India,upi,764.26,captured,,17,17
pay_northwind_1103,Axis Bank Ltd.,upi,985.18,captured,,23,14
pay_northwind_1104,HDFC Bank Ltd.,upi,568.5,captured,,3,11
pay_northwind_1105,State Bank of India,upi,91.45,captured,,14,11
pay_northwind_1106,Punjab National Bank,upi,1028.84,captured,,2,12
pay_northwind_1107,Airtel Payments Bank Limited,upi,72.28,captured,,2,25
pay_northwind_1108,Airtel Payments Bank Limited,upi,820.27,captured,,1,13
pay_northwind_1109,State Bank of India,upi,547.69,captured,,5,14
pay_northwind_1110,Indian Overseas Bank,upi,64.71,captured,,4,22
pay_northwind_1111,Bank of Baroda,upi,120.22,captured,,5,26
pay_northwind_1112,State Bank of India,upi,1857.67,captured,,0,10
pay_northwind_1113,State Bank of India,card,580.15,captured,,5,5
pay_northwind_1114,State Bank of India,upi,128.93,captured,,3,8
pay_northwind_1115,ICICI Bank Ltd.,upi,560.16,failed,transaction_frequency_limit_exceeded,23,8
pay_northwind_1116,Bank of Maharashtra,upi,111.92,captured,,5,25
pay_northwind_1117,Union Bank of India,upi,753.28,captured,,2,6
pay_northwind_1118,State Bank of India,upi,436.29,captured,,15,18
pay_northwind_1119,HDFC Bank Ltd.,card,126.83,captured,,5,27
pay_northwind_1120,HDFC Bank Ltd.,card,57.26,captured,,15,2
pay_northwind_1121,Kotak Mahindra Bank,upi,19691.13,captured,,3,28
pay_northwind_1122,ICICI Bank Ltd.,upi,4425.01,captured,,5,20
pay_northwind_1123,Kotak Mahindra Bank,upi,896.94,captured,,6,21
pay_northwind_1124,Axis Bank Ltd.,upi,2793.08,failed,transaction_daily_limit_exceeded,1,15
pay_northwind_1125,State Bank of India,upi,300.54,captured,,5,12
pay_northwind_1126,State Bank of India,card,769.84,captured,,2,12
pay_northwind_1127,HDFC Bank Ltd.,upi,175.53,captured,,4,19
pay_northwind_1128,HDFC Bank Ltd.,netbanking,156.59,captured,,2,14
pay_northwind_1129,Bank Of India,upi,385.67,failed,upi_app_technical_error,0,17
pay_northwind_1130,India Post Payments Bank Limited,upi,528.51,captured,,9,7
pay_northwind_1131,Canara Bank,upi,466.59,captured,,17,21
pay_northwind_1132,Indian Overseas Bank,upi,355.62,captured,,4,4
pay_northwind_1133,Canara Bank,upi,273.82,captured,,2,9
pay_northwind_1134,State Bank of India,upi,546.06,captured,,1,5
pay_northwind_1135,Fino Payments Bank Ltd.,upi,140.55,captured,,1,10
pay_northwind_1136,Bank of Baroda,netbanking,614.46,captured,,23,14
pay_northwind_1137,State Bank of India,upi,67.46,captured,,5,5
pay_northwind_1138,Punjab National Bank,upi,4131.73,failed,payment_pending,0,17
pay_northwind_1139,Fino Payments Bank Ltd.,upi,132.39,captured,,23,12
pay_northwind_1140,Indian Bank,upi,94.41,captured,,0,23
pay_northwind_1141,Bank of Baroda,upi,778.35,captured,,5,24
pay_northwind_1142,Central Bank of India,upi,587.56,captured,,23,11
pay_northwind_1143,Federal Bank Ltd.,upi,639.35,captured,,5,4
pay_northwind_1144,Kotak Mahindra Bank,upi,426.66,failed,otp_expired,23,12
pay_northwind_1145,State Bank of India,upi,599.49,captured,,5,2
pay_northwind_1146,Kotak Mahindra Bank,upi,37.64,captured,,1,23
pay_northwind_1147,Canara Bank,upi,176.67,captured,,3,12
pay_northwind_1148,State Bank of India,upi,149.89,captured,,0,23
pay_northwind_1149,ICICI Bank Ltd.,upi,886.94,captured,,4,12
pay_northwind_1150,State Bank of India,upi,33.9,captured,,4,27
pay_northwind_1151,Bank of Maharashtra,upi,626.8,captured,,3,19
pay_northwind_1152,Indian Overseas Bank,upi,261.45,captured,,23,27
pay_northwind_1153,HDFC Bank Ltd.,upi,16.06,captured,,15,15
pay_northwind_1154,Central Bank of India,upi,659.48,captured,,0,1
pay_northwind_1155,Canara Bank,upi,976.44,captured,,1,27
pay_northwind_1156,HDFC Bank Ltd.,card,226.27,captured,,23,17
pay_northwind_1157,Federal Bank Ltd.,upi,369.4,captured,,5,1
pay_northwind_1158,Fino Payments Bank Ltd.,card,2173.52,captured,,2,4
pay_northwind_1159,Union Bank of India,upi,12.77,captured,,5,24
pay_northwind_1160,Kotak Mahindra Bank,upi,42.77,captured,,2,18
pay_northwind_1161,Punjab National Bank,upi,644.02,captured,,20,6
pay_northwind_1162,Axis Bank Ltd.,upi,38.73,captured,,17,6
pay_northwind_1163,Punjab National Bank,upi,13.91,captured,,3,10
pay_northwind_1164,Bank of Baroda,upi,1830.13,captured,,4,9
pay_northwind_1165,Indusind Bank Ltd.,upi,211.95,captured,,2,28
pay_northwind_1166,Airtel Payments Bank Limited,upi,42.35,failed,payment_declined,0,1
pay_northwind_1167,Bank of Baroda,upi,158.76,captured,,5,6
pay_northwind_1168,HDFC Bank Ltd.,upi,717.69,captured,,0,16
pay_northwind_1169,Bank of Baroda,upi,186.61,captured,,4,10
pay_northwind_1170,Canara Bank,upi,111.69,captured,,2,26
pay_northwind_1171,HDFC Bank Ltd.,upi,182.74,captured,,4,16
pay_northwind_1172,Bank of Baroda,upi,29.61,failed,transaction_limit_exceeded,1,3
pay_northwind_1173,Canara Bank,upi,478.24,captured,,3,28
pay_northwind_1174,Fino Payments Bank Ltd.,upi,317.15,failed,payment_session_expired,4,17
pay_northwind_1175,State Bank of India,upi,122.6,captured,,0,2
pay_northwind_1176,State Bank of India,card,959.23,failed,bank_not_enabled,2,19
pay_northwind_1177,Bank of Baroda,upi,156.06,failed,transaction_daily_count_exceeded,5,19
pay_northwind_1178,Axis Bank Ltd.,upi,4465.98,failed,bank_account_validation_failed,23,8
pay_northwind_1179,State Bank of India,upi,355.34,captured,,12,24
pay_northwind_1180,ICICI Bank Ltd.,upi,35.21,captured,,5,16
pay_northwind_1181,HDFC Bank Ltd.,upi,974.08,captured,,2,19
pay_northwind_1182,Axis Bank Ltd.,netbanking,202.3,captured,,23,12
pay_northwind_1183,ICICI Bank Ltd.,upi,62.59,captured,,4,7
pay_northwind_1184,State Bank of India,upi,50.96,captured,,12,4
pay_northwind_1185,Indian Bank,upi,362.01,captured,,22,15
pay_northwind_1186,State Bank of India,upi,295.7,captured,,7,19
pay_northwind_1187,Airtel Payments Bank Limited,upi,31.68,captured,,1,13
pay_northwind_1188,Indusind Bank Ltd.,upi,787.64,captured,,0,7
pay_northwind_1189,HDFC Bank Ltd.,upi,964.99,captured,,1,22
pay_northwind_1190,Axis Bank Ltd.,upi,149.75,captured,,23,21
pay_northwind_1191,State Bank of India,card,16.66,captured,,4,3
pay_northwind_1192,Axis Bank Ltd.,upi,587.55,captured,,15,5
pay_northwind_1193,State Bank of India,card,843.87,captured,,2,19
pay_northwind_1194,Bank of Baroda,upi,4943.74,captured,,1,14
pay_northwind_1195,Bank of Baroda,upi,594.53,captured,,5,13
pay_northwind_1196,Axis Bank Ltd.,upi,131.16,captured,,4,19
pay_northwind_1197,HDFC Bank Ltd.,upi,33.65,captured,,3,26
pay_northwind_1198,State Bank of India,upi,514.86,captured,,23,1
pay_northwind_1199,Union Bank of India,upi,622.35,captured,,8,13
pay_northwind_1200,State Bank of India,card,3938.36,captured,,1,8
pay_northwind_1201,State Bank of India,upi,135.05,captured,,1,20
pay_northwind_1202,Indian Bank,upi,671.27,captured,,3,10
pay_northwind_1203,Punjab National Bank,upi,314.44,captured,,0,6
pay_northwind_1204,HDFC Bank Ltd.,upi,883.51,captured,,20,25
pay_northwind_1205,Canara Bank,upi,639.57,captured,,19,20
pay_northwind_1206,Indian Overseas Bank,upi,41.42,captured,,3,26
pay_northwind_1207,Union Bank of India,upi,33.54,captured,,2,7
pay_northwind_1208,State Bank of India,upi,729.89,captured,,1,20
pay_northwind_1209,State Bank of India,upi,383.65,captured,,2,11
pay_northwind_1210,State Bank of India,upi,41.35,captured,,23,24
pay_northwind_1211,HDFC Bank Ltd.,upi,47.74,captured,,5,21
pay_northwind_1212,State Bank of India,upi,60.26,captured,,4,17
pay_northwind_1213,Bank Of India,upi,822.8,failed,bank_not_available,2,15
pay_northwind_1214,State Bank of India,upi,104.36,captured,,3,12
pay_northwind_1215,Indian Bank,upi,67.94,captured,,22,21
pay_northwind_1216,Indusind Bank Ltd.,upi,905.93,failed,credit_limit_expired,23,4
pay_northwind_1217,State Bank of India,upi,2945.77,captured,,23,1
pay_northwind_1218,Bank of Maharashtra,upi,400.53,captured,,5,8
pay_northwind_1219,Punjab National Bank,upi,905.21,captured,,5,8
pay_northwind_1220,Central Bank of India,upi,1549.61,captured,,23,23
pay_northwind_1221,Punjab National Bank,upi,690.36,captured,,5,10
pay_northwind_1222,HDFC Bank Ltd.,upi,803.31,captured,,0,4
pay_northwind_1223,HDFC Bank Ltd.,upi,424.39,captured,,4,17
pay_northwind_1224,ICICI Bank Ltd.,upi,730.45,captured,,13,18
pay_northwind_1225,State Bank of India,upi,4837.85,failed,invalid_request,15,8
pay_northwind_1226,State Bank of India,upi,3240.17,captured,,2,21
pay_northwind_1227,Bank Of India,upi,831.45,captured,,23,28
pay_northwind_1228,Bank Of India,upi,706.39,captured,,23,16
pay_northwind_1229,HDFC Bank Ltd.,netbanking,16.42,captured,,20,8
pay_northwind_1230,Union Bank of India,upi,18.48,failed,collect_request_pending,2,28
pay_northwind_1231,Bank of Maharashtra,upi,74.8,failed,credit_limit_exceeded,3,14
pay_northwind_1232,Axis Bank Ltd.,upi,304.56,captured,,17,28
pay_northwind_1233,Federal Bank Ltd.,upi,124.55,captured,,2,12
pay_northwind_1234,State Bank of India,card,46.03,captured,,4,15
pay_northwind_1235,Central Bank of India,upi,522.53,failed,transaction_frequency_limit_exceeded,5,18
pay_northwind_1236,India Post Payments Bank Limited,card,149.98,captured,,21,23
pay_northwind_1237,Axis Bank Ltd.,upi,85.99,captured,,4,16
pay_northwind_1238,Bank of Baroda,upi,770.65,captured,,3,10
pay_northwind_1239,State Bank of India,upi,71.97,captured,,1,17
pay_northwind_1240,Punjab National Bank,upi,18.2,captured,,2,24
pay_northwind_1241,ICICI Bank Ltd.,upi,693.18,captured,,4,22
pay_northwind_1242,HDFC Bank Ltd.,netbanking,12.36,captured,,1,5
pay_northwind_1243,Central Bank of India,upi,715.82,captured,,2,11
pay_northwind_1244,Punjab National Bank,upi,2534.22,captured,,3,28
pay_northwind_1245,Bank Of India,upi,86.59,captured,,0,3
pay_northwind_1246,UCO Bank,upi,737.41,captured,,19,14
pay_northwind_1247,State Bank of India,upi,12.95,captured,,2,28
pay_northwind_1248,Airtel Payments Bank Limited,card,85.6,captured,,2,22
pay_northwind_1249,HDFC Bank Ltd.,upi,49.08,captured,,4,28
pay_northwind_1250,State Bank of India,upi,170.51,failed,mobile_number_invalid,2,25
pay_northwind_1251,HDFC Bank Ltd.,upi,292.11,captured,,2,16
pay_northwind_1252,State Bank of India,upi,353.42,captured,,4,3
pay_northwind_1253,Punjab National Bank,upi,189.24,failed,transaction_daily_limit_exceeded,0,24
pay_northwind_1254,Airtel Payments Bank Limited,upi,101.1,captured,,23,19
pay_northwind_1255,Bank of Baroda,upi,979.73,captured,,23,5
pay_northwind_1256,Bank Of India,upi,636.32,captured,,0,15
pay_northwind_1257,Punjab National Bank,upi,737.42,captured,,11,24
pay_northwind_1258,Bank Of India,upi,159.45,failed,payment_pending,0,18
pay_northwind_1259,Union Bank of India,card,358.11,captured,,23,9
pay_northwind_1260,HDFC Bank Ltd.,upi,25.92,captured,,17,1
pay_northwind_1261,State Bank of India,upi,1706.94,captured,,3,2
pay_northwind_1262,HDFC Bank Ltd.,upi,35.52,captured,,23,20
pay_northwind_1263,Fino Payments Bank Ltd.,upi,454.37,captured,,1,19
pay_northwind_1264,State Bank of India,upi,161.7,captured,,12,25
pay_northwind_1265,Indusind Bank Ltd.,upi,640.63,captured,,23,19
pay_northwind_1266,State Bank of India,upi,564.99,captured,,5,4
pay_northwind_1267,Axis Bank Ltd.,upi,172.61,captured,,3,28
pay_northwind_1268,HDFC Bank Ltd.,card,626.35,captured,,15,19
pay_northwind_1269,Union Bank of India,upi,85.56,captured,,5,18
pay_northwind_1270,Airtel Payments Bank Limited,upi,189.51,captured,,3,3
pay_northwind_1271,State Bank of India,upi,311.44,captured,,22,24
pay_northwind_1272,Bank of Baroda,upi,103.16,captured,,0,11
pay_northwind_1273,State Bank of India,upi,2200.63,captured,,4,14
pay_northwind_1274,Indian Bank,card,340.65,captured,,5,16
pay_northwind_1275,State Bank of India,upi,619.52,captured,,2,9
pay_northwind_1276,Federal Bank Ltd.,upi,88.53,captured,,5,26
pay_northwind_1277,Bank of Baroda,upi,1018.33,captured,,23,5
pay_northwind_1278,State Bank of India,upi,657.7,captured,,1,24
pay_northwind_1279,State Bank of India,upi,175.63,captured,,0,21
pay_northwind_1280,State Bank of India,upi,355.0,captured,,20,23
pay_northwind_1281,State Bank of India,upi,592.4,captured,,2,14
pay_northwind_1282,Punjab National Bank,card,932.08,captured,,4,7
pay_northwind_1283,India Post Payments Bank Limited,upi,465.66,failed,payment_collect_request_expired,5,25
pay_northwind_1284,HDFC Bank Ltd.,upi,971.29,captured,,3,3
pay_northwind_1285,Fino Payments Bank Ltd.,upi,1314.31,captured,,4,17
pay_northwind_1286,State Bank of India,upi,125.04,captured,,0,18
pay_northwind_1287,Axis Bank Ltd.,netbanking,12414.05,captured,,2,15
pay_northwind_1288,State Bank of India,upi,1726.7,captured,,1,12
pay_northwind_1289,Indian Overseas Bank,upi,833.78,captured,,5,9
pay_northwind_1290,State Bank of India,upi,111.82,captured,,2,16
pay_northwind_1291,Bank of Baroda,upi,421.85,captured,,2,16
pay_northwind_1292,Airtel Payments Bank Limited,netbanking,579.77,captured,,0,26
pay_northwind_1293,Kotak Mahindra Bank,upi,101.66,captured,,13,21
pay_northwind_1294,HDFC Bank Ltd.,upi,58.83,captured,,4,27
pay_northwind_1295,India Post Payments Bank Limited,upi,748.12,failed,authentication_failed,6,24
pay_northwind_1296,State Bank of India,upi,613.83,captured,,1,2
pay_northwind_1297,State Bank of India,card,1227.2,captured,,11,10
pay_northwind_1298,Indusind Bank Ltd.,upi,661.95,captured,,0,4
pay_northwind_1299,Punjab National Bank,upi,158.24,captured,,3,14
pay_northwind_1300,Punjab National Bank,upi,231.9,captured,,14,23
pay_northwind_1301,ICICI Bank Ltd.,upi,913.68,captured,,0,19
pay_northwind_1302,Bank of Maharashtra,upi,150.5,captured,,0,18
pay_northwind_1303,State Bank of India,upi,102.46,captured,,0,20
pay_northwind_1304,State Bank of India,upi,144.99,captured,,18,3
pay_northwind_1305,State Bank of India,upi,502.33,captured,,2,11
pay_northwind_1306,State Bank of India,upi,387.9,captured,,1,1
pay_northwind_1307,Airtel Payments Bank Limited,upi,259.8,captured,,17,22
pay_northwind_1308,State Bank of India,upi,2872.8,captured,,3,21
pay_northwind_1309,Union Bank of India,upi,294.94,captured,,3,22
pay_northwind_1310,Canara Bank,card,5.83,captured,,0,3
pay_northwind_1311,Indusind Bank Ltd.,upi,4026.61,captured,,5,7
pay_northwind_1312,Punjab National Bank,card,134.84,captured,,3,23
pay_northwind_1313,India Post Payments Bank Limited,upi,159.47,captured,,0,25
pay_northwind_1314,State Bank of India,upi,24266.74,captured,,0,1
pay_northwind_1315,Central Bank of India,upi,947.76,captured,,1,12
pay_northwind_1316,Kotak Mahindra Bank,upi,36.72,captured,,3,17
pay_northwind_1317,Bank Of India,upi,850.22,captured,,2,10
pay_northwind_1318,Indian Bank,upi,191.04,captured,,4,9
pay_northwind_1319,India Post Payments Bank Limited,card,660.7,captured,,2,3
pay_northwind_1320,ICICI Bank Ltd.,upi,576.92,captured,,12,8
pay_northwind_1321,Canara Bank,upi,878.95,failed,payment_risk_check_failed,2,28
pay_northwind_1322,HDFC Bank Ltd.,upi,884.15,captured,,22,27
pay_northwind_1323,State Bank of India,upi,20.56,captured,,2,1
pay_northwind_1324,State Bank of India,upi,664.89,captured,,5,13
pay_northwind_1325,State Bank of India,upi,946.12,captured,,15,27
pay_northwind_1326,HDFC Bank Ltd.,upi,892.96,captured,,4,25
pay_northwind_1327,HDFC Bank Ltd.,upi,564.72,captured,,3,21
pay_northwind_1328,Indian Bank,upi,511.71,captured,,1,5
pay_northwind_1329,Union Bank of India,upi,314.95,captured,,4,21
pay_northwind_1330,Bank of Baroda,upi,4252.29,failed,upi_intent_not_enabled,1,22
pay_northwind_1331,State Bank of India,upi,55.76,captured,,1,14
pay_northwind_1332,Axis Bank Ltd.,upi,8.8,captured,,14,5
pay_northwind_1333,State Bank of India,upi,2461.06,captured,,4,14
pay_northwind_1334,Bank of Baroda,upi,690.04,captured,,17,24
pay_northwind_1335,HDFC Bank Ltd.,upi,309.8,captured,,2,16
pay_northwind_1336,State Bank of India,upi,157.81,failed,payment_cancelled,23,27
pay_northwind_1337,State Bank of India,upi,206.52,captured,,14,12
pay_northwind_1338,India Post Payments Bank Limited,card,49.13,failed,transaction_frequency_limit_exceeded,1,1
pay_northwind_1339,ICICI Bank Ltd.,upi,29.1,captured,,3,1
pay_northwind_1340,Bank of Baroda,netbanking,208.1,captured,,1,26
pay_northwind_1341,Bank of Baroda,upi,4296.44,captured,,23,26
pay_northwind_1342,State Bank of India,upi,792.59,captured,,1,12
pay_northwind_1343,Airtel Payments Bank Limited,upi,547.21,captured,,5,4
pay_northwind_1344,Federal Bank Ltd.,upi,399.85,captured,,2,19
pay_northwind_1345,ICICI Bank Ltd.,upi,744.43,captured,,1,25
pay_northwind_1346,Indian Bank,card,983.52,captured,,23,24
pay_northwind_1347,ICICI Bank Ltd.,upi,178.84,captured,,2,7
pay_northwind_1348,Punjab National Bank,upi,915.16,failed,payment_declined,3,2
pay_northwind_1349,Union Bank of India,upi,976.2,captured,,4,3
pay_northwind_1350,State Bank of India,upi,4088.9,captured,,1,3
pay_northwind_1351,State Bank of India,upi,58.54,captured,,0,3
pay_northwind_1352,India Post Payments Bank Limited,upi,3380.08,captured,,17,24
pay_northwind_1353,Punjab National Bank,upi,79.61,captured,,3,24
pay_northwind_1354,India Post Payments Bank Limited,upi,565.38,captured,,23,12
pay_northwind_1355,State Bank of India,upi,363.88,captured,,12,18
pay_northwind_1356,Indian Bank,upi,620.46,captured,,1,21
pay_northwind_1357,Axis Bank Ltd.,card,997.39,captured,,4,11
pay_northwind_1358,Bank of Baroda,card,77.7,captured,,3,22
pay_northwind_1359,Canara Bank,upi,951.46,failed,payment_pending,23,19
pay_northwind_1360,HDFC Bank Ltd.,upi,1501.88,captured,,3,5
pay_northwind_1361,Union Bank of India,upi,565.48,captured,,0,12
pay_northwind_1362,Punjab National Bank,upi,878.35,captured,,1,23
pay_northwind_1363,State Bank of India,upi,968.33,captured,,1,28
pay_northwind_1364,Canara Bank,upi,414.54,failed,gateway_technical_error,23,27
pay_northwind_1365,State Bank of India,upi,507.63,captured,,7,14
pay_northwind_1366,State Bank of India,upi,1492.22,captured,,5,7
pay_northwind_1367,Axis Bank Ltd.,upi,293.76,captured,,1,5
pay_northwind_1368,Punjab National Bank,upi,897.05,captured,,1,11
pay_northwind_1369,State Bank of India,upi,17908.09,captured,,1,3
pay_northwind_1370,Canara Bank,upi,709.49,captured,,3,24
pay_northwind_1371,Axis Bank Ltd.,upi,787.32,captured,,2,10
pay_northwind_1372,State Bank of India,upi,24.97,captured,,4,19
pay_northwind_1373,State Bank of India,upi,663.57,captured,,1,9
pay_northwind_1374,Punjab National Bank,card,3544.73,captured,,4,18
pay_northwind_1375,Kotak Mahindra Bank,upi,696.63,captured,,22,24
pay_northwind_1376,Union Bank of India,upi,770.3,captured,,0,14
pay_northwind_1377,Indian Bank,upi,126.67,captured,,21,19
pay_northwind_1378,HDFC Bank Ltd.,upi,958.71,captured,,7,26
pay_northwind_1379,Union Bank of India,upi,962.02,failed,payment_session_expired,4,20
pay_northwind_1380,State Bank of India,upi,810.78,captured,,0,1
pay_northwind_1381,Kotak Mahindra Bank,card,194.05,captured,,12,12
pay_northwind_1382,ICICI Bank Ltd.,upi,990.4,captured,,3,1
pay_northwind_1383,Indian Bank,netbanking,94.04,captured,,5,24
pay_northwind_1384,Federal Bank Ltd.,upi,873.69,captured,,0,24
pay_northwind_1385,State Bank of India,upi,898.12,captured,,12,27
pay_northwind_1386,HDFC Bank Ltd.,upi,103.7,captured,,4,4
pay_northwind_1387,State Bank of India,upi,785.02,failed,transaction_daily_limit_exceeded,14,21
pay_northwind_1388,State Bank of India,upi,909.34,captured,,4,16
pay_northwind_1389,ICICI Bank Ltd.,upi,871.0,captured,,18,16
pay_northwind_1390,State Bank of India,upi,20.93,captured,,2,7
pay_northwind_1391,State Bank of India,upi,1837.61,captured,,3,11
pay_northwind_1392,Punjab National Bank,upi,491.41,captured,,23,10
pay_northwind_1393,ICICI Bank Ltd.,upi,355.73,captured,,2,7
pay_northwind_1394,State Bank of India,upi,703.03,captured,,3,16
pay_northwind_1395,Union Bank of India,upi,725.05,captured,,2,23
pay_northwind_1396,ICICI Bank Ltd.,upi,519.26,captured,,23,27
pay_northwind_1397,State Bank of India,upi,311.82,captured,,23,3
pay_northwind_1398,Bank of Maharashtra,upi,173.88,captured,,4,11
pay_northwind_1399,Punjab National Bank,upi,538.88,captured,,2,8
pay_northwind_1400,State Bank of India,upi,4635.45,captured,,2,21
pay_northwind_1401,Kotak Mahindra Bank,upi,365.44,captured,,2,8
pay_northwind_1402,ICICI Bank Ltd.,upi,44.97,captured,,14,19
pay_northwind_1403,Bank Of India,upi,4249.38,captured,,2,27
pay_northwind_1404,Fino Payments Bank Ltd.,upi,601.14,captured,,4,18
pay_northwind_1405,ICICI Bank Ltd.,upi,2472.11,captured,,2,21
pay_northwind_1406,Indian Bank,upi,2270.52,captured,,4,23
pay_northwind_1407,Punjab National Bank,netbanking,893.73,captured,,1,17
pay_northwind_1408,Indian Bank,upi,379.79,captured,,3,16
pay_northwind_1409,State Bank of India,upi,294.35,captured,,3,6
pay_northwind_1410,India Post Payments Bank Limited,upi,435.67,captured,,23,21
pay_northwind_1411,State Bank of India,card,521.95,captured,,23,24
pay_northwind_1412,Kotak Mahindra Bank,upi,77.47,captured,,19,18
pay_northwind_1413,Kotak Mahindra Bank,upi,155.56,failed,payment_pending,5,9
pay_northwind_1414,Punjab National Bank,upi,1244.12,captured,,4,12
pay_northwind_1415,Punjab National Bank,upi,919.52,failed,incorrect_otp,23,4
pay_northwind_1416,State Bank of India,upi,13.61,captured,,21,5
pay_northwind_1417,Canara Bank,upi,889.1,captured,,2,4
pay_northwind_1418,Punjab National Bank,netbanking,149.9,captured,,13,22
pay_northwind_1419,Kotak Mahindra Bank,card,46.38,captured,,23,24
pay_northwind_1420,HDFC Bank Ltd.,upi,253.04,captured,,2,25
pay_northwind_1421,Kotak Mahindra Bank,upi,657.02,captured,,4,3
pay_northwind_1422,ICICI Bank Ltd.,upi,854.0,captured,,4,11
pay_northwind_1423,State Bank of India,upi,614.08,captured,,5,22
pay_northwind_1424,UCO Bank,upi,773.71,captured,,23,23
pay_northwind_1425,Indian Bank,upi,711.23,failed,payment_cancelled,2,24
pay_northwind_1426,India Post Payments Bank Limited,upi,683.98,captured,,1,10
pay_northwind_1427,Axis Bank Ltd.,upi,495.81,captured,,15,8
pay_northwind_1428,HDFC Bank Ltd.,upi,3512.25,failed,credit_limit_exceeded,2,24
pay_northwind_1429,Bank Of India,upi,162.09,captured,,22,3
pay_northwind_1430,State Bank of India,upi,183.9,captured,,5,22
pay_northwind_1431,Union Bank of India,upi,4589.4,captured,,7,27
pay_northwind_1432,ICICI Bank Ltd.,upi,1783.87,captured,,5,19
pay_northwind_1433,ICICI Bank Ltd.,upi,2979.3,captured,,5,11
pay_northwind_1434,HDFC Bank Ltd.,upi,584.65,captured,,0,20
pay_northwind_1435,State Bank of India,upi,476.13,captured,,4,13
pay_northwind_1436,HDFC Bank Ltd.,upi,3748.27,captured,,4,24
pay_northwind_1437,Canara Bank,upi,419.46,captured,,19,12
pay_northwind_1438,HDFC Bank Ltd.,upi,708.84,captured,,19,25
pay_northwind_1439,State Bank of India,upi,656.89,captured,,1,17
pay_northwind_1440,State Bank of India,upi,12.72,captured,,9,8
pay_northwind_1441,Union Bank of India,upi,72.5,captured,,23,21
pay_northwind_1442,Bank of Baroda,card,68.53,captured,,0,23
pay_northwind_1443,India Post Payments Bank Limited,upi,4345.29,captured,,4,15
pay_northwind_1444,State Bank of India,card,286.14,captured,,22,1
pay_northwind_1445,State Bank of India,upi,2797.73,captured,,1,27
pay_northwind_1446,State Bank of India,upi,800.01,captured,,1,12
pay_northwind_1447,State Bank of India,upi,841.24,failed,payment_session_expired,1,7
pay_northwind_1448,Bank of Baroda,upi,4258.62,captured,,1,23
pay_northwind_1449,Airtel Payments Bank Limited,upi,632.49,failed,pin_attempts_exceeded,5,24
pay_northwind_1450,Bank of Baroda,upi,103.05,captured,,5,6
pay_northwind_1451,Indian Bank,upi,277.67,captured,,23,4
pay_northwind_1452,State Bank of India,upi,403.85,captured,,5,21
pay_northwind_1453,State Bank of India,upi,780.77,captured,,12,26
pay_northwind_1454,India Post Payments Bank Limited,upi,179.74,captured,,17,21
pay_northwind_1455,Indian Overseas Bank,card,646.16,captured,,5,7
pay_northwind_1456,State Bank of India,upi,660.66,captured,,23,26
pay_northwind_1457,HDFC Bank Ltd.,upi,187.16,captured,,5,11
pay_northwind_1458,Airtel Payments Bank Limited,card,214.16,captured,,5,3
pay_northwind_1459,Indusind Bank Ltd.,upi,70.08,captured,,0,11
pay_northwind_1460,Indian Overseas Bank,upi,1795.55,captured,,0,17
pay_northwind_1461,India Post Payments Bank Limited,upi,993.02,captured,,7,21
pay_northwind_1462,Kotak Mahindra Bank,upi,282.33,captured,,3,7
pay_northwind_1463,State Bank of India,upi,223.92,captured,,17,4
pay_northwind_1464,State Bank of India,upi,456.53,captured,,5,27
pay_northwind_1465,HDFC Bank Ltd.,upi,116.96,captured,,2,1
pay_northwind_1466,Indian Bank,card,845.94,captured,,1,20
pay_northwind_1467,State Bank of India,upi,1672.26,captured,,13,12
pay_northwind_1468,Axis Bank Ltd.,upi,248.89,captured,,2,27
pay_northwind_1469,Bank of Baroda,upi,942.55,captured,,5,8
pay_northwind_1470,Canara Bank,netbanking,733.31,captured,,0,15
pay_northwind_1471,Federal Bank Ltd.,upi,547.75,captured,,3,25
pay_northwind_1472,Canara Bank,upi,390.11,captured,,15,14
pay_northwind_1473,ICICI Bank Ltd.,upi,269.99,captured,,2,24
pay_northwind_1474,Central Bank of India,netbanking,116.52,captured,,18,9
pay_northwind_1475,State Bank of India,upi,69.03,captured,,4,1
pay_northwind_1476,State Bank of India,upi,16.78,captured,,9,8
pay_northwind_1477,Indian Bank,upi,116.76,captured,,3,7
pay_northwind_1478,Kotak Mahindra Bank,upi,136.93,captured,,5,12
pay_northwind_1479,Axis Bank Ltd.,upi,842.48,captured,,13,28
pay_northwind_1480,Union Bank of India,upi,958.86,captured,,15,1
pay_northwind_1481,Bank of Baroda,upi,374.41,captured,,4,22
pay_northwind_1482,Union Bank of India,netbanking,630.92,captured,,22,16
pay_northwind_1483,HDFC Bank Ltd.,card,704.52,captured,,5,23
pay_northwind_1484,Bank of Baroda,upi,818.18,captured,,23,14
pay_northwind_1485,State Bank of India,upi,325.43,captured,,1,8
pay_northwind_1486,State Bank of India,upi,109.97,failed,invalid_device,19,12
pay_northwind_1487,Indian Overseas Bank,upi,118.68,captured,,0,3
pay_northwind_1488,State Bank of India,card,357.78,captured,,5,9
pay_northwind_1489,State Bank of India,card,1224.8,failed,incorrect_pin,23,23
pay_northwind_1490,Bank of Baroda,upi,930.82,captured,,0,3
pay_northwind_1491,Bank Of India,upi,385.58,captured,,2,18
pay_northwind_1492,State Bank of India,upi,27.48,captured,,2,10
pay_northwind_1493,State Bank of India,card,113.61,failed,international_transaction_not_allowed,1,26
pay_northwind_1494,Kotak Mahindra Bank,card,14.17,captured,,0,17
pay_northwind_1495,Indian Overseas Bank,upi,695.83,failed,transaction_daily_count_exceeded,4,17
pay_northwind_1496,Bank of Maharashtra,upi,3489.48,captured,,8,19
pay_northwind_1497,Indian Bank,upi,1620.79,captured,,4,14
pay_northwind_1498,HDFC Bank Ltd.,upi,148.51,captured,,2,9
pay_northwind_1499,State Bank of India,upi,4195.23,captured,,1,6
pay_northwind_1500,State Bank of India,upi,640.78,captured,,23,16
pay_northwind_1501,India Post Payments Bank Limited,upi,4559.57,captured,,3,23
pay_northwind_1502,Kotak Mahindra Bank,upi,314.61,captured,,5,3
pay_northwind_1503,HDFC Bank Ltd.,upi,71.51,captured,,1,17
pay_northwind_1504,State Bank of India,upi,302.52,captured,,5,10
pay_northwind_1505,Indusind Bank Ltd.,upi,865.55,captured,,5,10
pay_northwind_1506,Punjab National Bank,card,2449.0,captured,,2,7
pay_northwind_1507,Union Bank of India,upi,61.58,captured,,1,9
pay_northwind_1508,UCO Bank,upi,652.73,captured,,1,27
pay_northwind_1509,State Bank of India,upi,4682.36,captured,,5,13
pay_northwind_1510,State Bank of India,upi,58.87,failed,transaction_daily_limit_exceeded,13,1
pay_northwind_1511,State Bank of India,upi,114.83,captured,,18,8
pay_northwind_1512,State Bank of India,upi,579.08,captured,,19,20
pay_northwind_1513,State Bank of India,upi,584.42,captured,,4,15
pay_northwind_1514,State Bank of India,upi,973.45,captured,,1,5
pay_northwind_1515,India Post Payments Bank Limited,upi,460.5,captured,,0,16
pay_northwind_1516,Fino Payments Bank Ltd.,card,16.78,captured,,0,28
pay_northwind_1517,Kotak Mahindra Bank,upi,118.02,captured,,4,7
pay_northwind_1518,HDFC Bank Ltd.,upi,734.42,captured,,5,21
pay_northwind_1519,ICICI Bank Ltd.,upi,826.22,captured,,4,7
pay_northwind_1520,Bank of Maharashtra,upi,93.51,captured,,22,17
pay_northwind_1521,HDFC Bank Ltd.,upi,271.31,captured,,1,8
pay_northwind_1522,Indusind Bank Ltd.,upi,933.17,captured,,2,15
pay_northwind_1523,Axis Bank Ltd.,upi,4930.89,captured,,4,25
pay_northwind_1524,State Bank of India,upi,389.84,captured,,0,8
pay_northwind_1525,Indian Bank,upi,944.58,captured,,5,24
pay_northwind_1526,HDFC Bank Ltd.,upi,511.76,captured,,7,7
pay_northwind_1527,State Bank of India,upi,165.21,captured,,23,6
pay_northwind_1528,Union Bank of India,upi,207.27,captured,,3,27
pay_northwind_1529,Bank of Baroda,upi,687.89,failed,upi_collect_not_enabled,2,9
pay_northwind_1530,HDFC Bank Ltd.,upi,279.31,captured,,23,5
pay_northwind_1531,HDFC Bank Ltd.,upi,377.51,captured,,23,8
pay_northwind_1532,Bank Of India,upi,55.02,failed,payment_collect_request_expired,2,20
pay_northwind_1533,HDFC Bank Ltd.,upi,746.24,captured,,1,16
pay_northwind_1534,Bank Of India,upi,925.06,failed,insufficient_funds,23,4
pay_northwind_1535,Bank of Baroda,upi,384.16,failed,insufficient_funds,23,4
pay_northwind_1536,Indian Bank,upi,836.9,failed,debit_declined,4,28
pay_northwind_1537,State Bank of India,upi,807.08,captured,,2,25
pay_northwind_1538,ICICI Bank Ltd.,upi,720.32,failed,payment_session_expired,2,15
pay_northwind_1539,Union Bank of India,upi,118.23,failed,payment_declined_due_to_high_traffic,4,11
pay_northwind_1540,State Bank of India,upi,782.28,captured,,8,3
pay_northwind_1541,HDFC Bank Ltd.,upi,2198.2,captured,,2,16
pay_northwind_1542,Bank of Baroda,upi,875.46,captured,,20,25
pay_northwind_1543,Union Bank of India,upi,151.39,captured,,5,15
pay_northwind_1544,HDFC Bank Ltd.,upi,326.48,captured,,1,25
pay_northwind_1545,India Post Payments Bank Limited,upi,408.04,captured,,5,28
pay_northwind_1546,Canara Bank,upi,257.65,captured,,5,23
pay_northwind_1547,State Bank of India,upi,858.92,captured,,3,9
pay_northwind_1548,State Bank of India,card,729.7,captured,,20,9
pay_northwind_1549,Bank of Baroda,upi,726.64,captured,,20,20
pay_northwind_1550,State Bank of India,upi,123.39,captured,,5,23
pay_northwind_1551,State Bank of India,upi,36.14,captured,,0,4
pay_northwind_1552,Kotak Mahindra Bank,upi,3483.07,failed,transaction_daily_count_exceeded,2,11
pay_northwind_1553,State Bank of India,upi,209.75,captured,,2,19
pay_northwind_1554,Canara Bank,upi,77.42,captured,,0,8
pay_northwind_1555,Bank of Baroda,upi,274.23,failed,collect_request_pending,3,11
pay_northwind_1556,Indian Overseas Bank,card,47.4,captured,,3,8
pay_northwind_1557,India Post Payments Bank Limited,upi,115.85,captured,,13,26
pay_northwind_1558,Bank of Maharashtra,upi,163.02,failed,incorrect_pin,4,12
pay_northwind_1559,Central Bank of India,upi,286.32,captured,,23,7
pay_northwind_1560,Axis Bank Ltd.,upi,2.23,captured,,3,12
pay_northwind_1561,Punjab National Bank,upi,147.89,captured,,0,5
pay_northwind_1562,Axis Bank Ltd.,upi,124.3,captured,,4,19
pay_northwind_1563,Canara Bank,upi,24.38,captured,,2,19
pay_northwind_1564,State Bank of India,upi,355.52,captured,,21,3
pay_northwind_1565,Union Bank of India,upi,308.13,captured,,3,8
pay_northwind_1566,Axis Bank Ltd.,upi,664.06,captured,,23,13
pay_northwind_1567,State Bank of India,card,175.56,captured,,0,18
pay_northwind_1568,ICICI Bank Ltd.,upi,59.09,captured,,2,12
pay_northwind_1569,Axis Bank Ltd.,upi,959.26,captured,,5,13
pay_northwind_1570,State Bank of India,upi,2942.99,captured,,5,7
pay_northwind_1571,Federal Bank Ltd.,upi,109.09,failed,transaction_limit_exceeded,1,20
pay_northwind_1572,Punjab National Bank,upi,822.93,captured,,4,15
pay_northwind_1573,State Bank of India,upi,4828.53,captured,,4,11
pay_northwind_1574,Federal Bank Ltd.,upi,330.73,captured,,23,12
pay_northwind_1575,Union Bank of India,upi,57.41,captured,,4,2
pay_northwind_1576,Bank of Baroda,upi,91.59,captured,,3,4
pay_northwind_1577,State Bank of India,netbanking,908.24,failed,payment_pending_approval,2,24
pay_northwind_1578,Punjab National Bank,upi,635.77,failed,insufficient_funds,2,19
pay_northwind_1579,Punjab National Bank,upi,955.76,captured,,2,14
pay_northwind_1580,State Bank of India,upi,519.45,captured,,6,6
pay_northwind_1581,Airtel Payments Bank Limited,upi,697.38,captured,,14,27
pay_northwind_1582,State Bank of India,upi,459.83,captured,,3,3
pay_northwind_1583,Kotak Mahindra Bank,card,134.23,captured,,12,15
pay_northwind_1584,Axis Bank Ltd.,netbanking,3943.22,captured,,4,12
pay_northwind_1585,State Bank of India,upi,138.48,captured,,2,11
pay_northwind_1586,Indusind Bank Ltd.,upi,150.88,captured,,3,25
pay_northwind_1587,Airtel Payments Bank Limited,upi,142.98,failed,insufficient_funds,2,18
pay_northwind_1588,Bank of Baroda,upi,956.12,captured,,0,2
pay_northwind_1589,India Post Payments Bank Limited,upi,689.34,captured,,18,28
pay_northwind_1590,Union Bank of India,upi,3569.25,captured,,23,22
pay_northwind_1591,HDFC Bank Ltd.,upi,12.92,captured,,1,26
pay_northwind_1592,Punjab National Bank,upi,4973.82,captured,,0,27
pay_northwind_1593,Union Bank of India,upi,616.0,captured,,1,22
pay_northwind_1594,Bank of Maharashtra,upi,892.16,failed,payment_collect_request_expired,1,3
pay_northwind_1595,Axis Bank Ltd.,upi,937.28,captured,,23,9
pay_northwind_1596,HDFC Bank Ltd.,upi,636.32,failed,duplicate_refund_id,5,9
pay_northwind_1597,Indian Bank,upi,63.04,captured,,6,9
pay_northwind_1598,State Bank of India,upi,715.94,captured,,0,9
pay_northwind_1599,Federal Bank Ltd.,upi,18.54,captured,,14,17
pay_northwind_1600,Bank of Baroda,upi,452.05,captured,,4,25
pay_northwind_1601,State Bank of India,upi,142.5,captured,,1,3
pay_northwind_1602,State Bank of India,upi,656.42,captured,,4,5
pay_northwind_1603,Central Bank of India,upi,945.07,captured,,0,23
pay_northwind_1604,Canara Bank,upi,991.07,failed,pin_attempts_exceeded,20,26
pay_northwind_1605,Federal Bank Ltd.,upi,48.01,captured,,4,6
pay_northwind_1606,Federal Bank Ltd.,upi,297.52,captured,,1,5
pay_northwind_1607,State Bank of India,upi,83.24,captured,,5,9
pay_northwind_1608,India Post Payments Bank Limited,upi,15054.45,captured,,2,12
pay_northwind_1609,State Bank of India,upi,141.87,captured,,23,14
pay_northwind_1610,Bank Of India,upi,424.15,captured,,1,12
pay_northwind_1611,State Bank of India,upi,33.46,captured,,3,16
pay_northwind_1612,UCO Bank,upi,646.45,captured,,0,21
pay_northwind_1613,State Bank of India,card,1579.22,captured,,2,5
pay_northwind_1614,Bank Of India,upi,4893.11,captured,,3,2
pay_northwind_1615,Kotak Mahindra Bank,netbanking,19.57,captured,,5,14
pay_northwind_1616,Axis Bank Ltd.,card,4245.94,captured,,1,27
pay_northwind_1617,Central Bank of India,upi,197.62,failed,invalid_email,23,8
pay_northwind_1618,Airtel Payments Bank Limited,upi,31.31,failed,credit_limit_exceeded,5,1
pay_northwind_1619,Airtel Payments Bank Limited,upi,4190.03,captured,,5,28
pay_northwind_1620,Axis Bank Ltd.,upi,201.47,captured,,0,23
pay_northwind_1621,Union Bank of India,upi,626.23,captured,,23,1
pay_northwind_1622,Axis Bank Ltd.,upi,706.21,captured,,0,4
pay_northwind_1623,HDFC Bank Ltd.,upi,822.38,captured,,4,12
pay_northwind_1624,Fino Payments Bank Ltd.,netbanking,112.69,failed,live_mode_not_enabled,3,28
pay_northwind_1625,Axis Bank Ltd.,upi,1601.88,captured,,23,2
pay_northwind_1626,Union Bank of India,upi,934.52,captured,,5,27
pay_northwind_1627,Punjab National Bank,upi,867.33,captured,,2,2
pay_northwind_1628,Axis Bank Ltd.,upi,87.31,captured,,19,24
pay_northwind_1629,State Bank of India,upi,989.73,captured,,20,25
pay_northwind_1630,India Post Payments Bank Limited,upi,1553.44,captured,,4,9
pay_northwind_1631,State Bank of India,upi,376.91,captured,,3,23
pay_northwind_1632,State Bank of India,upi,364.21,captured,,15,21
pay_northwind_1633,State Bank of India,upi,73.91,captured,,18,28
pay_northwind_1634,Indian Bank,upi,2400.95,captured,,7,19
pay_northwind_1635,Union Bank of India,upi,310.2,captured,,4,3
pay_northwind_1636,Union Bank of India,upi,724.77,captured,,8,28
pay_northwind_1637,Indian Bank,upi,206.5,captured,,8,11
pay_northwind_1638,ICICI Bank Ltd.,upi,511.73,captured,,16,13
pay_northwind_1639,HDFC Bank Ltd.,upi,2694.29,captured,,4,5
pay_northwind_1640,HDFC Bank Ltd.,card,787.24,captured,,1,6
pay_northwind_1641,Kotak Mahindra Bank,upi,249.21,captured,,16,18
pay_northwind_1642,HDFC Bank Ltd.,upi,959.11,captured,,23,2
pay_northwind_1643,Punjab National Bank,upi,419.76,captured,,14,25
pay_northwind_1644,Bank of Maharashtra,upi,177.21,captured,,7,13
pay_northwind_1645,Union Bank of India,upi,106.82,captured,,5,2
pay_northwind_1646,Canara Bank,upi,59.84,captured,,21,18
pay_northwind_1647,Central Bank of India,upi,186.83,captured,,5,20
pay_northwind_1648,Kotak Mahindra Bank,upi,516.74,captured,,0,15
pay_northwind_1649,Indian Bank,upi,974.95,captured,,2,20
pay_northwind_1650,Indusind Bank Ltd.,upi,163.07,captured,,3,11
pay_northwind_1651,State Bank of India,upi,121.21,failed,transaction_daily_limit_exceeded,5,9
pay_northwind_1652,Union Bank of India,upi,982.21,failed,payment_declined,5,13
pay_northwind_1653,India Post Payments Bank Limited,upi,471.69,failed,record_not_found,5,12
pay_northwind_1654,HDFC Bank Ltd.,upi,47.51,captured,,1,16
pay_northwind_1655,State Bank of India,upi,4505.79,captured,,22,17
pay_northwind_1656,ICICI Bank Ltd.,upi,674.55,captured,,18,11
pay_northwind_1657,Indian Overseas Bank,upi,176.98,captured,,2,27
pay_northwind_1658,HDFC Bank Ltd.,upi,668.98,captured,,16,16
pay_northwind_1659,Bank of Baroda,upi,5.78,failed,duplicate_refund_id,5,21
pay_northwind_1660,HDFC Bank Ltd.,upi,610.55,captured,,3,22
pay_northwind_1661,State Bank of India,upi,169.98,captured,,14,3
pay_northwind_1662,Union Bank of India,upi,883.81,captured,,4,12
pay_northwind_1663,State Bank of India,card,862.28,failed,beneficiary_account_does_not_exist,1,5
pay_northwind_1664,Canara Bank,upi,629.21,captured,,15,24
pay_northwind_1665,State Bank of India,upi,107.55,captured,,5,19
pay_northwind_1666,Fino Payments Bank Ltd.,upi,105.16,captured,,23,16
pay_northwind_1667,Union Bank of India,upi,163.41,captured,,12,19
pay_northwind_1668,Indian Bank,upi,694.85,captured,,23,6
pay_northwind_1669,Federal Bank Ltd.,upi,1024.26,failed,otp_attempts_exceeded,3,20
pay_northwind_1670,Union Bank of India,upi,489.74,captured,,4,3
pay_northwind_1671,Federal Bank Ltd.,upi,4702.8,captured,,2,22
pay_northwind_1672,Central Bank of India,upi,860.72,captured,,4,15
pay_northwind_1673,Central Bank of India,upi,493.71,captured,,1,10
pay_northwind_1674,ICICI Bank Ltd.,upi,3840.09,captured,,23,16
pay_northwind_1675,HDFC Bank Ltd.,upi,906.48,failed,transaction_frequency_limit_exceeded,2,11
pay_northwind_1676,Airtel Payments Bank Limited,upi,183.31,failed,incorrect_pin,23,1
pay_northwind_1677,Union Bank of India,upi,690.69,captured,,6,24
pay_northwind_1678,State Bank of India,card,883.02,captured,,21,24
pay_northwind_1679,State Bank of India,upi,112.51,captured,,3,1
pay_northwind_1680,HDFC Bank Ltd.,upi,163.76,captured,,19,19
pay_northwind_1681,Union Bank of India,upi,2239.63,captured,,13,26
pay_northwind_1682,Bank of Baroda,upi,54.37,captured,,23,7
pay_northwind_1683,Canara Bank,upi,520.34,captured,,2,26
pay_northwind_1684,State Bank of India,upi,984.65,captured,,21,27
pay_northwind_1685,Fino Payments Bank Ltd.,upi,729.39,captured,,7,9
pay_northwind_1686,HDFC Bank Ltd.,upi,737.44,captured,,0,23
pay_northwind_1687,State Bank of India,upi,148.51,captured,,10,27
pay_northwind_1688,Indian Overseas Bank,upi,821.36,captured,,5,18
pay_northwind_1689,State Bank of India,upi,153.16,captured,,12,10
pay_northwind_1690,State Bank of India,upi,418.15,captured,,2,28
pay_northwind_1691,Airtel Payments Bank Limited,upi,525.66,captured,,0,17
pay_northwind_1692,HDFC Bank Ltd.,card,96.66,captured,,1,22
pay_northwind_1693,Bank Of India,upi,952.62,captured,,4,25
pay_northwind_1694,State Bank of India,upi,194.58,captured,,4,11
pay_northwind_1695,Kotak Mahindra Bank,upi,314.54,captured,,0,24
pay_northwind_1696,Fino Payments Bank Ltd.,card,407.53,captured,,13,3
pay_northwind_1697,State Bank of India,upi,29.2,captured,,0,28
pay_northwind_1698,Kotak Mahindra Bank,upi,2772.34,captured,,13,3
pay_northwind_1699,HDFC Bank Ltd.,upi,1846.65,captured,,3,12
pay_northwind_1700,ICICI Bank Ltd.,upi,833.76,captured,,12,3
pay_northwind_1701,Canara Bank,upi,196.25,captured,,7,13
pay_northwind_1702,State Bank of India,upi,3191.75,captured,,13,4
pay_northwind_1703,Punjab National Bank,upi,636.65,captured,,2,26
pay_northwind_1704,HDFC Bank Ltd.,upi,739.92,captured,,1,20
pay_northwind_1705,Bank of Baroda,upi,156.43,captured,,1,5
pay_northwind_1706,Federal Bank Ltd.,upi,60.87,captured,,1,14
pay_northwind_1707,Kotak Mahindra Bank,upi,631.78,captured,,23,26
pay_northwind_1708,State Bank of India,upi,587.9,captured,,18,24
pay_northwind_1709,Indian Bank,upi,191.05,captured,,0,14
pay_northwind_1710,Punjab National Bank,upi,958.03,captured,,5,27
pay_northwind_1711,Canara Bank,upi,491.51,captured,,4,2
pay_northwind_1712,Indusind Bank Ltd.,card,4670.14,captured,,23,8
pay_northwind_1713,State Bank of India,upi,498.05,captured,,4,21
pay_northwind_1714,Punjab National Bank,upi,1977.95,captured,,4,25
pay_northwind_1715,Union Bank of India,upi,513.71,captured,,1,13
pay_northwind_1716,Canara Bank,upi,108.91,captured,,5,21
pay_northwind_1717,Union Bank of India,upi,585.17,failed,bank_cutoff_in_progress,1,16
pay_northwind_1718,State Bank of India,upi,532.6,captured,,5,7
pay_northwind_1719,India Post Payments Bank Limited,upi,479.96,captured,,5,5
pay_northwind_1720,Bank of Baroda,upi,932.04,failed,debit_declined,6,11
pay_northwind_1721,State Bank of India,upi,31.25,captured,,3,22
pay_northwind_1722,Axis Bank Ltd.,upi,828.77,captured,,0,13
pay_northwind_1723,HDFC Bank Ltd.,upi,40.31,captured,,16,28
pay_northwind_1724,Bank of Maharashtra,upi,523.14,captured,,10,24
pay_northwind_1725,Axis Bank Ltd.,upi,4926.41,captured,,21,19
pay_northwind_1726,HDFC Bank Ltd.,upi,159.45,captured,,5,3
pay_northwind_1727,State Bank of India,upi,92.38,captured,,0,10
pay_northwind_1728,State Bank of India,netbanking,129.91,captured,,1,17
pay_northwind_1729,Indian Bank,upi,497.51,failed,payment_pending_approval,23,23
pay_northwind_1730,State Bank of India,upi,17.19,captured,,2,17
pay_northwind_1731,HDFC Bank Ltd.,card,508.18,captured,,4,11
pay_northwind_1732,Axis Bank Ltd.,upi,34.81,captured,,7,28
pay_northwind_1733,Union Bank of India,upi,867.54,captured,,2,25
pay_northwind_1734,State Bank of India,upi,114.13,captured,,5,10
pay_northwind_1735,Bank Of India,upi,2491.72,captured,,22,24
pay_northwind_1736,Punjab National Bank,upi,445.79,captured,,3,4
pay_northwind_1737,State Bank of India,upi,138.93,captured,,23,5
pay_northwind_1738,Kotak Mahindra Bank,card,115.64,captured,,16,16
pay_northwind_1739,State Bank of India,upi,1741.46,captured,,4,6
pay_northwind_1740,Indian Bank,upi,4867.14,captured,,4,18
pay_northwind_1741,State Bank of India,upi,91.96,captured,,5,6
pay_northwind_1742,Bank of Baroda,card,951.62,captured,,4,25
pay_northwind_1743,Kotak Mahindra Bank,upi,197.67,captured,,5,23
pay_northwind_1744,Punjab National Bank,card,2580.18,captured,,0,19
pay_northwind_1745,State Bank of India,upi,18.69,captured,,3,5
pay_northwind_1746,State Bank of India,upi,85.09,captured,,0,17
pay_northwind_1747,State Bank of India,upi,139.41,captured,,23,27
pay_northwind_1748,Bank Of India,card,644.14,captured,,18,18
pay_northwind_1749,Canara Bank,upi,92.56,captured,,17,28
pay_northwind_1750,Canara Bank,upi,142.15,captured,,12,7
pay_northwind_1751,Canara Bank,upi,2597.07,captured,,23,27
pay_northwind_1752,Kotak Mahindra Bank,upi,226.56,captured,,3,20
pay_northwind_1753,Punjab National Bank,upi,14.66,captured,,21,10
pay_northwind_1754,Axis Bank Ltd.,upi,4267.38,captured,,1,5
pay_northwind_1755,State Bank of India,upi,269.71,failed,authentication_failed,23,4
pay_northwind_1756,HDFC Bank Ltd.,upi,506.27,captured,,2,21
pay_northwind_1757,Axis Bank Ltd.,upi,151.78,captured,,2,1
pay_northwind_1758,State Bank of India,upi,2348.3,captured,,4,5
pay_northwind_1759,Bank of Baroda,upi,35.97,failed,payment_collect_request_expired,5,28
pay_northwind_1760,State Bank of India,upi,106.57,captured,,23,18
pay_northwind_1761,Bank Of India,upi,62.0,failed,incorrect_otp,4,15
pay_northwind_1762,Punjab National Bank,upi,38.16,captured,,4,6
pay_northwind_1763,Punjab National Bank,upi,79.81,captured,,2,25
pay_northwind_1764,State Bank of India,upi,198.53,captured,,23,26
pay_northwind_1765,Indian Bank,upi,3885.31,captured,,3,12
pay_northwind_1766,Kotak Mahindra Bank,upi,569.27,captured,,5,16
pay_northwind_1767,HDFC Bank Ltd.,upi,983.53,captured,,5,7
pay_northwind_1768,State Bank of India,card,686.33,captured,,3,9
pay_northwind_1769,Airtel Payments Bank Limited,card,87.97,captured,,19,5
pay_northwind_1770,Indian Bank,card,605.48,captured,,23,21
pay_northwind_1771,Airtel Payments Bank Limited,upi,777.25,failed,payment_pending_approval,23,14
pay_northwind_1772,Indian Overseas Bank,netbanking,2938.34,captured,,11,6
pay_northwind_1773,ICICI Bank Ltd.,upi,738.9,captured,,4,21
pay_northwind_1774,State Bank of India,upi,684.25,captured,,5,1
pay_northwind_1775,Indian Bank,upi,1092.85,captured,,5,26
pay_northwind_1776,Kotak Mahindra Bank,upi,807.75,captured,,23,6
pay_northwind_1777,State Bank of India,upi,2081.29,captured,,3,21
pay_northwind_1778,State Bank of India,card,359.78,captured,,3,18
pay_northwind_1779,Kotak Mahindra Bank,upi,107.23,captured,,11,18
pay_northwind_1780,Airtel Payments Bank Limited,upi,2115.88,captured,,15,6
pay_northwind_1781,Indian Bank,card,432.82,failed,payment_cancelled,1,7
pay_northwind_1782,Canara Bank,card,3915.64,captured,,1,9
pay_northwind_1783,UCO Bank,upi,16.32,captured,,2,7
pay_northwind_1784,Bank of Baroda,upi,258.48,captured,,2,28
pay_northwind_1785,Punjab National Bank,upi,1981.91,captured,,22,7
pay_northwind_1786,State Bank of India,upi,991.82,captured,,0,11
pay_northwind_1787,Fino Payments Bank Ltd.,card,724.75,captured,,5,24
pay_northwind_1788,Indian Overseas Bank,upi,638.24,captured,,23,26
pay_northwind_1789,State Bank of India,upi,21.37,captured,,2,6
pay_northwind_1790,State Bank of India,upi,170.88,captured,,19,4
pay_northwind_1791,State Bank of India,upi,15.49,captured,,2,9
pay_northwind_1792,State Bank of India,upi,4279.24,captured,,2,26
pay_northwind_1793,Canara Bank,upi,68.73,captured,,23,7
pay_northwind_1794,Central Bank of India,upi,327.34,captured,,0,6
pay_northwind_1795,Union Bank of India,upi,3195.55,captured,,3,18
pay_northwind_1796,HDFC Bank Ltd.,upi,1907.85,captured,,5,3
pay_northwind_1797,Indian Bank,upi,127.7,captured,,5,24
pay_northwind_1798,Central Bank of India,upi,87.22,captured,,5,8
pay_northwind_1799,Kotak Mahindra Bank,upi,450.79,captured,,21,18
pay_northwind_1800,HDFC Bank Ltd.,upi,990.5,captured,,5,6
pay_northwind_1801,State Bank of India,upi,77.66,captured,,7,7
pay_northwind_1802,State Bank of India,upi,187.63,captured,,4,15
pay_northwind_1803,HDFC Bank Ltd.,upi,919.63,captured,,3,28
pay_northwind_1804,Punjab National Bank,card,1363.48,captured,,3,25
pay_northwind_1805,Axis Bank Ltd.,upi,736.32,captured,,2,6
pay_northwind_1806,Punjab National Bank,card,696.06,captured,,1,10
pay_northwind_1807,Punjab National Bank,upi,35.94,captured,,3,19
pay_northwind_1808,State Bank of India,upi,80.47,captured,,2,11
pay_northwind_1809,Airtel Payments Bank Limited,upi,112.46,captured,,4,3
pay_northwind_1810,ICICI Bank Ltd.,card,91.06,captured,,5,18
pay_northwind_1811,State Bank of India,card,27.58,captured,,2,14
pay_northwind_1812,State Bank of India,upi,60.06,captured,,4,19
pay_northwind_1813,State Bank of India,upi,370.36,captured,,3,15
pay_northwind_1814,HDFC Bank Ltd.,upi,550.14,captured,,2,16
pay_northwind_1815,State Bank of India,upi,473.28,captured,,23,18
pay_northwind_1816,HDFC Bank Ltd.,card,70.43,captured,,6,14
pay_northwind_1817,Kotak Mahindra Bank,upi,16.82,captured,,0,5
pay_northwind_1818,HDFC Bank Ltd.,card,127.21,captured,,23,14
pay_northwind_1819,State Bank of India,upi,68.45,captured,,23,9
pay_northwind_1820,HDFC Bank Ltd.,upi,409.14,captured,,0,15
pay_northwind_1821,Punjab National Bank,upi,15.3,captured,,3,13
pay_northwind_1822,Axis Bank Ltd.,upi,10.58,captured,,4,14
pay_northwind_1823,UCO Bank,upi,3138.12,failed,payment_declined,5,11
pay_northwind_1824,State Bank of India,upi,900.61,captured,,5,1
pay_northwind_1825,State Bank of India,upi,153.87,captured,,5,27
pay_northwind_1826,Airtel Payments Bank Limited,upi,732.52,captured,,23,12
pay_northwind_1827,Punjab National Bank,upi,370.46,captured,,3,25
pay_northwind_1828,Kotak Mahindra Bank,upi,463.65,captured,,4,4
pay_northwind_1829,State Bank of India,upi,93.52,captured,,2,3
pay_northwind_1830,Union Bank of India,upi,507.48,captured,,5,7
pay_northwind_1831,HDFC Bank Ltd.,upi,147.54,captured,,3,9
pay_northwind_1832,Indian Bank,upi,935.33,captured,,3,25
pay_northwind_1833,State Bank of India,upi,2656.14,captured,,3,16
pay_northwind_1834,Airtel Payments Bank Limited,upi,3629.76,captured,,0,4
pay_northwind_1835,State Bank of India,upi,72.04,captured,,20,16
pay_northwind_1836,State Bank of India,upi,575.27,captured,,8,9
pay_northwind_1837,Kotak Mahindra Bank,card,976.29,captured,,22,22
pay_northwind_1838,Canara Bank,card,2745.34,captured,,2,21
pay_northwind_1839,State Bank of India,upi,250.15,captured,,2,5
pay_northwind_1840,State Bank of India,upi,739.02,captured,,0,21
pay_northwind_1841,Union Bank of India,upi,44.98,captured,,1,28
pay_northwind_1842,State Bank of India,upi,57.3,captured,,4,8
pay_northwind_1843,Union Bank of India,upi,980.32,failed,credit_limit_exceeded,23,7
pay_northwind_1844,Fino Payments Bank Ltd.,upi,103.31,captured,,4,6
pay_northwind_1845,HDFC Bank Ltd.,upi,542.73,captured,,4,10
pay_northwind_1846,Axis Bank Ltd.,upi,261.07,captured,,3,23
pay_northwind_1847,Airtel Payments Bank Limited,upi,404.54,captured,,4,11
pay_northwind_1848,ICICI Bank Ltd.,upi,510.2,captured,,23,4
pay_northwind_1849,Canara Bank,upi,16338.52,captured,,5,13
pay_northwind_1850,Punjab National Bank,upi,4745.43,captured,,4,8
pay_northwind_1851,India Post Payments Bank Limited,upi,908.33,captured,,15,15
pay_northwind_1852,HDFC Bank Ltd.,upi,314.49,captured,,3,14
pay_northwind_1853,ICICI Bank Ltd.,upi,21.42,captured,,3,22
pay_northwind_1854,Bank of Baroda,upi,266.49,captured,,1,5
pay_northwind_1855,Kotak Mahindra Bank,upi,165.66,captured,,2,1
pay_northwind_1856,HDFC Bank Ltd.,upi,5.48,captured,,2,24
pay_northwind_1857,Punjab National Bank,upi,83.98,captured,,2,23
pay_northwind_1858,Bank of Baroda,upi,1920.74,captured,,1,8
pay_northwind_1859,State Bank of India,upi,852.29,captured,,0,19
pay_northwind_1860,State Bank of India,upi,421.64,captured,,17,5
pay_northwind_1861,Kotak Mahindra Bank,upi,164.4,captured,,15,27
pay_northwind_1862,Indian Bank,upi,155.95,captured,,0,23
pay_northwind_1863,State Bank of India,upi,514.71,captured,,2,25
pay_northwind_1864,Airtel Payments Bank Limited,upi,104.02,captured,,1,10
pay_northwind_1865,Punjab National Bank,upi,381.7,captured,,4,11
pay_northwind_1866,Indian Bank,upi,468.27,captured,,19,11
pay_northwind_1867,State Bank of India,upi,1218.4,captured,,0,4
pay_northwind_1868,Bank of Baroda,upi,732.29,failed,transaction_on_vpa_restricted,23,2
pay_northwind_1869,State Bank of India,upi,283.77,captured,,2,15
pay_northwind_1870,State Bank of India,upi,228.73,captured,,18,12
pay_northwind_1871,Union Bank of India,upi,287.54,captured,,2,13
pay_northwind_1872,State Bank of India,upi,2574.19,captured,,5,9
pay_northwind_1873,Union Bank of India,upi,61.69,captured,,16,7
pay_northwind_1874,ICICI Bank Ltd.,upi,158.73,captured,,0,4
pay_northwind_1875,State Bank of India,upi,241.68,captured,,5,23
pay_northwind_1876,India Post Payments Bank Limited,upi,44.8,captured,,2,16
pay_northwind_1877,State Bank of India,netbanking,1409.36,captured,,1,28
pay_northwind_1878,Union Bank of India,upi,771.88,captured,,4,21
pay_northwind_1879,State Bank of India,upi,138.46,captured,,1,10
pay_northwind_1880,ICICI Bank Ltd.,upi,161.04,captured,,3,25
pay_northwind_1881,Kotak Mahindra Bank,card,930.32,captured,,1,1
pay_northwind_1882,State Bank of India,upi,4079.11,captured,,1,7
pay_northwind_1883,Federal Bank Ltd.,upi,1702.32,captured,,4,3
pay_northwind_1884,Axis Bank Ltd.,upi,15.93,failed,transaction_daily_limit_exceeded,4,8
pay_northwind_1885,Indian Overseas Bank,upi,227.92,captured,,5,26
pay_northwind_1886,State Bank of India,upi,344.12,captured,,19,14
pay_northwind_1887,Axis Bank Ltd.,upi,320.2,captured,,21,25
pay_northwind_1888,Indian Overseas Bank,upi,50.26,captured,,23,22
pay_northwind_1889,India Post Payments Bank Limited,upi,1000.54,captured,,1,21
pay_northwind_1890,HDFC Bank Ltd.,upi,4777.8,captured,,2,9
pay_northwind_1891,ICICI Bank Ltd.,upi,90.05,captured,,15,6
pay_northwind_1892,Axis Bank Ltd.,upi,716.15,captured,,0,15
pay_northwind_1893,State Bank of India,upi,433.51,captured,,5,6
pay_northwind_1894,State Bank of India,card,182.45,captured,,23,26
pay_northwind_1895,Fino Payments Bank Ltd.,upi,76.96,captured,,9,15
pay_northwind_1896,State Bank of India,upi,799.22,failed,invalid_order_id,0,28
pay_northwind_1897,India Post Payments Bank Limited,upi,792.98,captured,,1,18
pay_northwind_1898,Axis Bank Ltd.,upi,2542.8,captured,,21,8
pay_northwind_1899,State Bank of India,upi,730.75,captured,,5,20
pay_northwind_1900,Central Bank of India,upi,443.24,captured,,1,27
pay_northwind_1901,State Bank of India,upi,525.66,captured,,5,1
pay_northwind_1902,ICICI Bank Ltd.,upi,65.75,captured,,18,25
pay_northwind_1903,Kotak Mahindra Bank,upi,491.42,captured,,0,21
pay_northwind_1904,State Bank of India,upi,145.05,captured,,14,7
pay_northwind_1905,HDFC Bank Ltd.,upi,4516.45,captured,,2,4
pay_northwind_1906,Bank of Baroda,upi,490.94,captured,,1,3
pay_northwind_1907,ICICI Bank Ltd.,upi,1331.22,captured,,3,13
pay_northwind_1908,Indusind Bank Ltd.,upi,869.44,captured,,2,25
pay_northwind_1909,Kotak Mahindra Bank,upi,271.02,captured,,3,5
pay_northwind_1910,HDFC Bank Ltd.,upi,741.14,captured,,17,12
pay_northwind_1911,Punjab National Bank,upi,132.24,captured,,8,1
pay_northwind_1912,HDFC Bank Ltd.,upi,2257.5,captured,,2,26
pay_northwind_1913,ICICI Bank Ltd.,upi,451.77,captured,,23,26
pay_northwind_1914,Bank of Baroda,upi,23010.95,captured,,1,4
pay_northwind_1915,Kotak Mahindra Bank,upi,897.92,captured,,3,2
pay_northwind_1916,State Bank of India,upi,459.95,captured,,5,28
pay_northwind_1917,State Bank of India,upi,973.47,captured,,4,17
pay_northwind_1918,State Bank of India,upi,685.68,captured,,5,7
pay_northwind_1919,Canara Bank,card,930.24,captured,,1,14
pay_northwind_1920,Airtel Payments Bank Limited,upi,518.25,captured,,3,11
pay_northwind_1921,Union Bank of India,upi,146.89,captured,,23,5
pay_northwind_1922,State Bank of India,upi,158.15,captured,,4,15
pay_northwind_1923,Union Bank of India,upi,703.05,captured,,5,24
pay_northwind_1924,ICICI Bank Ltd.,upi,494.16,captured,,1,5
pay_northwind_1925,State Bank of India,upi,679.48,captured,,0,20
pay_northwind_1926,State Bank of India,upi,799.4,captured,,12,2
pay_northwind_1927,Indian Overseas Bank,upi,69.1,captured,,2,12
pay_northwind_1928,State Bank of India,netbanking,915.93,failed,payment_pending,2,6
pay_northwind_1929,India Post Payments Bank Limited,upi,3562.24,failed,payment_pending_approval,5,8
pay_northwind_1930,Indian Overseas Bank,upi,277.38,captured,,2,13
pay_northwind_1931,State Bank of India,upi,123.96,captured,,3,1
pay_northwind_1932,Canara Bank,upi,68.64,captured,,3,12
pay_northwind_1933,State Bank of India,upi,976.71,captured,,1,28
pay_northwind_1934,Axis Bank Ltd.,upi,14.49,captured,,3,13
pay_northwind_1935,HDFC Bank Ltd.,upi,433.61,captured,,5,13
pay_northwind_1936,Bank Of India,upi,323.44,failed,verification_failed,4,19
pay_northwind_1937,State Bank of India,upi,127.87,captured,,14,19
pay_northwind_1938,Bank of Baroda,upi,308.82,captured,,0,19
pay_northwind_1939,Punjab National Bank,card,634.48,captured,,0,17
pay_northwind_1940,Airtel Payments Bank Limited,upi,1866.9,captured,,23,16
pay_northwind_1941,State Bank of India,upi,946.69,captured,,19,21
pay_northwind_1942,HDFC Bank Ltd.,upi,176.31,captured,,2,22
pay_northwind_1943,State Bank of India,netbanking,997.74,failed,bank_account_validation_failed,4,17
pay_northwind_1944,Bank of Baroda,upi,96.38,failed,payment_pending_approval,5,20
pay_northwind_1945,HDFC Bank Ltd.,upi,833.55,failed,credit_limit_exceeded,0,19
pay_northwind_1946,Indian Bank,upi,61.28,captured,,23,22
pay_northwind_1947,Indian Bank,upi,307.84,captured,,1,4
pay_northwind_1948,Canara Bank,upi,888.02,failed,payment_cancelled,5,17
pay_northwind_1949,State Bank of India,upi,701.49,captured,,0,8
pay_northwind_1950,HDFC Bank Ltd.,upi,64.82,captured,,0,3
pay_northwind_1951,Punjab National Bank,upi,932.97,captured,,0,24
pay_northwind_1952,Axis Bank Ltd.,upi,2168.98,captured,,2,24
pay_northwind_1953,Kotak Mahindra Bank,upi,313.43,captured,,0,3
pay_northwind_1954,Fino Payments Bank Ltd.,upi,251.27,failed,credit_limit_inactive,3,14
pay_northwind_1955,HDFC Bank Ltd.,upi,2849.12,captured,,1,4
pay_northwind_1956,India Post Payments Bank Limited,upi,438.41,captured,,1,14
pay_northwind_1957,HDFC Bank Ltd.,upi,194.71,captured,,2,17
pay_northwind_1958,HDFC Bank Ltd.,card,2310.41,captured,,1,8
pay_northwind_1959,State Bank of India,upi,865.01,captured,,10,5
pay_northwind_1960,India Post Payments Bank Limited,card,84.51,captured,,4,19
pay_northwind_1961,Union Bank of India,upi,262.21,failed,collect_request_pending,5,5
pay_northwind_1962,Canara Bank,upi,164.77,captured,,23,2
pay_northwind_1963,Bank of Baroda,upi,652.64,captured,,2,16
pay_northwind_1964,State Bank of India,upi,2445.78,captured,,23,12
pay_northwind_1965,State Bank of India,card,139.48,captured,,2,8
pay_northwind_1966,State Bank of India,card,324.81,captured,,18,19
pay_northwind_1967,Bank Of India,upi,2840.96,captured,,1,28
pay_northwind_1968,Canara Bank,upi,914.07,failed,payment_session_expired,1,13
pay_northwind_1969,Union Bank of India,upi,95.57,captured,,5,28
pay_northwind_1970,State Bank of India,upi,468.48,captured,,2,8
pay_northwind_1971,State Bank of India,upi,597.96,captured,,14,4
pay_northwind_1972,Kotak Mahindra Bank,upi,2799.74,captured,,1,19
pay_northwind_1973,Union Bank of India,upi,592.71,captured,,1,23
pay_northwind_1974,Punjab National Bank,netbanking,221.94,captured,,23,9
pay_northwind_1975,Punjab National Bank,upi,530.29,failed,otp_expired,23,16
pay_northwind_1976,Punjab National Bank,upi,954.92,captured,,4,25
pay_northwind_1977,Axis Bank Ltd.,upi,747.11,captured,,23,9
pay_northwind_1978,Indusind Bank Ltd.,upi,840.9,captured,,23,19
pay_northwind_1979,HDFC Bank Ltd.,upi,854.2,captured,,22,8
pay_northwind_1980,India Post Payments Bank Limited,upi,732.82,captured,,9,6
pay_northwind_1981,UCO Bank,upi,118.29,captured,,13,10
pay_northwind_1982,Bank Of India,upi,712.96,captured,,1,21
pay_northwind_1983,HDFC Bank Ltd.,upi,646.24,captured,,5,11
pay_northwind_1984,HDFC Bank Ltd.,upi,3.15,captured,,18,17
pay_northwind_1985,Union Bank of India,upi,291.65,captured,,17,15
pay_northwind_1986,State Bank of India,upi,155.32,captured,,5,16
pay_northwind_1987,State Bank of India,upi,1768.87,captured,,23,21
pay_northwind_1988,Indian Bank,card,103.85,captured,,3,18
pay_northwind_1989,Indian Bank,upi,684.93,captured,,14,18
pay_northwind_1990,State Bank of India,upi,698.71,captured,,4,23
pay_northwind_1991,HDFC Bank Ltd.,upi,148.7,captured,,23,20
pay_northwind_1992,Union Bank of India,upi,438.11,captured,,10,1
pay_northwind_1993,Punjab National Bank,upi,184.18,captured,,0,20
pay_northwind_1994,Bank of Baroda,upi,788.78,captured,,2,12
pay_northwind_1995,Federal Bank Ltd.,upi,620.54,failed,collect_request_pending,1,1
pay_northwind_1996,ICICI Bank Ltd.,card,361.92,captured,,3,15
pay_northwind_1997,Axis Bank Ltd.,upi,2811.47,captured,,4,15
pay_northwind_1998,Axis Bank Ltd.,card,278.04,captured,,0,22
pay_northwind_1999,Bank of Maharashtra,upi,8.27,captured,,17,7
pay_northwind_2000,India Post Payments Bank Limited,upi,305.39,captured,,0,20
pay_northwind_2001,State Bank of India,upi,24.75,captured,,1,17
pay_northwind_2002,Kotak Mahindra Bank,upi,165.7,captured,,15,14
pay_northwind_2003,HDFC Bank Ltd.,upi,207.6,captured,,0,21
pay_northwind_2004,State Bank of India,upi,370.56,captured,,0,14
pay_northwind_2005,State Bank of India,upi,307.59,captured,,1,7
pay_northwind_2006,Punjab National Bank,upi,847.48,captured,,12,11
pay_northwind_2007,State Bank of India,upi,552.4,captured,,1,18
pay_northwind_2008,Canara Bank,upi,166.02,failed,vpa_resolution_failed,3,9
pay_northwind_2009,Kotak Mahindra Bank,upi,54.77,captured,,8,1
pay_northwind_2010,Central Bank of India,upi,709.48,captured,,23,4
pay_northwind_2011,Airtel Payments Bank Limited,upi,1860.09,failed,international_transaction_not_allowed,0,16
pay_northwind_2012,ICICI Bank Ltd.,upi,147.85,captured,,1,25
pay_northwind_2013,State Bank of India,upi,3489.98,captured,,0,5
pay_northwind_2014,India Post Payments Bank Limited,upi,171.6,captured,,17,20
pay_northwind_2015,HDFC Bank Ltd.,upi,2774.41,captured,,5,21
pay_northwind_2016,Federal Bank Ltd.,upi,784.9,captured,,0,23
pay_northwind_2017,Kotak Mahindra Bank,upi,113.76,captured,,13,13
pay_northwind_2018,Kotak Mahindra Bank,upi,3187.68,captured,,5,27
pay_northwind_2019,Indian Bank,upi,270.09,captured,,0,23
pay_northwind_2020,State Bank of India,card,782.5,captured,,13,8
pay_northwind_2021,State Bank of India,upi,3590.8,captured,,7,6
pay_northwind_2022,Airtel Payments Bank Limited,upi,308.06,captured,,3,17
pay_northwind_2023,Fino Payments Bank Ltd.,upi,115.58,captured,,2,19
pay_northwind_2024,State Bank of India,upi,340.14,captured,,3,18
pay_northwind_2025,HDFC Bank Ltd.,upi,785.17,captured,,4,11
pay_northwind_2026,HDFC Bank Ltd.,upi,258.24,captured,,4,1
pay_northwind_2027,Punjab National Bank,card,47.92,captured,,3,11
pay_northwind_2028,Union Bank of India,upi,82.43,captured,,3,16
pay_northwind_2029,Bank Of India,card,765.96,captured,,13,5
pay_northwind_2030,State Bank of India,upi,3453.46,captured,,1,16
pay_northwind_2031,Kotak Mahindra Bank,upi,733.69,captured,,23,2
pay_northwind_2032,State Bank of India,upi,4498.01,captured,,4,8
pay_northwind_2033,Axis Bank Ltd.,upi,25.91,captured,,4,12
pay_northwind_2034,State Bank of India,upi,672.72,captured,,4,28
pay_northwind_2035,Indian Bank,upi,506.95,captured,,9,6
pay_northwind_2036,Bank Of India,card,847.92,failed,credit_not_permitted,1,23
pay_northwind_2037,State Bank of India,upi,73.25,captured,,5,18
pay_northwind_2038,State Bank of India,upi,654.82,captured,,23,26
pay_northwind_2039,Indian Bank,upi,2378.21,captured,,5,26
pay_northwind_2040,India Post Payments Bank Limited,upi,509.44,captured,,8,27
pay_northwind_2041,Canara Bank,upi,725.28,captured,,4,18
pay_northwind_2042,Bank of Baroda,upi,17106.85,captured,,3,26
pay_northwind_2043,Bank Of India,netbanking,61.63,captured,,5,23
pay_northwind_2044,ICICI Bank Ltd.,upi,542.83,captured,,14,3
pay_northwind_2045,Canara Bank,upi,776.6,captured,,15,27
pay_northwind_2046,State Bank of India,card,433.96,captured,,2,26
pay_northwind_2047,HDFC Bank Ltd.,upi,1699.11,captured,,0,28
pay_northwind_2048,Indian Bank,upi,73.61,captured,,0,12
pay_northwind_2049,Kotak Mahindra Bank,upi,406.24,captured,,2,26
pay_northwind_2050,India Post Payments Bank Limited,upi,192.38,captured,,3,14
pay_northwind_2051,Bank of Baroda,upi,296.69,captured,,4,10
pay_northwind_2052,Airtel Payments Bank Limited,upi,661.77,captured,,23,3
pay_northwind_2053,Punjab National Bank,upi,4046.73,captured,,3,27
pay_northwind_2054,State Bank of India,upi,276.83,captured,,0,22
pay_northwind_2055,HDFC Bank Ltd.,upi,1553.1,captured,,2,3
pay_northwind_2056,Airtel Payments Bank Limited,upi,832.26,captured,,11,21
pay_northwind_2057,Federal Bank Ltd.,upi,441.04,failed,credit_limit_exceeded,12,14
pay_northwind_2058,India Post Payments Bank Limited,card,115.41,captured,,19,15
pay_northwind_2059,Airtel Payments Bank Limited,upi,920.03,captured,,23,11
pay_northwind_2060,UCO Bank,upi,1626.63,captured,,2,13
pay_northwind_2061,State Bank of India,upi,129.58,captured,,1,12
pay_northwind_2062,Union Bank of India,upi,384.54,captured,,0,3
pay_northwind_2063,India Post Payments Bank Limited,upi,397.95,captured,,3,7
pay_northwind_2064,State Bank of India,upi,909.16,failed,debit_declined,13,2
pay_northwind_2065,HDFC Bank Ltd.,upi,65.06,captured,,0,10
pay_northwind_2066,Punjab National Bank,upi,163.13,captured,,5,6
pay_northwind_2067,State Bank of India,upi,432.07,captured,,23,9
pay_northwind_2068,Indian Bank,upi,44.68,captured,,0,19
pay_northwind_2069,India Post Payments Bank Limited,upi,590.49,failed,payment_pending,4,25
pay_northwind_2070,State Bank of India,upi,789.98,captured,,14,5
pay_northwind_2071,State Bank of India,upi,177.93,captured,,3,28
pay_northwind_2072,Bank Of India,upi,329.78,failed,otp_expired,15,28
pay_northwind_2073,HDFC Bank Ltd.,upi,233.93,captured,,17,28
pay_northwind_2074,Canara Bank,upi,1160.85,captured,,0,2
pay_northwind_2075,State Bank of India,upi,136.08,failed,incorrect_otp,1,2
pay_northwind_2076,HDFC Bank Ltd.,upi,341.43,captured,,4,25
pay_northwind_2077,State Bank of India,upi,624.9,captured,,1,12
pay_northwind_2078,Axis Bank Ltd.,upi,425.67,captured,,18,11
pay_northwind_2079,Kotak Mahindra Bank,upi,683.27,failed,incorrect_pin,1,9
pay_northwind_2080,Punjab National Bank,upi,23.6,failed,otp_attempts_exceeded,13,3
pay_northwind_2081,State Bank of India,upi,947.63,captured,,5,24
pay_northwind_2082,ICICI Bank Ltd.,upi,380.88,captured,,0,28
pay_northwind_2083,India Post Payments Bank Limited,upi,18.68,captured,,15,8
pay_northwind_2084,State Bank of India,netbanking,19.07,captured,,15,25
pay_northwind_2085,Axis Bank Ltd.,upi,365.68,captured,,23,16
pay_northwind_2086,Bank of Baroda,upi,3346.59,captured,,5,6
pay_northwind_2087,Kotak Mahindra Bank,upi,675.47,captured,,16,18
pay_northwind_2088,Bank of Baroda,upi,616.17,captured,,3,23
pay_northwind_2089,Airtel Payments Bank Limited,upi,51.85,captured,,22,12
pay_northwind_2090,State Bank of India,upi,801.71,captured,,0,19
pay_northwind_2091,State Bank of India,upi,131.74,captured,,14,16
pay_northwind_2092,ICICI Bank Ltd.,upi,398.39,captured,,5,13
pay_northwind_2093,State Bank of India,upi,255.07,captured,,1,14
pay_northwind_2094,Indusind Bank Ltd.,netbanking,274.88,captured,,1,28
pay_northwind_2095,State Bank of India,card,571.14,captured,,23,17
pay_northwind_2096,HDFC Bank Ltd.,upi,727.4,captured,,3,1
pay_northwind_2097,State Bank of India,netbanking,20.02,captured,,22,6
pay_northwind_2098,Bank Of India,upi,301.87,captured,,2,7
pay_northwind_2099,State Bank of India,upi,415.96,captured,,2,19
pay_northwind_2100,Punjab National Bank,upi,1653.09,captured,,13,3
pay_northwind_2101,Bank of Baroda,upi,189.72,captured,,5,6
pay_northwind_2102,State Bank of India,upi,54.56,captured,,22,5
pay_northwind_2103,Kotak Mahindra Bank,upi,599.46,captured,,2,14
pay_northwind_2104,State Bank of India,upi,4690.88,captured,,19,25
pay_northwind_2105,Federal Bank Ltd.,upi,2130.12,captured,,2,6
pay_northwind_2106,ICICI Bank Ltd.,upi,3834.41,captured,,23,7
pay_northwind_2107,HDFC Bank Ltd.,upi,277.51,captured,,2,4
pay_northwind_2108,State Bank of India,upi,980.9,captured,,21,17
pay_northwind_2109,Bank of Baroda,upi,22151.66,failed,otp_expired,2,24
pay_northwind_2110,HDFC Bank Ltd.,upi,707.15,captured,,0,19
pay_northwind_2111,Union Bank of India,card,154.6,failed,credit_limit_exceeded,23,10
pay_northwind_2112,State Bank of India,upi,5.49,captured,,1,24
pay_northwind_2113,Kotak Mahindra Bank,upi,3419.21,captured,,5,11
pay_northwind_2114,Bank of Baroda,upi,12.03,captured,,3,25
pay_northwind_2115,Canara Bank,upi,110.05,captured,,2,19
pay_northwind_2116,Bank of Baroda,upi,4310.51,captured,,5,19
pay_northwind_2117,State Bank of India,netbanking,258.85,captured,,5,3
pay_northwind_2118,HDFC Bank Ltd.,upi,769.12,captured,,1,18
pay_northwind_2119,Airtel Payments Bank Limited,upi,42.73,captured,,1,1
pay_northwind_2120,Indian Bank,upi,1897.98,captured,,1,9
pay_northwind_2121,Bank Of India,card,162.39,failed,request_timed_out,23,25
pay_northwind_2122,State Bank of India,upi,383.87,captured,,5,15
pay_northwind_2123,State Bank of India,upi,352.17,captured,,20,16
pay_northwind_2124,Punjab National Bank,upi,709.55,captured,,4,10
pay_northwind_2125,State Bank of India,upi,444.96,failed,insufficient_funds,4,13
pay_northwind_2126,Union Bank of India,upi,955.1,captured,,3,3
pay_northwind_2127,Kotak Mahindra Bank,upi,634.97,captured,,5,25
pay_northwind_2128,HDFC Bank Ltd.,upi,96.13,failed,collect_request_pending,3,16
pay_northwind_2129,Federal Bank Ltd.,upi,963.61,captured,,1,17
pay_northwind_2130,Bank of Maharashtra,upi,112.43,captured,,5,20
pay_northwind_2131,Bank Of India,upi,647.2,failed,payment_pending_approval,23,4
pay_northwind_2132,Indian Overseas Bank,upi,74.86,captured,,5,16
pay_northwind_2133,Union Bank of India,card,860.63,captured,,19,14
pay_northwind_2134,State Bank of India,upi,327.3,captured,,16,4
pay_northwind_2135,State Bank of India,upi,918.2,captured,,4,28
pay_northwind_2136,Central Bank of India,upi,4589.53,captured,,4,27
pay_northwind_2137,Union Bank of India,upi,855.35,captured,,5,13
pay_northwind_2138,Punjab National Bank,upi,12.34,captured,,3,16
pay_northwind_2139,Airtel Payments Bank Limited,upi,712.83,failed,transaction_frequency_limit_exceeded,2,7
pay_northwind_2140,Canara Bank,upi,571.75,captured,,6,25
pay_northwind_2141,ICICI Bank Ltd.,upi,966.46,captured,,4,9
pay_northwind_2142,India Post Payments Bank Limited,upi,56.68,captured,,3,19
pay_northwind_2143,Axis Bank Ltd.,upi,419.86,captured,,2,13
pay_northwind_2144,State Bank of India,upi,195.69,captured,,1,28
pay_northwind_2145,Bank of Baroda,upi,222.78,failed,insufficient_funds,13,3
pay_northwind_2146,Kotak Mahindra Bank,upi,50.19,captured,,5,2
pay_northwind_2147,Indusind Bank Ltd.,upi,757.86,captured,,3,15
pay_northwind_2148,Axis Bank Ltd.,upi,120.79,captured,,0,3
pay_northwind_2149,Axis Bank Ltd.,upi,83.55,captured,,5,23
pay_northwind_2150,Canara Bank,upi,130.8,captured,,23,15
pay_northwind_2151,State Bank of India,upi,157.83,captured,,23,26
pay_northwind_2152,Airtel Payments Bank Limited,upi,820.61,captured,,0,1
pay_northwind_2153,State Bank of India,upi,4633.83,captured,,13,11
pay_northwind_2154,UCO Bank,card,3862.15,captured,,4,8
pay_northwind_2155,HDFC Bank Ltd.,upi,30.6,captured,,15,7
pay_northwind_2156,Bank Of India,upi,58.07,captured,,23,25
pay_northwind_2157,Union Bank of India,upi,4495.73,captured,,2,2
pay_northwind_2158,Union Bank of India,upi,876.45,captured,,16,27
pay_northwind_2159,State Bank of India,upi,525.29,captured,,12,8
pay_northwind_2160,Fino Payments Bank Ltd.,upi,26.94,captured,,20,3
pay_northwind_2161,State Bank of India,upi,405.67,captured,,23,2
pay_northwind_2162,Union Bank of India,upi,431.36,captured,,23,19
pay_northwind_2163,HDFC Bank Ltd.,card,2132.42,captured,,1,18
pay_northwind_2164,Bank of Baroda,upi,172.46,captured,,1,24
pay_northwind_2165,Punjab National Bank,upi,126.01,captured,,3,19
pay_northwind_2166,India Post Payments Bank Limited,upi,434.65,captured,,2,17
pay_northwind_2167,Kotak Mahindra Bank,upi,306.06,captured,,5,14
pay_northwind_2168,Airtel Payments Bank Limited,upi,91.06,captured,,4,20
pay_northwind_2169,Central Bank of India,upi,409.87,captured,,4,19
pay_northwind_2170,State Bank of India,upi,514.29,failed,payment_cancelled,5,6
pay_northwind_2171,Indian Overseas Bank,upi,823.47,failed,debit_declined,23,23
pay_northwind_2172,State Bank of India,upi,3223.61,captured,,14,26
pay_northwind_2173,State Bank of India,upi,106.26,captured,,2,13
pay_northwind_2174,Union Bank of India,card,287.34,captured,,17,26
pay_northwind_2175,State Bank of India,upi,2800.45,captured,,23,7
pay_northwind_2176,State Bank of India,upi,924.97,captured,,4,9
pay_northwind_2177,HDFC Bank Ltd.,upi,61.81,captured,,18,24
pay_northwind_2178,State Bank of India,card,136.5,captured,,4,13
pay_northwind_2179,State Bank of India,upi,76.1,captured,,5,24
pay_northwind_2180,HDFC Bank Ltd.,upi,255.16,captured,,1,10
pay_northwind_2181,India Post Payments Bank Limited,upi,152.82,captured,,1,2
pay_northwind_2182,State Bank of India,upi,760.5,captured,,14,19
pay_northwind_2183,Indian Bank,upi,30.34,captured,,2,6
pay_northwind_2184,Fino Payments Bank Ltd.,card,851.62,captured,,0,20
pay_northwind_2185,State Bank of India,upi,863.24,captured,,4,17
pay_northwind_2186,Central Bank of India,upi,932.41,captured,,17,11
pay_northwind_2187,State Bank of India,upi,313.61,failed,invalid_vpa,23,27
pay_northwind_2188,State Bank of India,upi,900.07,captured,,20,13
pay_northwind_2189,State Bank of India,card,501.23,captured,,3,1
pay_northwind_2190,State Bank of India,upi,947.68,captured,,23,19
pay_northwind_2191,Indian Bank,upi,632.75,captured,,1,17
pay_northwind_2192,State Bank of India,upi,86.51,captured,,4,16
pay_northwind_2193,HDFC Bank Ltd.,upi,470.5,failed,payment_declined,3,17
pay_northwind_2194,State Bank of India,upi,588.77,captured,,1,8
pay_northwind_2195,State Bank of India,upi,71.34,captured,,4,1
pay_northwind_2196,State Bank of India,upi,238.99,captured,,2,2
pay_northwind_2197,Canara Bank,upi,164.23,captured,,3,13
pay_northwind_2198,Canara Bank,upi,255.98,captured,,15,28
pay_northwind_2199,Bank Of India,card,332.61,captured,,2,10
pay_northwind_2200,Airtel Payments Bank Limited,upi,330.31,captured,,1,1
pay_northwind_2201,Airtel Payments Bank Limited,upi,161.8,captured,,23,6
pay_northwind_2202,Axis Bank Ltd.,upi,158.86,captured,,3,1
pay_northwind_2203,Bank Of India,upi,4156.61,captured,,12,19
pay_northwind_2204,Bank of Baroda,upi,394.22,failed,beneficiary_account_does_not_exist,5,19
pay_northwind_2205,Punjab National Bank,upi,3.78,captured,,0,5
pay_northwind_2206,Airtel Payments Bank Limited,upi,907.1,captured,,20,9
pay_northwind_2207,Indian Bank,upi,88.92,captured,,4,25
pay_northwind_2208,HDFC Bank Ltd.,upi,1682.11,captured,,23,14
pay_northwind_2209,Canara Bank,upi,616.67,captured,,5,2
pay_northwind_2210,Bank of Baroda,upi,105.17,captured,,2,4
pay_northwind_2211,HDFC Bank Ltd.,upi,603.54,captured,,1,4
pay_northwind_2212,Indian Bank,upi,117.38,captured,,1,23
pay_northwind_2213,Bank Of India,upi,782.23,captured,,3,25
pay_northwind_2214,Kotak Mahindra Bank,upi,112.44,captured,,2,16
pay_northwind_2215,Bank Of India,upi,141.21,failed,psp_not_available,23,8
pay_northwind_2216,State Bank of India,upi,45.27,captured,,1,9
pay_northwind_2217,Bank of Baroda,card,686.84,captured,,4,10
pay_northwind_2218,Kotak Mahindra Bank,upi,167.43,captured,,23,22
pay_northwind_2219,Punjab National Bank,upi,37.3,captured,,3,21
pay_northwind_2220,Kotak Mahindra Bank,upi,3494.36,captured,,2,10
pay_northwind_2221,HDFC Bank Ltd.,upi,4803.29,captured,,4,1
pay_northwind_2222,State Bank of India,upi,58.89,captured,,9,16
pay_northwind_2223,Canara Bank,upi,240.48,captured,,4,21
pay_northwind_2224,HDFC Bank Ltd.,upi,166.22,captured,,5,16
pay_northwind_2225,HDFC Bank Ltd.,upi,110.61,captured,,4,17
pay_northwind_2226,State Bank of India,upi,17734.99,captured,,4,14
pay_northwind_2227,State Bank of India,upi,721.24,captured,,4,17
pay_northwind_2228,HDFC Bank Ltd.,upi,726.74,captured,,5,13
pay_northwind_2229,Central Bank of India,upi,4094.42,captured,,2,7
pay_northwind_2230,Bank Of India,upi,391.91,captured,,10,11
pay_northwind_2231,ICICI Bank Ltd.,upi,802.55,captured,,1,14
pay_northwind_2232,Punjab National Bank,upi,10.05,captured,,4,23
pay_northwind_2233,State Bank of India,upi,279.38,captured,,23,5
pay_northwind_2234,Bank of Baroda,netbanking,611.67,captured,,2,28
pay_northwind_2235,Bank of Baroda,upi,651.89,captured,,4,24
pay_northwind_2236,Canara Bank,upi,101.93,captured,,0,12
pay_northwind_2237,India Post Payments Bank Limited,upi,49.43,captured,,3,9
pay_northwind_2238,Indusind Bank Ltd.,upi,138.39,captured,,1,16
pay_northwind_2239,Bank of Baroda,card,302.05,failed,debit_declined,5,28
pay_northwind_2240,State Bank of India,upi,190.98,captured,,2,15
pay_northwind_2241,Union Bank of India,upi,391.15,captured,,0,5
pay_northwind_2242,Axis Bank Ltd.,upi,188.99,captured,,4,16
pay_northwind_2243,Bank Of India,upi,400.05,captured,,20,13
pay_northwind_2244,Bank of Baroda,upi,789.59,captured,,3,9
pay_northwind_2245,Bank of Baroda,upi,284.62,captured,,4,20
pay_northwind_2246,Airtel Payments Bank Limited,upi,177.72,captured,,3,18
pay_northwind_2247,Bank of Baroda,upi,698.17,failed,payment_pending,4,26
pay_northwind_2248,State Bank of India,upi,68.7,captured,,3,2
pay_northwind_2249,Union Bank of India,upi,929.49,captured,,2,14
pay_northwind_2250,State Bank of India,upi,978.44,captured,,5,20
pay_northwind_2251,Fino Payments Bank Ltd.,upi,289.3,failed,incorrect_otp,5,20
pay_northwind_2252,Indian Overseas Bank,netbanking,197.13,captured,,13,8
pay_northwind_2253,Axis Bank Ltd.,upi,545.9,captured,,0,18
pay_northwind_2254,State Bank of India,upi,706.96,captured,,4,3
pay_northwind_2255,Punjab National Bank,card,18.89,captured,,19,26
pay_northwind_2256,State Bank of India,upi,752.59,failed,pin_not_set,3,4
pay_northwind_2257,India Post Payments Bank Limited,upi,179.0,failed,transaction_frequency_limit_exceeded,4,26
pay_northwind_2258,Kotak Mahindra Bank,card,2860.33,captured,,3,2
pay_northwind_2259,State Bank of India,upi,4537.24,captured,,23,22
pay_northwind_2260,Airtel Payments Bank Limited,upi,889.71,captured,,20,18
pay_northwind_2261,State Bank of India,upi,4453.05,captured,,13,2
pay_northwind_2262,Bank of Baroda,upi,4519.23,captured,,22,13
pay_northwind_2263,HDFC Bank Ltd.,upi,2963.99,captured,,0,7
pay_northwind_2264,State Bank of India,upi,125.11,captured,,3,12
pay_northwind_2265,State Bank of India,netbanking,37.18,captured,,3,1
pay_northwind_2266,Axis Bank Ltd.,card,567.89,captured,,8,2
pay_northwind_2267,Canara Bank,upi,4273.08,captured,,4,28
pay_northwind_2268,Axis Bank Ltd.,upi,1411.51,captured,,3,24
pay_northwind_2269,ICICI Bank Ltd.,upi,113.28,captured,,0,5
pay_northwind_2270,State Bank of India,upi,32.47,captured,,23,14
pay_northwind_2271,Bank Of India,upi,3376.01,captured,,4,16
pay_northwind_2272,Central Bank of India,upi,128.83,captured,,3,10
pay_northwind_2273,Axis Bank Ltd.,upi,31.01,captured,,2,20
pay_northwind_2274,Airtel Payments Bank Limited,upi,212.5,captured,,20,23
pay_northwind_2275,State Bank of India,upi,3585.18,failed,credit_limit_exceeded,4,14
pay_northwind_2276,Indusind Bank Ltd.,netbanking,192.58,captured,,2,28
pay_northwind_2277,State Bank of India,upi,584.8,failed,debit_declined,3,14
pay_northwind_2278,Bank of Maharashtra,upi,997.02,captured,,2,15
pay_northwind_2279,Kotak Mahindra Bank,upi,3040.69,captured,,1,26
pay_northwind_2280,State Bank of India,upi,30.79,captured,,15,16
pay_northwind_2281,Indusind Bank Ltd.,upi,70.01,captured,,23,20
pay_northwind_2282,Indian Bank,upi,4152.72,failed,otp_expired,23,7
pay_northwind_2283,State Bank of India,upi,115.55,captured,,2,9
pay_northwind_2284,Punjab National Bank,upi,842.58,captured,,0,5
pay_northwind_2285,State Bank of India,upi,352.95,captured,,16,23
pay_northwind_2286,Bank of Maharashtra,upi,118.87,captured,,5,8
pay_northwind_2287,State Bank of India,upi,584.9,captured,,13,20
pay_northwind_2288,Punjab National Bank,upi,295.05,captured,,4,9
pay_northwind_2289,Canara Bank,upi,995.98,captured,,0,4
pay_northwind_2290,State Bank of India,upi,599.77,captured,,0,1
pay_northwind_2291,Canara Bank,netbanking,725.09,captured,,5,25
pay_northwind_2292,State Bank of India,upi,51.17,captured,,3,24
pay_northwind_2293,Bank of Baroda,upi,2060.98,captured,,4,4
pay_northwind_2294,India Post Payments Bank Limited,netbanking,3020.55,captured,,22,19
pay_northwind_2295,Central Bank of India,upi,935.01,captured,,23,28
pay_northwind_2296,HDFC Bank Ltd.,upi,163.88,captured,,3,4
pay_northwind_2297,UCO Bank,upi,415.16,captured,,12,20
pay_northwind_2298,Punjab National Bank,upi,37.64,captured,,18,21
pay_northwind_2299,Axis Bank Ltd.,upi,10.57,captured,,1,9
pay_northwind_2300,State Bank of India,upi,868.76,captured,,2,23
pay_northwind_2301,State Bank of India,upi,904.29,captured,,4,27
pay_northwind_2302,Bank of Baroda,upi,403.75,captured,,23,4
pay_northwind_2303,Central Bank of India,upi,217.91,captured,,4,21
pay_northwind_2304,Axis Bank Ltd.,card,52.66,captured,,1,7
pay_northwind_2305,Punjab National Bank,upi,279.06,captured,,4,19
pay_northwind_2306,State Bank of India,upi,124.73,captured,,0,8
pay_northwind_2307,Indian Bank,upi,67.97,captured,,3,21
pay_northwind_2308,HDFC Bank Ltd.,upi,106.89,captured,,4,15
pay_northwind_2309,Federal Bank Ltd.,upi,77.02,captured,,3,26
pay_northwind_2310,State Bank of India,upi,917.87,captured,,19,2
pay_northwind_2311,HDFC Bank Ltd.,upi,534.43,captured,,3,26
pay_northwind_2312,ICICI Bank Ltd.,card,37.32,failed,transaction_daily_count_exceeded,23,9
pay_northwind_2313,Kotak Mahindra Bank,upi,188.37,captured,,3,22
pay_northwind_2314,Indian Overseas Bank,upi,271.12,failed,bank_not_available,0,17
pay_northwind_2315,Union Bank of India,upi,497.33,captured,,1,12
pay_northwind_2316,Bank of Maharashtra,upi,901.84,captured,,4,16
pay_northwind_2317,Indian Bank,upi,70.2,captured,,0,20
pay_northwind_2318,Indian Bank,upi,114.85,captured,,0,4
pay_northwind_2319,Central Bank of India,upi,646.86,failed,payment_session_expired,1,16
pay_northwind_2320,State Bank of India,upi,3013.38,failed,payment_pending_approval,0,17
pay_northwind_2321,Union Bank of India,upi,68.39,captured,,3,8
pay_northwind_2322,Kotak Mahindra Bank,upi,104.06,captured,,2,26
pay_northwind_2323,Kotak Mahindra Bank,upi,125.14,captured,,12,8
pay_northwind_2324,Canara Bank,upi,267.12,captured,,3,28
pay_northwind_2325,Bank Of India,upi,308.81,captured,,13,28
pay_northwind_2326,Union Bank of India,card,405.02,captured,,23,18
pay_northwind_2327,Bank Of India,upi,193.42,captured,,3,28
pay_northwind_2328,Union Bank of India,upi,412.56,captured,,5,1
pay_northwind_2329,Bank of Baroda,upi,542.36,captured,,4,14
pay_northwind_2330,HDFC Bank Ltd.,card,3706.63,captured,,23,25
pay_northwind_2331,State Bank of India,upi,51.14,captured,,4,2
pay_northwind_2332,State Bank of India,upi,615.81,captured,,21,20
pay_northwind_2333,Canara Bank,upi,11.27,failed,payment_cancelled,0,19
pay_northwind_2334,HDFC Bank Ltd.,upi,181.6,failed,transaction_frequency_limit_exceeded,0,14
pay_northwind_2335,State Bank of India,upi,126.93,captured,,10,1
pay_northwind_2336,State Bank of India,upi,827.05,failed,collect_request_pending,3,7
pay_northwind_2337,State Bank of India,upi,117.71,failed,invalid_device,16,13
pay_northwind_2338,Canara Bank,card,362.86,captured,,22,27
pay_northwind_2339,Fino Payments Bank Ltd.,upi,600.12,failed,request_timed_out,4,10
pay_northwind_2340,India Post Payments Bank Limited,upi,966.67,captured,,3,3
pay_northwind_2341,Indian Bank,upi,779.85,captured,,0,12
pay_northwind_2342,Bank of Baroda,upi,561.95,failed,credit_limit_exceeded,18,2
pay_northwind_2343,Bank of Baroda,upi,42.45,captured,,21,14
pay_northwind_2344,Bank of Baroda,card,123.32,captured,,5,1
pay_northwind_2345,State Bank of India,upi,168.24,failed,payment_pending_approval,23,9
pay_northwind_2346,State Bank of India,upi,68.22,captured,,2,26
pay_northwind_2347,State Bank of India,upi,444.5,captured,,23,15
pay_northwind_2348,HDFC Bank Ltd.,upi,969.46,captured,,5,8
pay_northwind_2349,Bank of Baroda,upi,452.87,captured,,1,19
pay_northwind_2350,Fino Payments Bank Ltd.,upi,157.62,captured,,1,6
pay_northwind_2351,State Bank of India,upi,490.18,captured,,1,18
pay_northwind_2352,HDFC Bank Ltd.,card,93.17,captured,,1,23
pay_northwind_2353,Bank of Maharashtra,netbanking,314.12,captured,,23,2
pay_northwind_2354,State Bank of India,upi,314.66,captured,,1,3
pay_northwind_2355,Canara Bank,upi,700.58,captured,,11,9
pay_northwind_2356,Airtel Payments Bank Limited,card,22807.4,captured,,4,27
pay_northwind_2357,State Bank of India,upi,259.53,failed,payment_collect_request_expired,0,13
pay_northwind_2358,State Bank of India,card,76.08,captured,,2,9
pay_northwind_2359,State Bank of India,upi,39.14,captured,,11,5
pay_northwind_2360,State Bank of India,upi,632.02,captured,,20,9
pay_northwind_2361,Indusind Bank Ltd.,upi,724.7,captured,,0,6
pay_northwind_2362,Union Bank of India,upi,31.42,failed,invalid_currency,4,15
pay_northwind_2363,Punjab National Bank,upi,579.87,captured,,5,28
pay_northwind_2364,HDFC Bank Ltd.,upi,819.64,captured,,13,12
pay_northwind_2365,Indian Bank,upi,134.18,captured,,15,26
pay_northwind_2366,State Bank of India,upi,714.0,captured,,0,27
pay_northwind_2367,Union Bank of India,upi,3559.69,captured,,2,15
pay_northwind_2368,Kotak Mahindra Bank,upi,117.85,captured,,18,1
pay_northwind_2369,Indusind Bank Ltd.,upi,921.88,captured,,1,25
pay_northwind_2370,Punjab National Bank,card,13.1,captured,,4,4
pay_northwind_2371,Union Bank of India,card,34.46,captured,,23,3
pay_northwind_2372,Bank of Maharashtra,upi,162.84,failed,collect_request_pending,4,11
pay_northwind_2373,State Bank of India,upi,49.74,failed,payment_collect_request_expired,4,14
pay_northwind_2374,Punjab National Bank,upi,879.48,captured,,23,23
pay_northwind_2375,Union Bank of India,upi,469.49,captured,,12,1
pay_northwind_2376,Airtel Payments Bank Limited,upi,593.71,failed,invalid_device,4,11
pay_northwind_2377,Canara Bank,netbanking,205.27,captured,,10,24
pay_northwind_2378,Kotak Mahindra Bank,upi,229.54,captured,,23,24
pay_northwind_2379,Kotak Mahindra Bank,upi,798.31,captured,,3,5
pay_northwind_2380,Union Bank of India,upi,456.97,failed,payment_session_expired,12,9
pay_northwind_2381,Bank of Baroda,upi,665.97,captured,,4,15
pay_northwind_2382,HDFC Bank Ltd.,upi,172.64,captured,,5,28
pay_northwind_2383,HDFC Bank Ltd.,upi,608.67,captured,,23,26
pay_northwind_2384,Airtel Payments Bank Limited,upi,56.58,captured,,17,5
pay_northwind_2385,Punjab National Bank,upi,64.39,captured,,4,6
pay_northwind_2386,State Bank of India,upi,432.32,captured,,23,10
pay_northwind_2387,Kotak Mahindra Bank,upi,8.08,captured,,5,7
pay_northwind_2388,Punjab National Bank,upi,226.8,captured,,1,17
pay_northwind_2389,State Bank of India,card,820.57,failed,mcc_amount_limit_exceeded,0,8
pay_northwind_2390,HDFC Bank Ltd.,upi,599.6,captured,,5,7
pay_northwind_2391,UCO Bank,upi,162.29,captured,,12,13
pay_northwind_2392,State Bank of India,card,2727.76,captured,,2,1
pay_northwind_2393,Axis Bank Ltd.,upi,46.42,captured,,3,18
pay_northwind_2394,HDFC Bank Ltd.,upi,114.48,captured,,23,5
pay_northwind_2395,Punjab National Bank,netbanking,92.71,captured,,1,6
pay_northwind_2396,Canara Bank,upi,332.79,failed,incorrect_pin,18,20
pay_northwind_2397,Bank Of India,upi,179.87,captured,,5,26
pay_northwind_2398,Union Bank of India,upi,35.61,failed,incorrect_pin,0,26
pay_northwind_2399,Indian Overseas Bank,card,674.14,captured,,23,20
