id,date,product,issuer_bank,total_volume,approved_transaction_volume,business_decline_transactions,technical_decline_transactions
0,2021-01-08,NFS,State Bank of India,109.85,83.91,14.68,0.44
1,2021-01-08,NFS,Union Bank Of India,35.1,82.67,15.44,0.93
2,2021-01-08,NFS,Canara Bank,32.95,79.88,16.9,2.4
3,2021-01-08,NFS,Bank Of Baroda,30.98,81.56,16.73,0.7
4,2021-01-08,NFS,Punjab National Bank,29.26,82.62,15.71,0.68
5,2021-01-08,NFS,Indian Bank,25.34,81.85,14.96,2.34
6,2021-01-08,NFS,HDFC Bank,23.26,89.3,9.34,0.2
7,2021-01-08,NFS,Bank Of India,21.38,85.9,12.1,1.01
8,2021-01-08,NFS,ICICI Bank,16.37,89.14,9.02,0.77
9,2021-01-08,NFS,Central Bank of India,14.35,76.99,21.22,0.92
10,2021-01-08,NFS,Axis Bank,14.29,89.03,8.41,1.37
11,2021-01-08,NFS,Indian Overseas Bank,10.92,80.07,15.71,3.36
12,2021-01-08,NFS,UCO Bank,8.74,77.66,16.42,5.07
13,2021-01-08,NFS,Bank of Maharashtra,8.47,80.41,17.55,1.07
14,2021-01-08,NFS,Federal Bank,7.15,89.34,9.08,0.58
15,2021-01-08,NFS,Kotak Mahindra Bank,6.35,84.35,11.29,3.29
16,2021-01-08,NFS,IDBI Bank,5.55,87.51,10.99,0.38
17,2021-01-08,NFS,Indusind Bank,4.95,88.96,9.37,0.74
18,2021-01-08,NFS,Karnataka Bank,4.29,79.43,17.74,1.97
19,2021-01-08,NFS,Karur Vysya Bank,3.94,85.56,13.04,0.5
20,2021-01-08,NFS,IDFC,2.66,89.31,9.16,0.5
21,2021-01-08,NFS,Yes Bank Ltd,2.57,84.76,11.7,2.57
22,2021-01-08,NFS,Ujjivan Small Finance Bank Limited,2.55,80.43,18.09,0.63
23,2021-01-08,NFS,Bandhan Bank limited,2.46,86.23,12.45,0.39
24,2021-01-08,NFS,Paytm Payments Bank Ltd,2.38,83.33,15.1,0.53
25,2021-01-08,NFS,The South Indian Bank,2.36,86.26,11.28,1.52
26,2021-01-08,NFS,Punjab and Sind Bank,2.14,73.18,23.22,2.71
27,2021-01-08,NFS,Department of Post,1.79,75.7,22.71,0.84
28,2021-01-08,NFS,City Union Bank,1.74,82.7,15.26,1.08
29,2021-01-08,NFS,Jammu and Kashmir Bank,1.71,82.12,16.42,0.57
30,2021-01-08,NFS,ESAF Small Finance Bank,1.66,74.82,23.55,0.85
31,2021-01-08,NFS,Fino Payments Bank,1.66,74.99,23.65,0.57
32,2021-01-08,NFS,Tamilnaad Mercantile Bank,1.64,72.38,14.59,12.13
33,2021-01-08,NFS,Andhra Pradesh Grameena Vikas Bank,1.6,68.5,26.93,3.99
34,2021-01-08,NFS,Kerala Gramin Bank,1.52,77.84,17.49,3.97
35,2021-01-08,NFS,Fincare Small Finance Bank Limited,1.41,71.52,27.43,0.35
36,2021-01-08,NFS,Pragathi Krishna Gramin Bank,1.17,73.33,22.34,3.64
37,2021-01-08,NFS,Yes Bank ? Prepaid ? YP2,1.1,66.71,32.32,0.18
38,2021-01-08,NFS,Saraswat Co-operative Bank,0.1,89.63,7.99,1.17
39,2021-01-08,NFS,Maharashtra Gramin Bank,0.99,77.86,17.57,3.57
40,2021-01-08,NFS,Purvanchal Gramin Bank,0.98,82.52,15.94,0.6
41,2021-01-08,NFS,Jana Small Finance Bank Ltd,0.91,64.43,33.68,1.22
42,2021-01-08,NFS,DBS Bank,0.88,80.09,18.18,0.69
43,2021-01-08,NFS,Andhra Pragathi Grameena Bank,0.87,62.43,21.31,15.64
44,2021-01-08,NFS,Citibank,0.8,91.12,7.18,0.38
45,2021-01-08,NFS,Standard Chartered Bank,0.79,90.23,8.07,0.46
46,2021-01-08,NFS,Lakshmi Vilas Bank,0.73,82.1,16.23,0.75
47,2021-01-08,NFS,AU Small Finance Bank,0.71,75.46,23.06,0.47
48,2021-01-08,NFS,RBL Bank Limited,0.66,88.29,10.01,0.63
49,2021-01-08,NFS,Karnataka Vikas Grameena Bank,0.65,67.63,18.88,12.78
50,2021-01-08,AEPS,State Bank of India,74.43,72.85,18.93,4.8
51,2021-01-08,AEPS,Punjab National Bank,25.15,78.53,13.6,4.5
52,2021-01-08,AEPS,Bank of Baroda,22.29,64.15,27.78,5.69
53,2021-01-08,AEPS,Central Bank of India,18.22,83.84,9.67,2.9
54,2021-01-08,AEPS,Union Bank of India,17.11,79.83,12.93,3.94
55,2021-01-08,AEPS,Allahabad Bank,15.18,71.48,14.6,10.69
56,2021-01-08,AEPS,Bank of India,13.66,76.54,16.29,3.48
57,2021-01-08,AEPS,Canara Bank,8.4,79.45,11.04,6.0
58,2021-01-08,AEPS,Baroda Uttar Pradesh Gramin Bank ,6.73,78.49,14.05,4.85
59,2021-01-08,AEPS,Uttar Bihar Grameen Bank ,5.31,79.25,13.42,4.14
60,2021-01-08,AEPS,UCO Bank,5.19,74.5,16.81,5.08
61,2021-01-08,AEPS,India Post Payment Bank,5.15,74.96,17.1,4.74
62,2021-01-08,AEPS,Dakshin Bihar Gramin Bank erstwhile Madhya Bihar Gramin Bank,5.09,80.98,11.7,3.41
63,2021-01-08,AEPS,Baroda Rajasthan Kshetriya Gramin Bank,4.76,77.98,14.63,4.83
64,2021-01-08,AEPS,Indian Bank,4.67,65.07,23.99,7.67
65,2021-01-08,AEPS,Purvanchal Gramin Bank,4.08,66.58,16.34,14.2
66,2021-01-08,AEPS,Indian Overseas Bank,3.9,84.56,8.7,3.17
67,2021-01-08,AEPS,Madhya Pradesh Gramin Bank erstwhile Narmada Jhabua Gramin Bank,3.66,79.53,9.17,7.5
68,2021-01-08,AEPS,Chhattisgarh Rajya Gramin Bank,3.12,73.27,15.79,7.78
69,2021-01-08,AEPS,Prathma UP Gramin Bank erstwhile Sarva UP Gramin Bank ,3.07,80.29,12.57,3.47
70,2021-01-08,AEPS,Bank of Maharashtra,2.84,80.37,12.26,3.41
71,2021-01-08,AEPS,Bangiya Gramin Vikash Bank,2.77,74.46,12.76,10.03
72,2021-01-08,AEPS,Rajasthan Marudhara Gramin Bank,2.48,78.4,13.55,4.5
73,2021-01-08,AEPS,Aryavart Bank erstwhile Gramin Bank of Aryavart,2.4,57.26,33.9,4.82
74,2021-01-08,AEPS,ICICI Bank,2.18,77.43,16.04,3.47
75,2021-01-08,AEPS,Andhra Pradesh Grameena Vikash Bank,2.18,82.71,11.25,3.22
76,2021-01-08,AEPS,Madhyanchal Gramin Bank,1.99,78.15,13.33,4.77
77,2021-01-08,AEPS,Karnataka Gramin Bank erstwhile Pragathi Krishna Gramin Bank,1.77,82.97,10.16,3.42
78,2021-01-08,AEPS,Utkal Gramin Bank,1.77,80.0,11.54,5.41
79,2021-01-08,AEPS,Andhra Pragathi Grameena Bank,1.65,83.14,10.34,3.75
80,2021-01-08,AEPS,Airtel Payment Bank,1.33,71.52,17.53,8.14
81,2021-01-08,AEPS,Baroda Gujarat Gramin Bank,1.29,75.58,15.84,5.81
82,2021-01-08,AEPS,HDFC Bank,1.25,67.79,26.15,3.02
83,2021-01-08,AEPS,Jharkhand Rajya Gramin Bank erstwhile Vananchal Gramin Bank,1.13,72.05,18.81,5.75
84,2021-01-08,AEPS,IDBI Bank,1.1,76.22,17.52,3.03
85,2021-01-08,AEPS,Tripura Gramin Bank,1.06,52.5,11.41,33.49
86,2021-01-08,AEPS,Punjab & Sind Bank,1.05,69.94,16.7,9.8
87,2021-01-08,AEPS,Indusind Bank,0.99,77.4,15.0,4.64
88,2021-01-08,AEPS,Fino Payments Bank,0.93,76.99,17.44,2.9
89,2021-01-08,AEPS,Odisha Gramya Bank ,0.78,79.74,11.61,5.43
90,2021-01-08,AEPS,Telangana Grameena Bank,0.75,83.31,10.26,2.74
91,2021-01-08,AEPS,Sarva Haryana Gramin Bank,0.71,56.25,9.67,30.4
92,2021-01-08,AEPS,Uttar Banga Kshetriya Gramin Bank ,0.64,78.89,14.96,2.72
93,2021-01-08,AEPS,Karnataka Vikas Grameena Bank ,0.62,76.32,14.8,4.95
94,2021-01-08,AEPS,Axis Bank,0.61,64.42,29.18,3.42
95,2021-01-08,AEPS,Paytm Payments Bank,0.6,81.94,12.26,2.89
96,2021-01-08,AEPS,IDFC First Bank,0.45,70.63,7.86,18.78
97,2021-01-08,AEPS,Saptagiri Grameena Bank,0.45,76.68,16.26,4.11
98,2021-01-08,AEPS,TamilNadu Grama Bank erstwhile Pallavan Grama Bank,0.4,77.75,11.35,7.33
99,2021-01-08,AEPS,Vidarbha Konkan Gramin Bank,0.38,77.17,10.24,8.68
100,2021-01-10,NFS,State Bank of India,113.46,84.9,12.82,1.25
101,2021-01-10,NFS,Union Bank Of India,38.67,83.54,13.77,1.69
102,2021-01-10,NFS,Bank Of Baroda,33.14,81.98,14.22,2.74
103,2021-01-10,NFS,Canara Bank,32.19,82.92,14.67,1.53
104,2021-01-10,NFS,Punjab National Bank,31.87,81.54,14.03,3.41
105,2021-01-10,NFS,HDFC Bank,26.41,85.58,11.66,1.61
106,2021-01-10,NFS,Indian Bank,24.88,83.87,13.16,2.05
107,2021-01-10,NFS,Bank Of India,24.36,78.26,13.17,7.64
108,2021-01-10,NFS,ICICI Bank,18.29,87.5,9.49,1.95
109,2021-01-10,NFS,Axis Bank,16.19,85.92,9.91,3.0
110,2021-01-10,NFS,Central Bank of India,14.14,78.61,18.76,1.68
111,2021-01-10,NFS,Indian Overseas Bank,11.28,75.36,13.09,10.73
112,2021-01-10,NFS,UCO Bank,9.09,79.86,14.39,4.83
113,2021-01-10,NFS,Bank of Maharashtra,9.08,81.58,15.01,2.39
114,2021-01-10,NFS,Federal Bank,7.68,85.47,11.65,2.0
115,2021-01-10,NFS,Kotak Mahindra Bank,7.26,82.8,14.23,1.89
116,2021-01-10,NFS,IDBI Bank,6.19,82.07,14.66,2.18
117,2021-01-10,NFS,Indusind Bank,5.86,87.18,9.96,1.95
118,2021-01-10,NFS,Karnataka Bank,4.22,81.81,15.74,1.54
119,2021-01-10,NFS,Karur Vysya Bank,3.98,86.27,11.59,1.24
120,2021-01-10,NFS,Ujjivan Small Finance Bank Limited,2.97,78.69,18.39,2.04
121,2021-01-10,NFS,IDFC,2.91,87.38,9.91,1.66
122,2021-01-10,NFS,Yes Bank Ltd,2.81,87.53,10.44,0.96
123,2021-01-10,NFS,Bandhan Bank limited,2.79,83.08,12.73,3.23
124,2021-01-10,NFS,Paytm Payments Bank Ltd,2.69,79.83,17.63,1.54
125,2021-01-10,NFS,The South Indian Bank,2.49,82.87,13.18,3.1
126,2021-01-10,NFS,Punjab and Sind Bank,2.25,73.61,20.7,4.72
127,2021-01-10,NFS,Department of Post,1.93,80.8,13.26,5.09
128,2021-01-10,NFS,Jammu and Kashmir Bank,1.88,80.68,17.41,0.91
129,2021-01-10,NFS,Tamilnaad Mercantile Bank,1.84,67.54,13.74,17.89
130,2021-01-10,NFS,Fino Payments Bank,1.83,76.34,21.8,0.97
131,2021-01-10,NFS,City Union Bank,1.77,83.29,13.58,2.16
132,2021-01-10,NFS,Kerala Gramin Bank,1.56,77.8,16.92,4.65
133,2021-01-10,NFS,ESAF Small Finance Bank,1.52,73.61,23.95,1.68
134,2021-01-10,NFS,Andhra Pradesh Grameena Vikas Bank,1.39,67.3,29.31,2.77
135,2021-01-10,NFS,Fincare Small Finance Bank Limited,1.3,72.59,25.88,0.76
136,2021-01-10,NFS,Yes Bank ? Prepaid ? YP2,1.23,68.62,29.21,1.33
137,2021-01-10,NFS,Pragathi Krishna Gramin Bank,1.11,74.38,21.91,2.96
138,2021-01-10,NFS,Purvanchal Gramin Bank,1.11,82.8,14.47,1.71
139,2021-01-10,NFS,Saraswat Co-operative Bank,1.1,86.76,9.15,2.94
140,2021-01-10,NFS,Citibank,0.91,87.16,9.35,2.24
141,2021-01-10,NFS,Maharashtra Gramin Bank,0.89,81.8,15.64,1.34
142,2021-01-10,NFS,Standard Chartered Bank,0.89,87.73,9.06,1.97
143,2021-01-10,NFS,DBS Bank,0.87,81.59,15.43,1.91
144,2021-01-10,NFS,AU Small Finance Bank,0.78,77.61,19.99,1.34
145,2021-01-10,NFS,Andhra Pragathi Grameena Bank,0.76,62.54,19.44,17.36
146,2021-01-10,NFS,Equitas Small Finance Bank Ltd.,0.75,84.9,12.89,1.26
147,2021-01-10,NFS,RBL Bank Limited,0.72,86.5,10.46,1.98
148,2021-01-10,NFS,Chhattisgarh  Gramin Bank,0.71,80.67,13.51,4.93
149,2021-01-10,NFS,Lakshmi Vilas Bank,0.71,82.49,14.93,1.64
150,2021-01-11,NFS,State Bank of India,107.46,85.07,13.41,1.48
151,2021-01-11,NFS,Union Bank Of India,35.53,83.74,14.73,1.33
152,2021-01-11,NFS,Canara Bank,30.52,83.07,15.66,1.24
153,2021-01-11,NFS,Bank Of Baroda,30.81,82.25,14.96,2.74
1217,2022-01-08,NFS,IDBI Bank,5.97,81.49,14.4,3.17
154,2021-01-11,NFS,Punjab National Bank,28.93,84.15,14.23,1.35
155,2021-01-11,NFS,HDFC Bank,25.33,85.34,12.71,1.84
156,2021-01-11,NFS,Indian Bank,24.15,81.19,16.36,2.01
157,2021-01-11,NFS,Bank Of India,22.12,80.47,17.85,1.65
158,2021-01-11,NFS,ICICI Bank,17.49,85.5,12.97,1.39
159,2021-01-11,NFS,Axis Bank,14.99,86.37,10.56,2.97
160,2021-01-11,NFS,Central Bank of India,13.26,78.01,20.83,0.68
161,2021-01-11,NFS,Indian Overseas Bank,10.1,80.86,15.6,3.52
162,2021-01-11,NFS,UCO Bank,8.48,80.88,15.58,3.5
163,2021-01-11,NFS,Bank of Maharashtra,8.36,81.86,16.01,2.09
164,2021-01-11,NFS,Federal Bank,7.5,84.33,12.71,2.51
165,2021-01-11,NFS,Kotak Mahindra Bank,7.1,80.75,17.8,1.35
166,2021-01-11,NFS,IDBI Bank,5.1,82.64,15.21,1.94
167,2021-01-11,NFS,Indusind Bank,5.72,86.2,12.64,0.17
168,2021-01-11,NFS,Karnataka Bank,4.07,80.02,17.75,2.14
169,2021-01-11,NFS,Karur Vysya Bank,3.74,85.86,12.63,1.24
170,2021-01-11,NFS,Ujjivan Small Finance Bank Limited,3.05,78.42,20.17,0.98
171,2021-01-11,NFS,IDFC,2.76,86.51,11.85,0.32
172,2021-01-11,NFS,Yes Bank Ltd,2.74,86.32,10.74,2.53
173,2021-01-11,NFS,Paytm Payments Bank Ltd,2.79,80.75,18.08,0.87
174,2021-01-11,NFS,Bandhan Bank limited,2.64,83.01,15.92,0.1
175,2021-01-11,NFS,The South Indian Bank,2.37,83.37,14.11,2.37
176,2021-01-11,NFS,Punjab and Sind Bank,2.36,67.48,23.75,4.98
177,2021-01-11,NFS,Jammu and Kashmir Bank,1.82,82.61,15.96,1.31
178,2021-01-11,NFS,Department of Post,1.68,82.5,14.6,2.87
179,2021-01-11,NFS,City Union Bank,1.63,83.03,15.18,0.49
180,2021-01-11,NFS,Fino Payments Bank,1.76,76.22,22.51,1.23
181,2021-01-11,NFS,ESAF Small Finance Bank,1.59,76.26,22.38,1.27
182,2021-01-11,NFS,Kerala Gramin Bank,1.49,81.3,17.29,1.35
183,2021-01-11,NFS,Tamilnaad Mercantile Bank,1.81,65.58,19.34,14.65
184,2021-01-11,NFS,Fincare Small Finance Bank Limited,1.41,72.04,26.73,0.96
185,2021-01-11,NFS,Andhra Pradesh Grameena Vikas Bank,1.51,61.95,31.58,6.4
186,2021-01-11,NFS,Purvanchal Gramin Bank,1.07,83.94,14.32,1.22
187,2021-01-11,NFS,Yes Bank ? Prepaid ? YP2,1.29,68.92,29.46,1.59
188,2021-01-11,NFS,Saraswat Co-operative Bank,1.03,84.18,11.49,4.29
189,2021-01-11,NFS,Pragathi Krishna Gramin Bank,1.02,75.67,22.36,1.91
190,2021-01-11,NFS,Maharashtra Gramin Bank,0.94,81.24,16.66,1.73
191,2021-01-11,NFS,Standard Chartered Bank,0.81,85.09,13.34,1.41
192,2021-01-11,NFS,Citibank,0.8,85.72,12.4,1.7
193,2021-01-11,NFS,DBS Bank,0.8,81.75,16.49,1.72
194,2021-01-11,NFS,Equitas Small Finance Bank Ltd.,0.75,85.52,13.21,0.22
195,2021-01-11,NFS,RBL Bank Limited,0.69,85.0,13.57,0.1
196,2021-01-11,NFS,AU Small Finance Bank,0.73,77.64,20.68,1.46
197,2021-01-11,NFS,Lakshmi Vilas Bank,0.65,82.83,15.38,1.06
198,2021-01-11,NFS,Chhattisgarh  Gramin Bank,0.69,73.75,18.96,7.25
199,2021-01-11,NFS,Andhra Pragathi Grameena Bank,0.73,65.3,21.08,13.58
200,2021-01-10,AEPS,State Bank of India,66.25,75.93,20.22,3.58
201,2021-01-10,AEPS,Punjab National Bank,23.71,81.75,16.13,1.86
202,2021-01-10,AEPS,Bank of Baroda,18.17,68.12,29.67,1.99
203,2021-01-10,AEPS,Union Bank of India,17.06,86.41,11.55,1.8
204,2021-01-10,AEPS,Central Bank of India,16.49,87.67,10.88,1.17
205,2021-01-10,AEPS,Indian Bank,16.19,74.31,21.48,3.96
206,2021-01-10,AEPS,Bank of India,12.8,73.4,15.2,11.13
207,2021-01-10,AEPS,Bangiya Gramin Vikash Bank,7.01,39.48,9.15,51.15
208,2021-01-10,AEPS,Canara Bank,6.67,85.87,13.0,0.86
209,2021-01-10,AEPS,UCO Bank,5.21,80.13,13.91,5.7
210,2021-01-10,AEPS,Baroda Uttar Pradesh Gramin Bank ,4.97,80.89,15.22,3.67
211,2021-01-10,AEPS,Dakshin Bihar Gramin Bank erstwhile Madhya Bihar Gramin Bank,4.61,86.15,12.13,1.41
212,2021-01-10,AEPS,Uttar Bihar Grameen Bank ,4.54,79.6,15.09,5.07
213,2021-01-10,AEPS,India Post Payment Bank,4.26,78.54,18.0,3.19
214,2021-01-10,AEPS,Indian Overseas Bank,2.96,85.64,9.2,4.89
215,2021-01-10,AEPS,Baroda Rajasthan Kshetriya Gramin Bank,2.7,82.71,14.27,2.82
216,2021-01-10,AEPS,Chhattisgarh Rajya Gramin Bank,2.48,75.79,16.32,7.64
217,2021-01-10,AEPS,Purvanchal Gramin Bank,2.46,63.09,24.76,11.93
218,2021-01-10,AEPS,Madhya Pradesh Gramin Bank erstwhile Narmada Jhabua Gramin Bank,2.19,87.5,10.86,1.4
219,2021-01-10,AEPS,Bank of Maharashtra,1.96,82.33,13.8,3.62
220,2021-01-10,AEPS,Prathma UP Gramin Bank erstwhile Sarva UP Gramin Bank ,1.93,85.85,12.62,1.3
221,2021-01-10,AEPS,HDFC Bank,1.88,81.85,17.08,0.87
222,2021-01-10,AEPS,Rajasthan Marudhara Gramin Bank,1.71,84.6,11.37,3.77
223,2021-01-10,AEPS,Madhyanchal Gramin Bank,1.64,82.19,13.7,3.9
224,2021-01-10,AEPS,Karnataka Gramin Bank erstwhile Pragathi Krishna Gramin Bank,1.46,82.82,11.4,5.55
225,2021-01-10,AEPS,Indusind Bank,1.45,80.55,14.03,5.2
226,2021-01-10,AEPS,Utkal Gramin Bank,1.43,81.86,12.87,5.02
227,2021-01-10,AEPS,Aryavart Bank erstwhile Gramin Bank of Aryavart,1.42,66.44,31.87,1.45
228,2021-01-10,AEPS,ICICI Bank,1.41,77.95,19.6,2.2
229,2021-01-10,AEPS,Jharkhand Rajya Gramin Bank erstwhile Vananchal Gramin Bank,1.31,81.36,15.09,3.32
230,2021-01-10,AEPS,Tripura Gramin Bank,1.22,51.45,17.15,31.19
231,2021-01-10,AEPS,Airtel Payment Bank,1.14,79.29,18.22,2.25
232,2021-01-10,AEPS,Fino Payments Bank,1.13,84.45,13.56,1.78
233,2021-01-10,AEPS,Andhra Pradesh Grameena Vikash Bank,1.05,84.69,14.2,0.92
234,2021-01-10,AEPS,Punjab & Sind Bank,1.02,63.67,16.85,19.22
235,2021-01-10,AEPS,IDBI Bank,0.99,73.47,18.62,7.67
236,2021-01-10,AEPS,Axis Bank,0.94,78.99,18.65,2.18
237,2021-01-10,AEPS,Uttar Banga Kshetriya Gramin Bank ,0.85,85.6,13.07,1.04
238,2021-01-10,AEPS,Baroda Gujarat Gramin Bank,0.73,78.84,16.21,4.75
239,2021-01-10,AEPS,Andhra Pragathi Grameena Bank,0.7,83.87,13.36,2.57
240,2021-01-10,AEPS,Paytm Payments Bank,0.59,84.35,13.87,1.57
241,2021-01-10,AEPS,Odisha Gramya Bank ,0.56,85.5,12.39,1.82
242,2021-01-10,AEPS,Sarva Haryana Gramin Bank,0.55,83.72,13.65,2.31
243,2021-01-10,AEPS,Karnataka Vikas Grameena Bank ,0.51,81.02,15.1,3.65
244,2021-01-10,AEPS,Telangana Grameena Bank,0.49,89.72,8.67,1.36
245,2021-01-10,AEPS,IDFC First Bank,0.44,53.24,6.56,39.98
246,2021-01-10,AEPS,Punjab Gramin Bank,0.33,69.96,28.6,1.11
247,2021-01-10,AEPS,Saptagiri Grameena Bank,0.26,74.91,19.37,5.55
248,2021-01-10,AEPS,Ujjivan Small Finance Bank Limited,0.25,83.07,15.01,1.72
249,2021-01-10,AEPS,Karnataka Bank,0.24,54.5,32.39,12.31
250,2021-01-11,AEPS,State Bank of India,63.43,76.35,18.57,4.77
251,2021-01-11,AEPS,Punjab National Bank,21.85,83.31,14.03,2.33
252,2021-01-11,AEPS,Union Bank of India,22.54,88.68,9.01,2.05
253,2021-01-11,AEPS,Bank of Baroda,18.01,65.38,32.69,1.74
254,2021-01-11,AEPS,Indian Bank,16.76,73.82,20.02,5.86
255,2021-01-11,AEPS,Central Bank of India,15.4,87.55,10.5,1.63
256,2021-01-11,AEPS,Bank of India,11.66,77.82,15.6,6.25
257,2021-01-11,AEPS,Canara Bank,7.17,81.89,11.31,6.49
258,2021-01-11,AEPS,Bangiya Gramin Vikash Bank,5.42,41.02,6.92,51.79
259,2021-01-11,AEPS,Baroda Uttar Pradesh Gramin Bank ,5.17,83.07,15.14,1.57
260,2021-01-11,AEPS,UCO Bank,4.47,82.13,12.84,4.68
261,2021-01-11,AEPS,Uttar Bihar Grameen Bank ,3.6,84.67,12.02,3.02
262,2021-01-11,AEPS,Dakshin Bihar Gramin Bank erstwhile Madhya Bihar Gramin Bank,3.73,86.12,11.13,2.44
263,2021-01-11,AEPS,India Post Payment Bank,4.18,79.57,18.58,1.56
264,2021-01-11,AEPS,Indian Overseas Bank,3.57,86.26,8.88,4.54
265,2021-01-11,AEPS,Baroda Rajasthan Kshetriya Gramin Bank,2.87,83.72,14.22,1.81
266,2021-01-11,AEPS,Prathma UP Gramin Bank erstwhile Sarva UP Gramin Bank ,2.65,83.8,11.44,4.45
267,2021-01-11,AEPS,Purvanchal Gramin Bank,2.75,68.92,21.98,8.86
268,2021-01-11,AEPS,Madhya Pradesh Gramin Bank erstwhile Narmada Jhabua Gramin Bank,2.29,87.65,9.6,2.45
269,2021-01-11,AEPS,Chhattisgarh Rajya Gramin Bank,2.31,73.11,14.86,11.75
270,2021-01-11,AEPS,HDFC Bank,2.63,86.66,12.08,1.06
271,2021-01-11,AEPS,Bank of Maharashtra,2.06,83.79,13.64,2.24
272,2021-01-11,AEPS,Rajasthan Marudhara Gramin Bank,1.71,84.16,12.39,3.09
273,2021-01-11,AEPS,Madhyanchal Gramin Bank,1.66,82.35,12.47,4.88
1248,2022-01-08,NFS,Citibank,0.63,88.28,9.61,0.94
274,2021-01-11,AEPS,Aryavart Bank erstwhile Gramin Bank of Aryavart,1.85,69.19,28.89,1.63
275,2021-01-11,AEPS,Utkal Gramin Bank,1.69,79.07,10.62,10.05
276,2021-01-11,AEPS,ICICI Bank,1.4,77.16,20.05,2.47
277,2021-01-11,AEPS,Jharkhand Rajya Gramin Bank erstwhile Vananchal Gramin Bank,1.38,83.95,11.9,3.89
278,2021-01-11,AEPS,Karnataka Gramin Bank erstwhile Pragathi Krishna Gramin Bank,1.22,86.43,9.85,3.45
279,2021-01-11,AEPS,Punjab & Sind Bank,1.03,63.51,16.75,19.4
280,2021-01-11,AEPS,Indusind Bank,1.22,81.25,14.9,3.54
281,2021-01-11,AEPS,Airtel Payment Bank,1.13,76.18,19.38,4.2
282,2021-01-11,AEPS,Axis Bank,1.15,83.62,14.81,1.36
283,2021-01-11,AEPS,Andhra Pradesh Grameena Vikash Bank,0.1,81.38,13.15,5.21
284,2021-01-11,AEPS,IDBI Bank,0.92,78.19,14.5,6.98
285,2021-01-11,AEPS,Uttar Banga Kshetriya Gramin Bank ,0.82,85.34,10.83,3.52
286,2021-01-11,AEPS,Fino Payments Bank,0.86,75.22,18.04,6.45
287,2021-01-11,AEPS,Tripura Gramin Bank,0.82,64.85,19.96,14.88
288,2021-01-11,AEPS,Baroda Gujarat Gramin Bank,0.65,80.52,16.73,2.5
289,2021-01-11,AEPS,Andhra Pragathi Grameena Bank,0.77,81.81,15.12,2.79
290,2021-01-11,AEPS,Odisha Gramya Bank ,0.61,84.89,11.13,3.67
291,2021-01-11,AEPS,Sarva Haryana Gramin Bank,0.42,82.69,13.71,3.21
292,2021-01-11,AEPS,Paytm Payments Bank,0.58,84.69,13.13,1.93
293,2021-01-11,AEPS,Karnataka Vikas Grameena Bank ,0.45,82.54,13.45,3.72
294,2021-01-11,AEPS,Punjab Gramin Bank,0.31,70.73,27.3,1.53
295,2021-01-11,AEPS,Telangana Grameena Bank,0.41,89.11,8.62,1.95
296,2021-01-11,AEPS,TamilNadu Grama Bank erstwhile Pallavan Grama Bank,0.39,73.07,14.12,12.21
297,2021-01-11,AEPS,IDFC First Bank,0.37,68.32,13.72,17.66
298,2021-01-11,AEPS,Saptagiri Grameena Bank,0.3,73.22,19.91,6.59
299,2021-01-11,AEPS,Federal Bank,0.32,91.39,7.2,1.17
300,2021-01-09,NFS,State Bank of India,105.36,84.18,14.37,0.46
301,2021-01-09,NFS,Union Bank Of India,34.56,81.86,15.77,1.39
302,2021-01-09,NFS,Canara Bank,30.37,81.78,16.91,0.47
303,2021-01-09,NFS,Bank of Baroda,29.43,82.28,16.04,0.65
304,2021-01-09,NFS,Punjab National Bank,28.14,82.66,15.17,1.17
305,2021-01-09,NFS,Indian Bank,23.59,83.55,14.76,0.81
306,2021-01-09,NFS,HDFC Bank,22.92,89.24,9.26,0.33
307,2021-01-09,NFS,Bank Of India,20.38,85.96,12.35,0.68
308,2021-01-09,NFS,ICICI Bank,15.9,89.54,8.98,0.4
309,2021-01-09,NFS,Axis Bank,14.29,87.26,10.29,1.29
310,2021-01-09,NFS,Central Bank of India,13.36,77.55,21.23,0.33
311,2021-01-09,NFS,Indian Overseas Bank,10.53,78.82,15.68,4.64
312,2021-01-09,NFS,UCO Bank,8.39,78.51,16.54,4.11
313,2021-01-09,NFS,Bank of Maharashtra,8.26,80.66,16.98,1.36
314,2021-01-09,NFS,Federal Bank,7.1,87.06,11.42,0.62
315,2021-01-09,NFS,Kotak Mahindra Bank,6.41,84.38,11.9,2.62
316,2021-01-09,NFS,IDBI Bank,5.82,80.34,14.62,4.01
317,2021-01-09,NFS,Indusind Bank,5.25,87.43,9.09,2.59
318,2021-01-09,NFS,Karnataka Bank,4.17,80.05,17.61,1.44
319,2021-01-09,NFS,Karur Vysya Bank,3.85,85.62,12.96,0.5
320,2021-01-09,NFS,IDFC FIRST Bank Ltd,2.61,88.76,9.39,0.79
321,2021-01-09,NFS,Yes Bank Ltd,2.54,85.97,11.47,1.56
322,2021-01-09,NFS,Ujjivan Small Finance Bank Limited,2.52,80.54,17.87,0.69
323,2021-01-09,NFS,Bandhan Bank limited,2.5,86.06,12.6,0.39
324,2021-01-09,NFS,Paytm Payments Bank Limited,2.4,81.34,17.36,0.28
325,2021-01-09,NFS,Punjab and Sind Bank,2.34,64.81,22.35,12.05
326,2021-01-09,NFS,The South Indian Bank,2.32,83.99,13.67,1.44
327,2021-01-09,NFS,Department of Post,1.75,77.51,19.47,2.24
328,2021-01-09,NFS,City Union Bank,1.7,82.55,14.94,1.53
329,2021-01-09,NFS,Jammu and Kashmir Bank,1.68,82.25,16.68,0.15
330,2021-01-09,NFS,ESAF Small Finance Bank,1.66,76.02,22.37,0.85
331,2021-01-09,NFS,Fino Payments Bank,1.6,74.75,23.95,0.45
332,2021-01-09,NFS,Tamilnaad Mercantile Bank,1.43,78.85,16.7,3.44
333,2021-01-09,NFS,Kerala Gramin Bank,1.37,80.7,18.22,0.42
334,2021-01-09,NFS,Fincare Small Finance Bank Limited,1.36,68.93,30.23,0.14
426,2021-01-12,NFS,Punjab and Sind Bank,2.16,72.45,21.79,4.81
335,2021-01-09,NFS,Andhra Pradesh Grameena Vikas Bank,1.27,68.56,29.62,1.18
336,2021-01-09,NFS,Yes Bank - Prepaid - YP2,1.15,66.38,32.46,0.35
337,2021-01-09,NFS,Karnataka Gramin Bank (Erstwhile Pragathi Krishna Gramin Bank),1.12,74.33,23.86,1.1
338,2021-01-09,NFS,Baroda U.P. Bank (Erstwhile Purvanchal Bank),1.01,81.78,15.69,1.54
339,2021-01-09,NFS,Saraswat Co-operative Bank,0.95,90.63,7.46,0.66
340,2021-01-09,NFS,Maharashtra Gramin Bank,0.87,78.5,16.4,4.07
341,2021-01-09,NFS,DBS Bank India Limited,0.83,80.63,17.58,0.74
342,2021-01-09,NFS,Standard Chartered Bank,0.8,85.98,8.52,4.3
343,2021-01-09,NFS,Citibank,0.76,90.79,7.32,0.57
344,2021-01-09,NFS,DBS Bank India Limited Erstwhile LVB,0.7,82.43,15.86,0.79
345,2021-01-09,NFS,AU Small Finance Bank,0.7,76.37,22.21,0.4
346,2021-01-09,NFS,AGT,0.69,63.2,21.02,15.12
347,2021-01-09,NFS,Jana Small Finance Bank Ltd.,0.69,68.1,30.29,0.86
348,2021-01-09,NFS,Equitas Small Finance Bank Limited,0.67,84.51,14.29,0.32
349,2021-01-09,NFS,RBL Bank Limited,0.65,88.08,9.87,1.0
350,2021-01-09,AEPS,State Bank of India,63.44,71.41,20.19,7.08
351,2021-01-09,AEPS,Punjab National Bank,20.03,82.44,14.46,1.71
352,2021-01-09,AEPS,Bank of Baroda,17.72,67.77,28.84,2.11
353,2021-01-09,AEPS,Central Bank of India,14.87,85.96,10.39,2.24
354,2021-01-09,AEPS,Union Bank of India,14.06,81.45,13.4,3.86
355,2021-01-09,AEPS,Bank of India,11.51,78.52,17.11,2.96
356,2021-01-09,AEPS,Indian Bank,10.93,64.32,24.37,5.54
357,2021-01-09,AEPS,Canara Bank,6.78,84.13,12.93,1.64
358,2021-01-09,AEPS,Uttar Bihar Grameen Bank ,5.28,60.16,12.03,26.61
359,2021-01-09,AEPS,Baroda Uttar Pradesh Gramin Bank ,5.16,81.98,14.85,1.73
360,2021-01-09,AEPS,Allahabad Bank,4.85,69.2,23.75,4.1
361,2021-01-09,AEPS,Dakshin Bihar Gramin Bank erstwhile Madhya Bihar Gramin Bank,4.44,81.94,13.89,2.59
362,2021-01-09,AEPS,UCO Bank,4.29,79.09,16.11,3.43
363,2021-01-09,AEPS,India Post Payment Bank,4.07,77.57,17.81,3.35
364,2021-01-09,AEPS,Indian Overseas Bank,3.35,83.4,8.46,6.76
365,2021-01-09,AEPS,Purvanchal Gramin Bank,2.95,47.24,37.07,14.34
366,2021-01-09,AEPS,Baroda Rajasthan Kshetriya Gramin Bank,2.85,82.69,13.62,2.25
367,2021-01-09,AEPS,Chhattisgarh Rajya Gramin Bank,2.78,71.96,16.46,10.16
368,2021-01-09,AEPS,Madhya Pradesh Gramin Bank erstwhile Narmada Jhabua Gramin Bank,2.45,85.06,10.26,3.17
369,2021-01-09,AEPS,Bangiya Gramin Vikash Bank,2.36,62.23,11.48,25.1
370,2021-01-09,AEPS,Karnataka Gramin Bank erstwhile Pragathi Krishna Gramin Bank,2.26,83.48,12.04,3.44
371,2021-01-09,AEPS,Prathma UP Gramin Bank erstwhile Sarva UP Gramin Bank ,2.17,83.03,13.35,2.18
372,2021-01-09,AEPS,Bank of Maharashtra,2.1,81.96,14.53,2.01
373,2021-01-09,AEPS,Rajasthan Marudhara Gramin Bank,1.75,82.99,12.3,3.24
374,2021-01-09,AEPS,Utkal Gramin Bank,1.66,81.85,12.81,4.14
375,2021-01-09,AEPS,Aryavart Bank erstwhile Gramin Bank of Aryavart,1.58,60.82,35.4,2.34
376,2021-01-09,AEPS,ICICI Bank,1.43,76.26,19.91,2.55
377,2021-01-09,AEPS,Madhyanchal Gramin Bank,1.34,78.55,15.21,4.84
378,2021-01-09,AEPS,Indusind Bank,1.34,77.42,14.8,6.77
379,2021-01-09,AEPS,HDFC Bank,1.22,69.89,26.94,2.05
380,2021-01-09,AEPS,Punjab & Sind Bank,1.15,64.4,15.04,19.06
381,2021-01-09,AEPS,Airtel Payment Bank,1.09,74.34,19.75,4.76
382,2021-01-09,AEPS,Jharkhand Rajya Gramin Bank erstwhile Vananchal Gramin Bank,1.08,74.53,18.08,6.01
383,2021-01-09,AEPS,IDBI Bank,1.0,72.17,19.43,7.18
384,2021-01-09,AEPS,Tripura Gramin Bank,0.94,49.82,22.34,26.71
385,2021-01-09,AEPS,Andhra Pradesh Grameena Vikash Bank,0.93,81.16,13.73,3.88
386,2021-01-09,AEPS,Fino Payments Bank,0.92,81.32,16.23,1.44
387,2021-01-09,AEPS,Baroda Gujarat Gramin Bank,0.82,78.66,16.85,2.9
388,2021-01-09,AEPS,Karnataka Vikas Grameena Bank ,0.82,80.54,15.63,2.76
389,2021-01-09,AEPS,Odisha Gramya Bank ,0.75,81.51,12.54,4.72
390,2021-01-09,AEPS,Axis Bank,0.71,73.12,24.28,1.6
391,2021-01-09,AEPS,Andhra Pragathi Grameena Bank,0.61,80.7,12.93,5.2
392,2021-01-09,AEPS,Paytm Payments Bank,0.6,83.93,12.4,2.52
393,2021-01-09,AEPS,Sarva Haryana Gramin Bank,0.58,80.76,12.52,5.48
394,2021-01-09,AEPS,Uttar Banga Kshetriya Gramin Bank ,0.52,82.17,14.83,1.66
395,2021-01-09,AEPS,Telangana Grameena Bank,0.5,86.01,9.36,3.28
396,2021-01-09,AEPS,Punjab Gramin Bank,0.41,72.18,24.34,1.67
397,2021-01-09,AEPS,IDFC First Bank,0.39,69.86,9.18,19.85
398,2021-01-09,AEPS,TamilNadu Grama Bank erstwhile Pallavan Grama Bank,0.36,76.5,14.1,8.11
399,2021-01-09,AEPS,Karnataka Bank,0.32,55.69,37.24,5.94
400,2021-01-12,NFS,State Bank of India,111.28,85.01,13.66,0.48
401,2021-01-12,NFS,Union Bank Of India,36.74,83.89,14.75,0.42
402,2021-01-12,NFS,Canara Bank,32.37,80.14,18.55,0.5
403,2021-01-12,NFS,Bank Of Baroda,32.07,78.76,18.73,1.58
404,2021-01-12,NFS,Punjab National Bank,29.62,82.8,14.73,1.52
405,2021-01-12,NFS,Indian Bank,25.28,81.11,16.68,1.33
406,2021-01-12,NFS,HDFC Bank,25.23,86.4,12.36,0.15
407,2021-01-12,NFS,Bank Of India,23.31,80.02,17.06,2.07
408,2021-01-12,NFS,ICICI Bank,17.73,86.32,12.43,0.29
409,2021-01-12,NFS,Axis Bank,14.1,87.4,10.17,1.32
410,2021-01-12,NFS,Central Bank of India,13.3,78.51,19.36,1.26
411,2021-01-12,NFS,Indian Overseas Bank,10.48,82.45,15.85,0.8
412,2021-01-12,NFS,UCO Bank,9.01,78.7,15.3,5.17
413,2021-01-12,NFS,Bank of Maharashtra,8.81,80.96,15.68,2.45
414,2021-01-12,NFS,Federal Bank,8.1,86.35,12.32,0.51
415,2021-01-12,NFS,Kotak Mahindra Bank,7.42,79.18,17.55,2.34
416,2021-01-12,NFS,IDBI Bank,6.11,83.59,14.53,0.88
417,2021-01-12,NFS,Indusind Bank,5.72,86.82,11.97,0.36
418,2021-01-12,NFS,Karnataka Bank,4.26,80.98,16.7,1.5
419,2021-01-12,NFS,Karur Vysya Bank,4.08,84.91,13.16,0.97
420,2021-01-12,NFS,Ujjivan Small Finance Bank Limited,3.71,78.21,20.27,0.71
421,2021-01-12,NFS,Paytm Payments Bank Ltd,3.04,81.07,16.62,1.42
422,2021-01-12,NFS,IDFC,2.86,86.73,11.76,0.51
423,2021-01-12,NFS,Yes Bank Ltd,2.79,88.11,10.63,0.25
424,2021-01-12,NFS,Bandhan Bank limited,2.75,81.16,17.81,0.18
425,2021-01-12,NFS,The South Indian Bank,2.6,83.74,13.83,1.6
427,2021-01-12,NFS,Department of Post,1.94,75.23,20.32,3.72
428,2021-01-12,NFS,Fino Payments Bank,1.89,76.46,22.39,0.32
429,2021-01-12,NFS,Jammu and Kashmir Bank,1.87,82.54,16.25,0.15
430,2021-01-12,NFS,City Union Bank,1.8,81.92,15.48,1.63
431,2021-01-12,NFS,Andhra Pradesh Grameena Vikas Bank,1.75,59.87,30.45,9.16
432,2021-01-12,NFS,ESAF Small Finance Bank,1.67,77.3,21.29,0.65
433,2021-01-12,NFS,Kerala Gramin Bank,1.6,82.01,17.04,0.34
434,2021-01-12,NFS,Tamilnaad Mercantile Bank,1.56,76.09,20.51,2.5
435,2021-01-12,NFS,Fincare Small Finance Bank Limited,1.44,71.64,27.33,0.32
436,2021-01-12,NFS,Yes Bank ? Prepaid ? YP2,1.16,70.55,28.35,0.3
437,2021-01-12,NFS,Pragathi Krishna Gramin Bank,1.12,77.02,21.91,0.4
438,2021-01-12,NFS,Saraswat Co-operative Bank,1.01,86.96,11.07,0.89
439,2021-01-12,NFS,Maharashtra Gramin Bank,0.1,80.36,16.13,2.49
440,2021-01-12,NFS,Andhra Pragathi Grameena Bank,0.89,58.54,18.81,22.04
441,2021-01-12,NFS,Standard Chartered Bank,0.86,85.61,12.52,0.7
442,2021-01-12,NFS,Citibank,0.85,87.18,11.28,0.32
443,2021-01-12,NFS,DBS Bank,0.81,82.04,16.19,0.71
444,2021-01-12,NFS,Equitas Small Finance Bank Ltd.,0.8,84.8,13.61,0.68
445,2021-01-12,NFS,AU Small Finance Bank,0.78,76.65,20.09,2.26
446,2021-01-12,NFS,RBL Bank Limited,0.69,85.19,13.48,0.34
447,2021-01-12,NFS,Lakshmi Vilas Bank,0.69,81.64,15.01,2.46
448,2021-01-12,NFS,Chhattisgarh  Gramin Bank,0.69,78.15,16.77,4.23
449,2021-01-12,NFS,Karnataka Vikas Grameena Bank,0.63,70.96,15.72,12.6
450,2021-01-12,AEPS,State Bank of India,68.99,72.75,22.53,3.34
451,2021-01-12,AEPS,Punjab National Bank,23.97,81.82,13.87,2.8
452,2021-01-12,AEPS,Union Bank of India,24.91,87.03,9.72,2.2
453,2021-01-12,AEPS,Central Bank of India,17.82,81.83,13.98,2.76
454,2021-01-12,AEPS,Bank of Baroda,18.75,63.54,33.2,2.33
455,2021-01-12,AEPS,Indian Bank,16.7,74.86,17.07,6.7
456,2021-01-12,AEPS,Bank of India,12.06,80.85,16.68,1.03
457,2021-01-12,AEPS,Canara Bank,7.84,84.88,12.68,0.87
458,2021-01-12,AEPS,Baroda Uttar Pradesh Gramin Bank ,7.36,70.51,22.7,5.71
459,2021-01-12,AEPS,Bangiya Gramin Vikash Bank,6.33,37.76,4.89,56.03
460,2021-01-12,AEPS,Dakshin Bihar Gramin Bank erstwhile Madhya Bihar Gramin Bank,4.94,84.01,12.17,2.22
461,2021-01-12,AEPS,Uttar Bihar Grameen Bank ,4.93,77.39,12.12,9.07
462,2021-01-12,AEPS,UCO Bank,5.07,78.28,16.93,3.28
463,2021-01-12,AEPS,India Post Payment Bank,5.07,73.18,16.31,9.17
464,2021-01-12,AEPS,Baroda Rajasthan Kshetriya Gramin Bank,2.99,83.26,14.0,1.58
465,2021-01-12,AEPS,Indian Overseas Bank,3.36,87.03,9.06,2.36
466,2021-01-12,AEPS,Chhattisgarh Rajya Gramin Bank,2.51,71.86,15.2,11.55
467,2021-01-12,AEPS,Prathma UP Gramin Bank erstwhile Sarva UP Gramin Bank ,2.55,82.98,12.11,3.42
468,2021-01-12,AEPS,Madhya Pradesh Gramin Bank erstwhile Narmada Jhabua Gramin Bank,2.33,87.15,10.27,1.19
469,2021-01-12,AEPS,Aryavart Bank erstwhile Gramin Bank of Aryavart,2.61,75.37,22.76,0.83
470,2021-01-12,AEPS,HDFC Bank,2.78,86.53,11.73,1.1
471,2021-01-12,AEPS,Rajasthan Marudhara Gramin Bank,1.89,72.75,12.89,13.04
472,2021-01-12,AEPS,Bank of Maharashtra,2.11,78.83,13.48,6.09
473,2021-01-12,AEPS,Madhyanchal Gramin Bank,1.96,77.59,12.38,8.86
474,2021-01-12,AEPS,Karnataka Gramin Bank erstwhile Pragathi Krishna Gramin Bank,1.65,82.95,14.12,0.99
475,2021-01-12,AEPS,ICICI Bank,1.56,76.79,17.45,4.4
476,2021-01-12,AEPS,Utkal Gramin Bank,1.44,76.26,11.86,10.49
477,2021-01-12,AEPS,Jharkhand Rajya Gramin Bank erstwhile Vananchal Gramin Bank,1.34,71.05,15.34,12.37
478,2021-01-12,AEPS,Andhra Pradesh Grameena Vikash Bank,1.31,80.69,12.83,4.68
479,2021-01-12,AEPS,Airtel Payment Bank,1.32,74.09,17.78,6.85
480,2021-01-12,AEPS,Indusind Bank,1.3,82.97,14.21,1.51
481,2021-01-12,AEPS,Punjab & Sind Bank,1.06,73.22,19.9,5.55
482,2021-01-12,AEPS,Purvanchal Gramin Bank,1.21,44.18,17.45,37.71
483,2021-01-12,AEPS,Uttar Banga Kshetriya Gramin Bank ,0.96,86.36,9.26,2.84
484,2021-01-12,AEPS,Axis Bank,1.1,82.57,15.39,1.2
485,2021-01-12,AEPS,IDBI Bank,0.91,78.17,16.08,4.29
486,2021-01-12,AEPS,Tripura Gramin Bank,0.87,47.39,17.53,33.69
487,2021-01-12,AEPS,Fino Payments Bank,0.9,74.14,18.34,6.29
488,2021-01-12,AEPS,Andhra Pragathi Grameena Bank,0.83,82.76,12.64,3.13
489,2021-01-12,AEPS,Baroda Gujarat Gramin Bank,0.73,79.28,15.87,3.71
490,2021-01-12,AEPS,Sarva Haryana Gramin Bank,0.58,82.53,12.8,3.27
491,2021-01-12,AEPS,Telangana Grameena Bank,0.69,84.65,7.96,5.55
492,2021-01-12,AEPS,Federal Bank,0.71,94.66,3.77,0.85
493,2021-01-12,AEPS,Paytm Payments Bank,0.64,81.96,13.53,3.22
494,2021-01-12,AEPS,Odisha Gramya Bank ,0.49,83.37,11.09,3.96
495,2021-01-12,AEPS,Karnataka Vikas Grameena Bank ,0.53,79.84,14.22,3.85
496,2021-01-12,AEPS,Punjab Gramin Bank,0.35,70.28,26.1,2.0
497,2021-01-12,AEPS,IDFC First Bank,0.37,71.76,14.38,12.63
498,2021-01-12,AEPS,TamilNadu Grama Bank erstwhile Pallavan Grama Bank,0.32,70.2,12.59,13.78
499,2021-01-12,AEPS,Saptagiri Grameena Bank,0.28,70.81,24.27,3.48
500,2022-01-01,NFS,State Bank of India,104.33,85.15,13.45,0.51
501,2022-01-01,NFS,Union Bank Of India,35.31,82.47,15.6,0.99
502,2022-01-01,NFS,Canara Bank,30.54,79.26,19.6,0.35
503,2022-01-01,NFS,Bank Of Baroda,30.3,81.57,16.09,1.34
504,2022-01-01,NFS,Punjab National Bank,27.03,84.49,14.21,0.3
505,2022-01-01,NFS,Indian Bank,24.72,81.19,16.79,1.17
506,2022-01-01,NFS,HDFC Bank,23.31,86.28,12.28,0.35
507,2022-01-01,NFS,Bank Of India,22.05,81.76,16.58,0.77
508,2022-01-01,NFS,ICICI Bank,15.74,86.56,12.21,0.25
509,2022-01-01,NFS,Axis Bank,13.91,86.89,10.16,1.83
510,2022-01-01,NFS,Central Bank of India,13.51,72.99,21.09,5.1
511,2022-01-01,NFS,Indian Overseas Bank,9.95,82.17,15.74,1.21
512,2022-01-01,NFS,Bank of Maharashtra,8.59,81.21,15.95,1.94
513,2022-01-01,NFS,UCO Bank,8.58,81.51,15.16,2.48
514,2022-01-01,NFS,Federal Bank,7.71,85.51,12.54,1.1
515,2022-01-01,NFS,Kotak Mahindra Bank,6.88,81.96,16.75,0.29
516,2022-01-01,NFS,IDBI Bank,5.73,83.59,14.55,0.84
517,2022-01-01,NFS,Indusind Bank,5.59,85.9,11.67,1.6
518,2022-01-01,NFS,Karnataka Bank,4.07,79.07,17.65,2.47
519,2022-01-01,NFS,Ujjivan Small Finance Bank Limited,3.77,79.01,19.42,0.75
520,2022-01-01,NFS,Karur Vysya Bank,3.75,85.72,12.88,0.43
521,2022-01-01,NFS,Paytm Payments Bank Ltd,2.92,82.86,15.93,0.31
522,2022-01-01,NFS,IDFC,2.79,86.94,11.6,0.46
523,2022-01-01,NFS,Yes Bank Ltd,2.65,88.18,10.67,0.13
524,2022-01-01,NFS,Bandhan Bank limited,2.6,82.12,16.65,0.36
525,2022-01-01,NFS,The South Indian Bank,2.37,83.55,13.67,1.93
526,2022-01-01,NFS,Department of Post,2.01,72.48,24.72,2.11
527,2022-01-01,NFS,Fino Payments Bank,1.92,77.42,21.4,0.31
528,2022-01-01,NFS,Punjab and Sind Bank,1.89,76.36,20.85,1.79
529,2022-01-01,NFS,Andhra Pradesh Grameena Vikas Bank,1.75,62.38,29.36,7.66
530,2022-01-01,NFS,Jammu and Kashmir Bank,1.73,82.53,16.35,0.1
531,2022-01-01,NFS,City Union Bank,1.7,81.29,16.63,1.15
532,2022-01-01,NFS,ESAF Small Finance Bank,1.52,77.25,21.31,0.69
533,2022-01-01,NFS,Kerala Gramin Bank,1.48,81.69,17.02,0.63
534,2022-01-01,NFS,Tamilnaad Mercantile Bank,1.46,77.6,19.23,2.24
535,2022-01-01,NFS,Fincare Small Finance Bank Limited,1.27,69.05,30.14,0.1
536,2022-01-01,NFS,Yes Bank ? Prepaid ? YP2,1.19,71.21,27.7,0.28
537,2022-01-01,NFS,Pragathi Krishna Gramin Bank,1.12,76.92,21.87,0.49
538,2022-01-01,NFS,Maharashtra Gramin Bank,0.98,80.89,15.72,2.41
539,2022-01-01,NFS,Saraswat Co-operative Bank,0.96,85.36,12.95,0.63
540,2022-01-01,NFS,Andhra Pragathi Grameena Bank,0.85,64.44,20.13,14.73
541,2022-01-01,NFS,Equitas Small Finance Bank Ltd.,0.81,85.06,13.49,0.52
542,2022-01-01,NFS,Standard Chartered Bank,0.78,86.32,12.22,0.33
543,2022-01-01,NFS,AU Small Finance Bank,0.75,83.74,14.36,0.78
544,2022-01-01,NFS,DBS Bank,0.72,82.52,15.84,0.59
545,2022-01-01,NFS,Citibank,0.69,87.66,10.93,0.23
546,2022-01-01,NFS,Chhattisgarh  Gramin Bank,0.68,79.62,16.75,2.8
547,2022-01-01,NFS,RBL Bank Limited,0.67,82.05,13.25,3.79
548,2022-01-01,NFS,Lakshmi Vilas Bank,0.64,82.49,15.72,0.92
579,2022-01-01,AEPS,HDFC Bank,1.58,70.89,24.9,3.87
549,2022-01-01,NFS,"Jila Sahakari Kendriya Bank Maryadit,Raipur",0.64,73.79,20.73,4.81
550,2022-01-01,AEPS,State Bank of India,84.14,74.52,20.85,4.07
551,2022-01-01,AEPS,Punjab National Bank,29.12,79.59,15.81,4.02
552,2022-01-01,AEPS,Union Bank of India,25.85,77.48,13.33,8.64
553,2022-01-01,AEPS,Bank of Baroda,25.54,63.35,34.57,1.51
554,2022-01-01,AEPS,Indian Bank,23.78,67.74,16.25,15.48
555,2022-01-01,AEPS,Central Bank of India,21.92,80.89,15.9,2.6
556,2022-01-01,AEPS,Baroda Uttar Pradesh Gramin Bank ,16.87,70.92,23.87,4.52
557,2022-01-01,AEPS,Bank of India,15.21,74.51,17.03,7.86
558,2022-01-01,AEPS,Canara Bank,10.56,82.58,15.57,1.36
559,2022-01-01,AEPS,India Post Payment Bank,8.06,65.78,19.96,13.72
560,2022-01-01,AEPS,UCO Bank,6.36,79.88,14.88,4.7
561,2022-01-01,AEPS,Uttar Bihar Grameen Bank ,5.84,76.51,14.43,8.49
562,2022-01-01,AEPS,Dakshin Bihar Gramin Bank erstwhile Madhya Bihar Gramin Bank,5.55,81.83,12.86,4.56
563,2022-01-01,AEPS,Prathma UP Gramin Bank erstwhile Sarva UP Gramin Bank ,5.28,80.25,13.93,5.22
564,2022-01-01,AEPS,Aryavart Bank erstwhile Gramin Bank of Aryavart,5.04,68.05,28.13,3.26
565,2022-01-01,AEPS,Bangiya Gramin Vikash Bank,4.82,45.99,6.27,47.52
566,2022-01-01,AEPS,Baroda Rajasthan Kshetriya Gramin Bank,3.95,82.26,14.95,1.98
567,2022-01-01,AEPS,Indian Overseas Bank,3.89,85.41,10.02,4.13
568,2022-01-01,AEPS,Chhattisgarh Rajya Gramin Bank,3.77,72.06,17.19,10.18
569,2022-01-01,AEPS,Madhya Pradesh Gramin Bank erstwhile Narmada Jhabua Gramin Bank,2.91,85.94,10.93,2.45
570,2022-01-01,AEPS,Bank of Maharashtra,2.69,79.83,16.94,2.69
571,2022-01-01,AEPS,Rajasthan Marudhara Gramin Bank,2.36,59.94,9.58,29.67
572,2022-01-01,AEPS,Madhyanchal Gramin Bank,2.19,77.67,15.13,6.55
573,2022-01-01,AEPS,Utkal Gramin Bank,2.27,84.11,11.03,4.47
574,2022-01-01,AEPS,Karnataka Gramin Bank erstwhile Pragathi Krishna Gramin Bank,2.11,83.89,13.91,1.9
575,2022-01-01,AEPS,Andhra Pradesh Grameena Vikash Bank,1.79,79.92,13.68,6.1
576,2022-01-01,AEPS,ICICI Bank,1.67,78.62,19.2,1.6
577,2022-01-01,AEPS,Indusind Bank,1.58,83.02,12.88,3.5
578,2022-01-01,AEPS,Airtel Payment Bank,1.57,74.57,19.79,5.18
580,2022-01-01,AEPS,Punjab & Sind Bank,1.28,69.64,19.49,10.21
581,2022-01-01,AEPS,Jharkhand Rajya Gramin Bank erstwhile Vananchal Gramin Bank,1.23,72.02,19.21,8.12
582,2022-01-01,AEPS,Baroda Gujarat Gramin Bank,1.14,77.11,18.81,3.53
583,2022-01-01,AEPS,Andhra Pragathi Grameena Bank,1.09,73.7,20.22,5.85
584,2022-01-01,AEPS,IDBI Bank,1.06,77.41,16.44,5.67
585,2022-01-01,AEPS,Fino Payments Bank,1.05,74.65,19.37,5.49
586,2022-01-01,AEPS,Telangana Grameena Bank,0.98,84.91,10.43,4.26
587,2022-01-01,AEPS,Karnataka Vikas Grameena Bank ,0.86,80.6,15.52,3.61
588,2022-01-01,AEPS,Odisha Gramya Bank ,0.8,84.86,10.57,4.12
589,2022-01-01,AEPS,Uttar Banga Kshetriya Gramin Bank ,0.81,84.95,10.62,4.1
590,2022-01-01,AEPS,Sarva Haryana Gramin Bank,0.68,80.51,14.85,4.15
591,2022-01-01,AEPS,Axis Bank,0.89,75.2,23.47,0.91
592,2022-01-01,AEPS,Tripura Gramin Bank,0.79,53.9,19.02,26.72
593,2022-01-01,AEPS,Federal Bank,0.81,93.78,4.17,1.74
594,2022-01-01,AEPS,Paytm Payments Bank,0.72,80.94,16.2,2.44
595,2022-01-01,AEPS,Punjab Gramin Bank,0.43,67.54,27.29,4.37
596,2022-01-01,AEPS,IDFC First Bank,0.4,70.58,18.79,10.21
597,2022-01-01,AEPS,Vidarbha Konkan Gramin Bank,0.34,86.25,11.12,2.17
598,2022-01-01,AEPS,TamilNadu Grama Bank erstwhile Pallavan Grama Bank,0.36,68.29,12.87,16.15
599,2022-01-01,AEPS,Suryoday Small Finanace Bank,0.38,88.4,4.25,6.97
600,2022-01-02,NFS,State Bank of India,97.96,84.11,13.03,2.07
601,2022-01-02,NFS,Union Bank Of India,32.38,82.1,15.88,1.14
602,2022-01-02,NFS,Canara Bank,28.74,78.01,20.85,0.4
603,2022-01-02,NFS,Bank Of Baroda,28.28,81.34,14.93,2.78
604,2022-01-02,NFS,Punjab National Bank,25.15,84.65,14.22,0.17
605,2022-01-02,NFS,Indian Bank,24.16,75.99,13.66,9.62
606,2022-01-02,NFS,HDFC Bank,22.62,86.93,11.85,0.19
607,2022-01-02,NFS,Bank Of India,20.1,81.37,16.14,1.66
608,2022-01-02,NFS,ICICI Bank,15.3,86.6,12.21,0.27
609,2022-01-02,NFS,Axis Bank,13.43,86.01,11.09,1.86
610,2022-01-02,NFS,Central Bank of India,11.66,77.86,20.95,0.36
1519,2022-01-11,NFS,IDBI Bank,3.45,80.7,14.38,3.95
611,2022-01-02,NFS,Indian Overseas Bank,9.46,80.79,15.0,3.41
612,2022-01-02,NFS,Bank of Maharashtra,8.04,79.38,15.18,4.55
613,2022-01-02,NFS,UCO Bank,7.69,83.1,14.62,1.43
614,2022-01-02,NFS,Federal Bank,7.49,85.29,12.5,1.44
615,2022-01-02,NFS,Kotak Mahindra Bank,6.83,81.7,16.95,0.45
616,2022-01-02,NFS,Indusind Bank,5.54,86.79,11.36,1.03
617,2022-01-02,NFS,IDBI Bank,5.39,83.81,14.45,0.77
618,2022-01-02,NFS,Karnataka Bank,3.74,81.67,17.14,0.37
619,2022-01-02,NFS,Karur Vysya Bank,3.58,85.7,12.78,0.66
620,2022-01-02,NFS,Ujjivan Small Finance Bank Limited,3.11,79.49,18.92,0.81
621,2022-01-02,NFS,Paytm Payments Bank Ltd,2.8,83.54,15.2,0.41
622,2022-01-02,NFS,IDFC,2.7,85.38,12.6,1.09
623,2022-01-02,NFS,Yes Bank Ltd,2.65,87.6,10.69,0.73
624,2022-01-02,NFS,Bandhan Bank limited,2.42,83.1,15.9,0.17
625,2022-01-02,NFS,The South Indian Bank,2.24,84.72,13.1,1.36
626,2022-01-02,NFS,Punjab and Sind Bank,1.99,69.55,18.85,10.72
627,2022-01-02,NFS,Fino Payments Bank,1.84,78.72,20.07,0.36
628,2022-01-02,NFS,Department of Post,1.77,76.94,20.65,1.7
629,2022-01-02,NFS,Jammu and Kashmir Bank,1.76,81.12,16.58,1.27
630,2022-01-02,NFS,City Union Bank,1.57,82.19,16.22,0.76
631,2022-01-02,NFS,Tamilnaad Mercantile Bank,1.43,74.56,18.07,6.56
632,2022-01-02,NFS,ESAF Small Finance Bank,1.4,76.93,21.97,0.35
633,2022-01-02,NFS,Kerala Gramin Bank,1.34,82.12,17.14,0.2
634,2022-01-02,NFS,Andhra Pradesh Grameena Vikas Bank,1.17,63.1,30.55,5.78
635,2022-01-02,NFS,Yes Bank ? Prepaid ? YP2,1.13,71.99,26.6,0.68
636,2022-01-02,NFS,Pragathi Krishna Gramin Bank,1.13,76.94,20.69,1.69
637,2022-01-02,NFS,Fincare Small Finance Bank Limited,1.08,71.93,27.26,0.11
638,2022-01-02,NFS,Saraswat Co-operative Bank,0.89,86.19,11.49,1.28
639,2022-01-02,NFS,Maharashtra Gramin Bank,0.84,82.06,15.71,1.2
640,2022-01-02,NFS,Equitas Small Finance Bank Ltd.,0.79,84.69,13.22,1.17
641,2022-01-02,NFS,Andhra Pragathi Grameena Bank,0.74,63.72,18.93,16.75
642,2022-01-02,NFS,AU Small Finance Bank,0.74,85.32,13.15,0.46
643,2022-01-02,NFS,Standard Chartered Bank,0.74,86.46,12.1,0.35
644,2022-01-02,NFS,DBS Bank,0.69,82.62,15.63,0.78
645,2022-01-02,NFS,Citibank,0.68,88.08,10.37,0.41
646,2022-01-02,NFS,Chhattisgarh  Gramin Bank,0.67,80.52,16.43,2.27
647,2022-01-02,NFS,RBL Bank Limited,0.63,85.1,13.1,0.87
648,2022-01-02,NFS,Lakshmi Vilas Bank,0.59,82.59,15.53,1.07
649,2022-01-02,NFS,Karnataka Vikas Grameena Bank,0.56,74.42,17.45,7.38
650,2022-01-02,AEPS,State Bank of India,66.82,73.74,21.3,3.77
651,2022-01-02,AEPS,Punjab National Bank,22.56,83.0,14.64,1.19
652,2022-01-02,AEPS,Central Bank of India,17.9,77.69,15.75,5.41
653,2022-01-02,AEPS,Bank of Baroda,19.02,62.0,34.76,2.27
654,2022-01-02,AEPS,Indian Bank,17.12,70.69,18.56,9.51
655,2022-01-02,AEPS,Union Bank of India,15.99,79.72,14.98,4.11
656,2022-01-02,AEPS,Bank of India,11.92,77.96,17.94,2.9
657,2022-01-02,AEPS,Baroda Uttar Pradesh Gramin Bank ,10.67,80.05,16.5,2.23
658,2022-01-02,AEPS,Canara Bank,7.89,81.55,16.37,0.96
659,2022-01-02,AEPS,Uttar Bihar Grameen Bank ,5.99,63.31,11.75,23.81
660,2022-01-02,AEPS,Bangiya Gramin Vikash Bank,7.47,91.66,2.99,4.59
661,2022-01-02,AEPS,India Post Payment Bank,5.93,65.57,28.68,4.72
662,2022-01-02,AEPS,Dakshin Bihar Gramin Bank erstwhile Madhya Bihar Gramin Bank,4.9,85.01,12.58,1.01
663,2022-01-02,AEPS,UCO Bank,4.96,81.25,15.48,2.05
664,2022-01-02,AEPS,Aryavart Bank erstwhile Gramin Bank of Aryavart,5.22,85.86,12.36,0.9
665,2022-01-02,AEPS,Utkal Gramin Bank,5.22,92.25,2.95,3.57
666,2022-01-02,AEPS,Chhattisgarh Rajya Gramin Bank,3.32,74.81,16.16,7.91
667,2022-01-02,AEPS,Baroda Rajasthan Kshetriya Gramin Bank,3.14,81.82,15.25,1.49
668,2022-01-02,AEPS,Indian Overseas Bank,2.92,85.98,10.76,2.18
669,2022-01-02,AEPS,Prathma UP Gramin Bank erstwhile Sarva UP Gramin Bank ,2.84,85.15,12.49,1.16
670,2022-01-02,AEPS,Madhya Pradesh Gramin Bank erstwhile Narmada Jhabua Gramin Bank,2.21,84.92,12.97,0.74
671,2022-01-02,AEPS,Bank of Maharashtra,2.08,79.37,16.14,3.25
672,2022-01-02,AEPS,Karnataka Gramin Bank erstwhile Pragathi Krishna Gramin Bank,1.85,82.81,13.56,2.85
673,2022-01-02,AEPS,Rajasthan Marudhara Gramin Bank,1.71,80.28,12.9,5.29
674,2022-01-02,AEPS,Indusind Bank,1.93,76.21,19.13,3.37
675,2022-01-02,AEPS,Madhyanchal Gramin Bank,1.65,75.81,12.96,9.89
676,2022-01-02,AEPS,ICICI Bank,1.38,75.89,19.2,3.69
677,2022-01-02,AEPS,Airtel Payment Bank,1.4,71.3,25.05,2.71
678,2022-01-02,AEPS,Jharkhand Rajya Gramin Bank erstwhile Vananchal Gramin Bank,1.17,73.27,16.62,8.73
679,2022-01-02,AEPS,HDFC Bank,1.33,68.77,26.66,3.92
680,2022-01-02,AEPS,Punjab & Sind Bank,0.98,61.45,17.38,19.96
681,2022-01-02,AEPS,IDBI Bank,0.91,71.89,16.54,10.54
682,2022-01-02,AEPS,Fino Payments Bank,0.93,75.98,18.25,4.83
683,2022-01-02,AEPS,Sarva Haryana Gramin Bank,0.69,82.92,14.27,1.81
684,2022-01-02,AEPS,Baroda Gujarat Gramin Bank,0.69,78.09,17.84,2.61
685,2022-01-02,AEPS,Andhra Pradesh Grameena Vikash Bank,0.74,75.22,17.45,6.13
686,2022-01-02,AEPS,Uttar Banga Kshetriya Gramin Bank ,0.66,85.31,12.96,0.76
687,2022-01-02,AEPS,Axis Bank,0.73,71.8,26.38,1.0
688,2022-01-02,AEPS,Tripura Gramin Bank,0.62,66.68,20.35,12.1
689,2022-01-02,AEPS,Andhra Pragathi Grameena Bank,0.63,76.48,16.74,5.86
690,2022-01-02,AEPS,Karnataka Vikas Grameena Bank ,0.59,78.77,15.79,4.44
691,2022-01-02,AEPS,Suryoday Small Finanace Bank,0.69,87.87,1.46,10.27
692,2022-01-02,AEPS,Paytm Payments Bank,0.62,76.53,19.17,3.4
693,2022-01-02,AEPS,Telangana Grameena Bank,0.52,85.7,11.21,1.61
694,2022-01-02,AEPS,Federal Bank,0.59,89.23,7.56,2.5
695,2022-01-02,AEPS,Odisha Gramya Bank ,0.43,83.35,12.23,3.28
696,2022-01-02,AEPS,IDFC First Bank,0.32,65.59,18.91,14.57
697,2022-01-02,AEPS,Punjab Gramin Bank,0.27,64.88,30.48,2.95
698,2022-01-02,AEPS,Vidarbha Konkan Gramin Bank,0.27,85.87,11.83,0.89
699,2022-01-02,AEPS,Karnataka Bank,0.22,67.96,28.68,2.33
700,2022-01-03,NFS,State Bank of India,108.69,85.07,13.64,0.54
701,2022-01-03,NFS,Union Bank Of India,36.61,83.52,15.29,0.26
702,2022-01-03,NFS,Canara Bank,33.49,74.67,24.14,0.49
703,2022-01-03,NFS,Bank Of Baroda,31.71,81.57,16.19,1.28
704,2022-01-03,NFS,Punjab National Bank,29.4,81.62,14.99,2.48
705,2022-01-03,NFS,Indian Bank,25.87,80.62,14.08,4.51
706,2022-01-03,NFS,HDFC Bank,25.59,86.9,11.93,0.14
707,2022-01-03,NFS,Bank Of India,21.8,81.72,16.52,0.9
708,2022-01-03,NFS,ICICI Bank,17.07,86.47,11.83,0.74
709,2022-01-03,NFS,Axis Bank,15.27,85.31,12.15,1.51
710,2022-01-03,NFS,Central Bank of India,13.17,76.99,21.99,0.19
711,2022-01-03,NFS,Indian Overseas Bank,11.13,77.29,14.6,7.33
712,2022-01-03,NFS,Bank of Maharashtra,9.02,79.12,15.47,4.49
713,2022-01-03,NFS,UCO Bank,8.96,81.13,14.76,3.26
714,2022-01-03,NFS,Federal Bank,8.46,85.79,12.96,0.44
715,2022-01-03,NFS,Kotak Mahindra Bank,7.92,79.28,16.5,3.31
716,2022-01-03,NFS,Indusind Bank,6.6,86.53,11.55,1.1
717,2022-01-03,NFS,IDBI Bank,6.06,84.04,14.61,0.36
718,2022-01-03,NFS,Karnataka Bank,4.18,82.07,16.44,0.62
719,2022-01-03,NFS,Karur Vysya Bank,4.06,85.99,12.67,0.44
720,2022-01-03,NFS,Ujjivan Small Finance Bank Limited,3.38,79.54,19.17,0.49
721,2022-01-03,NFS,Paytm Payments Bank Ltd,3.21,83.35,15.59,0.22
722,2022-01-03,NFS,IDFC,3.1,86.91,11.75,0.38
723,2022-01-03,NFS,Yes Bank Ltd,3.06,87.89,10.95,0.15
724,2022-01-03,NFS,Bandhan Bank limited,2.85,81.86,16.47,0.87
725,2022-01-03,NFS,The South Indian Bank,2.54,82.93,13.68,2.55
726,2022-01-03,NFS,Fino Payments Bank,2.25,78.36,19.88,0.91
727,2022-01-03,NFS,Punjab and Sind Bank,2.15,76.9,21.02,1.08
728,2022-01-03,NFS,Department of Post,2.04,73.82,22.69,2.78
729,2022-01-03,NFS,Jammu and Kashmir Bank,1.92,79.62,19.23,0.27
730,2022-01-03,NFS,City Union Bank,1.85,79.87,17.99,1.31
731,2022-01-03,NFS,ESAF Small Finance Bank,1.74,74.63,24.1,0.53
732,2022-01-03,NFS,Tamilnaad Mercantile Bank,1.61,77.05,18.29,3.79
733,2022-01-03,NFS,Kerala Gramin Bank,1.47,81.64,17.52,0.29
734,2022-01-03,NFS,Andhra Pradesh Grameena Vikas Bank,1.34,62.19,30.82,6.46
735,2022-01-03,NFS,Fincare Small Finance Bank Limited,1.3,66.09,32.72,0.51
736,2022-01-03,NFS,Pragathi Krishna Gramin Bank,1.27,75.48,22.0,1.82
737,2022-01-03,NFS,Yes Bank ? Prepaid ? YP2,1.27,71.05,25.93,2.28
738,2022-01-03,NFS,Maharashtra Gramin Bank,0.96,81.37,15.5,2.04
739,2022-01-03,NFS,Saraswat Co-operative Bank,0.96,87.66,10.11,1.08
740,2022-01-03,NFS,Equitas Small Finance Bank Ltd.,0.91,84.15,13.21,1.71
741,2022-01-03,NFS,Andhra Pragathi Grameena Bank,0.86,65.29,22.96,11.12
742,2022-01-03,NFS,AU Small Finance Bank,0.86,85.6,13.0,0.28
743,2022-01-03,NFS,Standard Chartered Bank,0.8,86.86,11.72,0.31
744,2022-01-03,NFS,Chhattisgarh  Gramin Bank,0.78,67.6,27.9,3.87
745,2022-01-03,NFS,DBS Bank,0.75,82.18,16.14,0.64
746,2022-01-03,NFS,Citibank,0.74,88.26,10.3,0.25
747,2022-01-03,NFS,RBL Bank Limited,0.71,84.42,13.27,1.35
748,2022-01-03,NFS,Karnataka Vikas Grameena Bank,0.7,63.07,14.67,21.61
749,2022-01-03,NFS,Lakshmi Vilas Bank,0.68,79.8,16.54,2.87
750,2022-01-03,AEPS,State Bank of India,72.51,74.68,21.26,3.25
751,2022-01-03,AEPS,Punjab National Bank,24.65,82.33,15.19,1.74
752,2022-01-03,AEPS,Central Bank of India,21.26,72.51,13.38,13.35
753,2022-01-03,AEPS,Bank of Baroda,20.27,64.87,33.31,1.25
754,2022-01-03,AEPS,Indian Bank,18.28,74.55,17.78,6.9
755,2022-01-03,AEPS,Union Bank of India,17.05,83.08,15.34,0.76
756,2022-01-03,AEPS,Baroda Uttar Pradesh Gramin Bank ,14.06,72.88,20.26,6.26
757,2022-01-03,AEPS,Bank of India,12.97,79.81,17.69,1.72
758,2022-01-03,AEPS,Canara Bank,8.29,81.3,16.69,1.32
759,2022-01-03,AEPS,Bangiya Gramin Vikash Bank,8.79,83.62,2.5,13.28
760,2022-01-03,AEPS,Uttar Bihar Grameen Bank ,5.82,75.62,13.31,10.26
761,2022-01-03,AEPS,Dakshin Bihar Gramin Bank erstwhile Madhya Bihar Gramin Bank,5.61,85.23,12.08,1.9
762,2022-01-03,AEPS,India Post Payment Bank,5.87,81.27,16.91,1.08
763,2022-01-03,AEPS,UCO Bank,5.45,79.63,15.51,4.16
764,2022-01-03,AEPS,Aryavart Bank erstwhile Gramin Bank of Aryavart,5.95,88.16,9.97,1.24
765,2022-01-03,AEPS,Chhattisgarh Rajya Gramin Bank,3.57,71.78,14.05,13.38
766,2022-01-03,AEPS,Indian Overseas Bank,3.42,87.34,10.12,1.83
767,2022-01-03,AEPS,Prathma UP Gramin Bank erstwhile Sarva UP Gramin Bank ,3.01,86.37,11.54,1.42
768,2022-01-03,AEPS,Baroda Rajasthan Kshetriya Gramin Bank,2.77,81.15,15.29,2.83
769,2022-01-03,AEPS,Utkal Gramin Bank,2.84,81.05,4.44,13.17
770,2022-01-03,AEPS,Bank of Maharashtra,2.37,81.18,14.51,3.55
771,2022-01-03,AEPS,Indusind Bank,2.56,79.26,17.59,2.6
772,2022-01-03,AEPS,Madhya Pradesh Gramin Bank erstwhile Narmada Jhabua Gramin Bank,2.26,85.75,11.9,1.48
773,2022-01-03,AEPS,Rajasthan Marudhara Gramin Bank,1.71,78.9,12.39,8.05
774,2022-01-03,AEPS,Karnataka Gramin Bank erstwhile Pragathi Krishna Gramin Bank,1.7,73.88,13.42,11.99
775,2022-01-03,AEPS,Madhyanchal Gramin Bank,1.75,73.91,11.36,13.94
776,2022-01-03,AEPS,Jharkhand Rajya Gramin Bank erstwhile Vananchal Gramin Bank,1.35,74.42,15.13,9.29
777,2022-01-03,AEPS,Airtel Payment Bank,1.56,74.88,22.11,2.4
778,2022-01-03,AEPS,ICICI Bank,1.34,77.93,18.76,2.64
779,2022-01-03,AEPS,HDFC Bank,1.31,67.53,28.28,3.78
780,2022-01-03,AEPS,Punjab & Sind Bank,1.13,70.5,16.69,12.11
781,2022-01-03,AEPS,Fino Payments Bank,1.09,76.36,17.0,6.02
782,2022-01-03,AEPS,Suryoday Small Finanace Bank,1.18,90.02,0.67,8.69
783,2022-01-03,AEPS,IDBI Bank,0.98,74.74,16.05,8.56
784,2022-01-03,AEPS,Baroda Gujarat Gramin Bank,0.87,79.36,17.96,1.86
785,2022-01-03,AEPS,Tripura Gramin Bank,0.9,49.57,17.59,32.1
786,2022-01-03,AEPS,Andhra Pradesh Grameena Vikash Bank,0.83,80.2,16.08,3.03
787,2022-01-03,AEPS,Sarva Haryana Gramin Bank,0.63,83.89,12.84,2.56
788,2022-01-03,AEPS,Axis Bank,0.8,73.03,25.28,1.12
789,2022-01-03,AEPS,Andhra Pragathi Grameena Bank,0.71,71.39,15.56,12.43
790,2022-01-03,AEPS,Uttar Banga Kshetriya Gramin Bank ,0.68,84.92,12.03,2.44
791,2022-01-03,AEPS,Karnataka Vikas Grameena Bank ,0.57,77.02,16.31,5.99
1520,2022-01-11,NFS,IDFC,3.44,86.08,12.82,0.15
792,2022-01-03,AEPS,Paytm Payments Bank,0.64,77.21,19.82,2.34
793,2022-01-03,AEPS,Odisha Gramya Bank ,0.55,80.94,12.76,5.36
794,2022-01-03,AEPS,Telangana Grameena Bank,0.47,86.85,10.11,2.39
795,2022-01-03,AEPS,Punjab Gramin Bank,0.4,68.34,28.26,2.7
796,2022-01-03,AEPS,IDFC First Bank,0.33,69.99,19.11,10.26
797,2022-01-03,AEPS,Vidarbha Konkan Gramin Bank,0.3,87.02,11.37,0.85
798,2022-01-03,AEPS,TamilNadu Grama Bank erstwhile Pallavan Grama Bank,0.3,74.83,14.86,8.56
799,2022-01-03,AEPS,Federal Bank,0.31,77.06,17.07,5.15
800,2022-01-04,NFS,State Bank of India,110.37,84.03,13.81,1.39
801,2022-01-04,NFS,Union Bank Of India,35.57,84.02,14.72,0.25
802,2022-01-04,NFS,Canara Bank,31.16,79.48,19.24,0.47
803,2022-01-04,NFS,Bank Of Baroda,30.66,79.88,17.71,1.39
804,2022-01-04,NFS,Punjab National Bank,29.36,79.81,16.31,2.89
805,2022-01-04,NFS,HDFC Bank,25.63,87.09,11.66,0.13
806,2022-01-04,NFS,Indian Bank,25.4,80.66,15.1,3.42
807,2022-01-04,NFS,Bank Of India,21.22,81.08,16.09,1.91
808,2022-01-04,NFS,ICICI Bank,16.81,86.55,12.1,0.29
809,2022-01-04,NFS,Axis Bank,15.69,80.99,14.04,3.94
810,2022-01-04,NFS,Central Bank of India,12.71,76.84,21.51,0.74
811,2022-01-04,NFS,Indian Overseas Bank,10.88,79.13,14.94,5.12
812,2022-01-04,NFS,Federal Bank,8.63,83.88,13.85,1.46
813,2022-01-04,NFS,Bank of Maharashtra,8.53,81.0,16.33,1.66
814,2022-01-04,NFS,UCO Bank,8.52,83.47,15.04,0.56
815,2022-01-04,NFS,Kotak Mahindra Bank,7.76,81.31,15.67,2.01
816,2022-01-04,NFS,Indusind Bank,6.35,87.41,11.3,0.42
817,2022-01-04,NFS,IDBI Bank,5.96,83.76,14.3,0.87
818,2022-01-04,NFS,Karnataka Bank,4.03,81.05,16.47,1.55
819,2022-01-04,NFS,Karur Vysya Bank,3.9,86.29,12.24,0.55
820,2022-01-04,NFS,Ujjivan Small Finance Bank Limited,3.16,77.5,18.46,3.2
821,2022-01-04,NFS,Yes Bank Ltd,3.08,86.04,12.74,0.17
822,2022-01-04,NFS,IDFC,3.07,86.87,11.7,0.4
823,2022-01-04,NFS,Paytm Payments Bank Ltd,3.03,71.94,27.09,0.2
824,2022-01-04,NFS,Bandhan Bank limited,2.79,80.04,15.34,3.79
825,2022-01-04,NFS,The South Indian Bank,2.37,84.44,13.44,1.24
826,2022-01-04,NFS,Punjab and Sind Bank,2.32,69.27,25.11,4.66
827,2022-01-04,NFS,Department of Post,2.27,75.99,20.17,3.08
828,2022-01-04,NFS,Fino Payments Bank,2.15,78.51,20.2,0.37
829,2022-01-04,NFS,Jammu and Kashmir Bank,1.97,79.71,18.92,0.36
830,2022-01-04,NFS,City Union Bank,1.78,80.73,17.76,0.63
831,2022-01-04,NFS,Tamilnaad Mercantile Bank,1.63,74.65,17.44,7.04
832,2022-01-04,NFS,Kerala Gramin Bank,1.43,81.9,17.19,0.28
833,2022-01-04,NFS,ESAF Small Finance Bank,1.41,76.48,21.88,0.86
834,2022-01-04,NFS,Andhra Pradesh Grameena Vikas Bank,1.34,52.65,26.12,20.76
835,2022-01-04,NFS,Yes Bank ? Prepaid ? YP2,1.28,70.27,28.66,0.27
836,2022-01-04,NFS,Pragathi Krishna Gramin Bank,1.16,77.22,21.17,0.88
837,2022-01-04,NFS,Fincare Small Finance Bank Limited,1.0,72.5,26.57,0.17
838,2022-01-04,NFS,Maharashtra Gramin Bank,0.97,73.89,18.11,6.95
839,2022-01-04,NFS,Saraswat Co-operative Bank,0.95,86.65,10.33,1.82
840,2022-01-04,NFS,Equitas Small Finance Bank Ltd.,0.91,85.85,12.86,0.32
841,2022-01-04,NFS,AU Small Finance Bank,0.85,85.59,13.0,0.2
842,2022-01-04,NFS,Andhra Pragathi Grameena Bank,0.8,68.55,24.31,6.39
843,2022-01-04,NFS,Standard Chartered Bank,0.79,86.73,11.73,0.35
844,2022-01-04,NFS,Citibank,0.75,88.04,9.97,0.74
845,2022-01-04,NFS,DBS Bank,0.72,82.29,15.96,0.65
846,2022-01-04,NFS,Chhattisgarh  Gramin Bank,0.71,74.96,19.38,4.83
847,2022-01-04,NFS,RBL Bank Limited,0.69,84.83,13.32,0.84
848,2022-01-04,NFS,UTKARSH Small Finance Bank,0.65,78.04,15.74,5.64
849,2022-01-04,NFS,Lakshmi Vilas Bank,0.62,81.79,16.41,0.95
850,2022-01-04,AEPS,State Bank of India,69.74,75.61,19.74,3.78
851,2022-01-04,AEPS,Punjab National Bank,24.13,82.45,14.89,1.82
852,2022-01-04,AEPS,Central Bank of India,19.5,75.25,13.58,10.3
853,2022-01-04,AEPS,Bank of Baroda,18.72,67.3,29.87,2.05
1702,2023-01-01,NFS,Bank Of Baroda,30.64,79.16,18.45,1.41
854,2022-01-04,AEPS,Indian Bank,16.95,74.39,17.17,7.63
855,2022-01-04,AEPS,Union Bank of India,15.33,82.52,14.75,1.89
856,2022-01-04,AEPS,Bank of India,12.8,78.44,16.39,4.3
857,2022-01-04,AEPS,Baroda Uttar Pradesh Gramin Bank ,9.54,75.29,22.04,1.81
858,2022-01-04,AEPS,Canara Bank,7.94,80.21,14.82,4.07
859,2022-01-04,AEPS,Dakshin Bihar Gramin Bank erstwhile Madhya Bihar Gramin Bank,6.34,82.57,12.76,3.7
860,2022-01-04,AEPS,Uttar Bihar Grameen Bank ,5.72,79.98,14.01,5.11
861,2022-01-04,AEPS,UCO Bank,5.82,80.55,13.44,5.09
862,2022-01-04,AEPS,India Post Payment Bank,5.67,80.03,16.99,2.12
863,2022-01-04,AEPS,Bangiya Gramin Vikash Bank,6.02,81.34,4.2,13.85
864,2022-01-04,AEPS,Chhattisgarh Rajya Gramin Bank,3.19,69.96,13.81,15.35
865,2022-01-04,AEPS,Indian Overseas Bank,3.25,87.48,9.87,1.77
866,2022-01-04,AEPS,Baroda Rajasthan Kshetriya Gramin Bank,2.75,80.35,17.68,1.21
867,2022-01-04,AEPS,Prathma UP Gramin Bank erstwhile Sarva UP Gramin Bank ,2.44,84.04,10.79,4.35
868,2022-01-04,AEPS,Bank of Maharashtra,2.24,78.16,14.12,6.82
869,2022-01-04,AEPS,Madhya Pradesh Gramin Bank erstwhile Narmada Jhabua Gramin Bank,2.09,86.15,10.74,2.25
870,2022-01-04,AEPS,Karnataka Gramin Bank erstwhile Pragathi Krishna Gramin Bank,2.08,67.82,14.57,16.88
871,2022-01-04,AEPS,Aryavart Bank erstwhile Gramin Bank of Aryavart,1.87,71.64,25.56,2.02
872,2022-01-04,AEPS,Rajasthan Marudhara Gramin Bank,1.66,76.47,12.11,10.68
873,2022-01-04,AEPS,Indusind Bank,1.81,81.2,15.52,2.45
874,2022-01-04,AEPS,Madhyanchal Gramin Bank,1.48,72.8,12.12,14.15
875,2022-01-04,AEPS,ICICI Bank,1.32,79.16,18.93,1.2
876,2022-01-04,AEPS,Airtel Payment Bank,1.33,78.47,19.06,1.65
877,2022-01-04,AEPS,Jharkhand Rajya Gramin Bank erstwhile Vananchal Gramin Bank,1.1,72.71,15.96,10.41
878,2022-01-04,AEPS,Punjab & Sind Bank,1.03,65.44,14.67,19.11
879,2022-01-04,AEPS,Utkal Gramin Bank,1.07,63.23,16.9,19.14
880,2022-01-04,AEPS,HDFC Bank,1.09,65.08,30.06,4.19
881,2022-01-04,AEPS,Fino Payments Bank,1.02,76.27,17.21,5.75
882,2022-01-04,AEPS,IDBI Bank,0.93,72.39,16.89,9.9
883,2022-01-04,AEPS,Baroda Gujarat Gramin Bank,0.79,79.1,18.45,1.63
884,2022-01-04,AEPS,Andhra Pradesh Grameena Vikash Bank,0.81,79.0,15.28,4.89
885,2022-01-04,AEPS,Sarva Haryana Gramin Bank,0.63,83.28,12.36,3.51
886,2022-01-04,AEPS,Axis Bank,0.82,69.72,26.43,3.24
887,2022-01-04,AEPS,Uttar Banga Kshetriya Gramin Bank ,0.78,85.69,12.73,0.88
888,2022-01-04,AEPS,Tripura Gramin Bank,0.76,51.58,17.2,30.28
889,2022-01-04,AEPS,Andhra Pragathi Grameena Bank,0.66,67.68,16.49,15.07
890,2022-01-04,AEPS,Karnataka Vikas Grameena Bank ,0.59,74.85,16.02,8.34
891,2022-01-04,AEPS,Paytm Payments Bank,0.54,77.9,17.09,4.14
892,2022-01-04,AEPS,Odisha Gramya Bank ,0.43,84.6,11.62,2.89
893,2022-01-04,AEPS,Punjab Gramin Bank,0.33,66.56,26.36,6.29
894,2022-01-04,AEPS,Telangana Grameena Bank,0.4,84.95,11.42,2.86
895,2022-01-04,AEPS,IDFC First Bank,0.31,69.86,18.21,11.14
896,2022-01-04,AEPS,Vidarbha Konkan Gramin Bank,0.28,84.16,10.23,4.81
897,2022-01-04,AEPS,TamilNadu Grama Bank erstwhile Pallavan Grama Bank,0.28,73.58,15.07,9.55
898,2022-01-04,AEPS,Karnataka Bank,0.23,66.76,28.71,1.38
899,2022-01-04,AEPS,Federal Bank,0.23,69.09,23.35,6.7
900,2022-01-05,NFS,State Bank of India,112.65,82.77,14.23,2.15
901,2022-01-05,NFS,Union Bank Of India,36.6,83.58,14.31,1.13
902,2022-01-05,NFS,Canara Bank,32.4,78.5,14.98,5.74
903,2022-01-05,NFS,Bank Of Baroda,30.77,82.29,16.08,0.62
904,2022-01-05,NFS,Punjab National Bank,28.69,81.04,15.27,2.7
905,2022-01-05,NFS,HDFC Bank,26.18,86.95,11.81,0.16
906,2022-01-05,NFS,Indian Bank,24.8,82.46,15.93,0.78
907,2022-01-05,NFS,Bank Of India,21.07,82.43,15.79,0.84
908,2022-01-05,NFS,ICICI Bank,16.77,86.54,12.16,0.24
909,2022-01-05,NFS,Axis Bank,15.13,87.48,9.74,1.68
910,2022-01-05,NFS,Central Bank of India,12.57,76.3,22.62,0.19
911,2022-01-05,NFS,Indian Overseas Bank,10.54,82.82,15.62,0.73
912,2022-01-05,NFS,UCO Bank,8.69,81.34,14.84,2.92
913,2022-01-05,NFS,Federal Bank,8.68,85.02,12.85,1.33
914,2022-01-05,NFS,Bank of Maharashtra,8.5,82.88,15.24,0.89
915,2022-01-05,NFS,Kotak Mahindra Bank,8.04,82.18,16.08,0.7
916,2022-01-05,NFS,Indusind Bank,6.53,86.37,11.23,1.58
917,2022-01-05,NFS,IDBI Bank,6.06,84.2,14.39,0.37
918,2022-01-05,NFS,Karnataka Bank,4.18,82.06,16.44,0.6
919,2022-01-05,NFS,Karur Vysya Bank,4.04,86.32,12.4,0.4
920,2022-01-05,NFS,Ujjivan Small Finance Bank Limited,3.3,78.67,18.37,2.14
921,2022-01-05,NFS,IDFC,3.19,86.51,12.05,0.45
922,2022-01-05,NFS,Yes Bank Ltd,3.1,87.62,10.9,0.46
923,2022-01-05,NFS,Bandhan Bank limited,2.66,83.5,15.39,0.25
924,2022-01-05,NFS,Paytm Payments Bank Ltd,2.57,78.43,20.29,0.33
925,2022-01-05,NFS,Fino Payments Bank,2.49,78.62,20.16,0.34
926,2022-01-05,NFS,The South Indian Bank,2.41,84.9,13.01,1.22
927,2022-01-05,NFS,Department of Post,2.36,65.48,17.86,16.03
928,2022-01-05,NFS,Punjab and Sind Bank,2.09,74.0,23.41,1.6
929,2022-01-05,NFS,Jammu and Kashmir Bank,1.86,79.88,18.81,0.29
930,2022-01-05,NFS,City Union Bank,1.83,82.65,15.37,1.16
931,2022-01-05,NFS,Tamilnaad Mercantile Bank,1.58,79.41,17.92,1.79
932,2022-01-05,NFS,Kerala Gramin Bank,1.45,77.7,16.11,5.63
933,2022-01-05,NFS,Andhra Pradesh Grameena Vikas Bank,1.41,61.51,29.63,8.33
934,2022-01-05,NFS,ESAF Small Finance Bank,1.37,77.49,21.49,0.25
935,2022-01-05,NFS,Yes Bank ? Prepaid ? YP2,1.35,71.36,26.9,0.9
936,2022-01-05,NFS,Pragathi Krishna Gramin Bank,1.26,73.34,20.63,5.34
937,2022-01-05,NFS,Saraswat Co-operative Bank,0.99,86.03,9.68,3.13
938,2022-01-05,NFS,Equitas Small Finance Bank Ltd.,0.97,85.67,13.09,0.28
939,2022-01-05,NFS,Maharashtra Gramin Bank,0.97,75.07,18.56,5.38
940,2022-01-05,NFS,Fincare Small Finance Bank Limited,0.96,73.16,26.0,0.11
941,2022-01-05,NFS,Andhra Pragathi Grameena Bank,0.94,65.88,22.92,10.53
942,2022-01-05,NFS,AU Small Finance Bank,0.87,85.38,13.01,0.42
943,2022-01-05,NFS,Standard Chartered Bank,0.78,86.68,11.84,0.35
973,2022-01-05,AEPS,Utkal Gramin Bank,1.1,71.59,10.68,17.53
944,2022-01-05,NFS,Chhattisgarh  Gramin Bank,0.76,70.49,17.08,11.67
945,2022-01-05,NFS,UTKARSH Small Finance Bank,0.75,84.49,13.85,1.15
946,2022-01-05,NFS,RBL Bank Limited,0.72,82.45,13.17,3.38
947,2022-01-05,NFS,Citibank,0.72,88.01,9.85,0.93
948,2022-01-05,NFS,DBS Bank,0.72,81.86,16.48,0.6
949,2022-01-05,NFS,Lakshmi Vilas Bank,0.63,82.87,15.29,1.01
950,2022-01-05,AEPS,State Bank of India,75.42,74.93,17.85,6.92
951,2022-01-05,AEPS,Punjab National Bank,25.27,79.79,14.55,5.33
952,2022-01-05,AEPS,Central Bank of India,20.16,77.86,14.23,7.6
953,2022-01-05,AEPS,Bank of Baroda,19.13,69.07,29.27,1.36
954,2022-01-05,AEPS,Union Bank of India,17.58,83.43,13.88,2.34
955,2022-01-05,AEPS,Indian Bank,15.86,79.16,18.39,2.12
956,2022-01-05,AEPS,Bank of India,13.1,82.1,16.48,1.05
957,2022-01-05,AEPS,Canara Bank,9.34,75.9,13.59,10.21
958,2022-01-05,AEPS,Baroda Uttar Pradesh Gramin Bank ,8.17,80.29,17.69,1.62
959,2022-01-05,AEPS,Dakshin Bihar Gramin Bank erstwhile Madhya Bihar Gramin Bank,6.66,83.11,10.45,6.1
960,2022-01-05,AEPS,India Post Payment Bank,6.49,80.74,17.9,1.07
961,2022-01-05,AEPS,Uttar Bihar Grameen Bank ,5.8,78.72,13.56,7.45
962,2022-01-05,AEPS,UCO Bank,5.78,81.96,13.5,4.23
963,2022-01-05,AEPS,Bangiya Gramin Vikash Bank,6.14,78.16,3.67,18.03
964,2022-01-05,AEPS,Indian Overseas Bank,3.47,88.16,9.93,1.53
965,2022-01-05,AEPS,Baroda Rajasthan Kshetriya Gramin Bank,3.19,82.9,15.32,1.51
966,2022-01-05,AEPS,Madhya Pradesh Gramin Bank erstwhile Narmada Jhabua Gramin Bank,3.04,87.23,11.36,1.11
967,2022-01-05,AEPS,Chhattisgarh Rajya Gramin Bank,2.72,72.14,15.6,11.9
968,2022-01-05,AEPS,Bank of Maharashtra,2.4,80.31,13.68,5.71
969,2022-01-05,AEPS,Karnataka Gramin Bank erstwhile Pragathi Krishna Gramin Bank,2.13,82.77,14.78,2.16
970,2022-01-05,AEPS,Prathma UP Gramin Bank erstwhile Sarva UP Gramin Bank ,2.18,84.26,10.78,4.51
971,2022-01-05,AEPS,Madhyanchal Gramin Bank,2.02,71.42,12.16,16.19
972,2022-01-05,AEPS,ICICI Bank,2.12,82.04,16.81,0.92
1703,2023-01-01,NFS,Canara Bank,30.1,84.61,14.15,0.41
974,2022-01-05,AEPS,Andhra Pradesh Grameena Vikash Bank,1.9,77.17,12.02,10.64
975,2022-01-05,AEPS,Rajasthan Marudhara Gramin Bank,1.71,78.3,14.48,6.94
976,2022-01-05,AEPS,Indusind Bank,1.84,81.47,16.1,2.16
977,2022-01-05,AEPS,Airtel Payment Bank,1.55,79.7,18.22,1.75
978,2022-01-05,AEPS,Aryavart Bank erstwhile Gramin Bank of Aryavart,1.51,69.17,28.36,2.07
979,2022-01-05,AEPS,Andhra Pragathi Grameena Bank,1.49,77.83,15.4,6.6
980,2022-01-05,AEPS,Fino Payments Bank,1.2,78.55,16.96,4.2
981,2022-01-05,AEPS,Jharkhand Rajya Gramin Bank erstwhile Vananchal Gramin Bank,1.08,73.29,14.77,11.57
982,2022-01-05,AEPS,HDFC Bank,1.2,66.06,30.0,3.64
983,2022-01-05,AEPS,Punjab & Sind Bank,0.99,72.35,16.54,10.74
984,2022-01-05,AEPS,Odisha Gramya Bank ,0.96,83.94,10.89,4.91
985,2022-01-05,AEPS,Axis Bank,1.01,78.5,19.91,1.35
986,2022-01-05,AEPS,Baroda Gujarat Gramin Bank,0.86,79.62,18.05,2.02
987,2022-01-05,AEPS,IDBI Bank,0.93,78.13,16.11,5.43
988,2022-01-05,AEPS,Sarva Haryana Gramin Bank,0.66,81.41,11.83,6.42
989,2022-01-05,AEPS,Uttar Banga Kshetriya Gramin Bank ,0.75,87.38,10.75,1.59
990,2022-01-05,AEPS,Karnataka Vikas Grameena Bank ,0.64,79.28,16.18,4.33
991,2022-01-05,AEPS,Telangana Grameena Bank,0.62,87.67,8.94,3.13
992,2022-01-05,AEPS,Tripura Gramin Bank,0.63,51.29,16.02,32.42
993,2022-01-05,AEPS,Paytm Payments Bank,0.53,79.77,17.45,2.36
994,2022-01-05,AEPS,Punjab Gramin Bank,0.34,69.23,27.45,2.86
995,2022-01-05,AEPS,IDFC First Bank,0.37,71.08,17.87,10.79
996,2022-01-05,AEPS,Saptagiri Grameena Bank,0.35,72.48,21.39,4.53
997,2022-01-05,AEPS,Vidarbha Konkan Gramin Bank,0.3,87.44,10.86,1.44
998,2022-01-05,AEPS,TamilNadu Grama Bank erstwhile Pallavan Grama Bank,0.27,75.48,16.16,6.85
999,2022-01-05,AEPS,Karnataka Bank,0.25,68.36,28.58,2.8
1000,2022-01-06,NFS,State Bank of India,111.73,82.57,13.11,3.47
1001,2022-01-06,NFS,Union Bank Of India,35.41,84.27,14.28,0.47
1002,2022-01-06,NFS,Bank Of Baroda,29.98,81.26,16.48,1.27
1003,2022-01-06,NFS,Canara Bank,29.54,82.76,15.72,0.69
1004,2022-01-06,NFS,Punjab National Bank,27.71,81.76,14.15,3.13
1005,2022-01-06,NFS,HDFC Bank,25.28,86.7,11.91,0.31
1006,2022-01-06,NFS,Indian Bank,24.19,82.37,15.37,1.39
1007,2022-01-06,NFS,Bank Of India,20.06,82.22,16.34,0.49
1008,2022-01-06,NFS,ICICI Bank,16.16,86.25,11.97,0.73
1009,2022-01-06,NFS,Axis Bank,14.65,87.47,9.85,1.58
1010,2022-01-06,NFS,Central Bank of India,12.35,74.26,24.44,0.45
1011,2022-01-06,NFS,Indian Overseas Bank,10.71,81.41,15.42,2.33
1012,2022-01-06,NFS,Federal Bank,8.64,81.52,14.41,3.33
1013,2022-01-06,NFS,Bank of Maharashtra,8.33,81.11,14.96,2.1
1014,2022-01-06,NFS,UCO Bank,8.26,82.89,15.16,1.01
1015,2022-01-06,NFS,Kotak Mahindra Bank,8.06,76.89,17.04,5.1
1016,2022-01-06,NFS,Indusind Bank,6.78,79.16,10.32,9.77
1017,2022-01-06,NFS,IDBI Bank,5.91,82.36,16.1,0.56
1018,2022-01-06,NFS,Karnataka Bank,4.19,81.25,16.09,1.78
1019,2022-01-06,NFS,Karur Vysya Bank,4.07,84.63,12.75,1.72
1020,2022-01-06,NFS,Ujjivan Small Finance Bank Limited,3.49,78.83,19.08,1.27
1021,2022-01-06,NFS,IDFC,3.11,86.12,11.73,1.17
1022,2022-01-06,NFS,Yes Bank Ltd,3.08,86.88,11.68,0.43
1023,2022-01-06,NFS,Fino Payments Bank,2.8,77.74,20.91,0.45
1024,2022-01-06,NFS,Bandhan Bank limited,2.57,83.68,14.91,0.51
1025,2022-01-06,NFS,Paytm Payments Bank Ltd,2.38,82.14,16.45,0.42
1026,2022-01-06,NFS,The South Indian Bank,2.36,84.23,13.36,1.59
1027,2022-01-06,NFS,Punjab and Sind Bank,2.02,74.32,22.27,2.41
1028,2022-01-06,NFS,Department of Post,1.97,77.04,17.94,4.27
1029,2022-01-06,NFS,Jammu and Kashmir Bank,1.87,76.27,20.87,1.89
1030,2022-01-06,NFS,City Union Bank,1.8,83.5,14.8,0.8
1031,2022-01-06,NFS,Andhra Pradesh Grameena Vikas Bank,1.63,65.47,30.93,3.04
1032,2022-01-06,NFS,Tamilnaad Mercantile Bank,1.58,79.1,17.76,2.23
1033,2022-01-06,NFS,Yes Bank ? Prepaid ? YP2,1.41,69.78,29.06,0.44
1034,2022-01-06,NFS,Kerala Gramin Bank,1.38,81.72,17.28,0.46
1035,2022-01-06,NFS,Pragathi Krishna Gramin Bank,1.31,77.68,20.64,0.96
1036,2022-01-06,NFS,ESAF Small Finance Bank,1.14,77.67,20.82,0.78
1037,2022-01-06,NFS,Fincare Small Finance Bank Limited,1.04,72.72,26.28,0.27
1038,2022-01-06,NFS,Maharashtra Gramin Bank,1.03,76.26,17.3,5.51
1039,2022-01-06,NFS,Equitas Small Finance Bank Ltd.,1.01,85.06,13.15,0.84
1040,2022-01-06,NFS,Andhra Pragathi Grameena Bank,0.92,73.25,20.97,4.91
1041,2022-01-06,NFS,Saraswat Co-operative Bank,0.89,85.34,12.73,0.82
1042,2022-01-06,NFS,AU Small Finance Bank,0.88,85.2,13.15,0.52
1043,2022-01-06,NFS,UTKARSH Small Finance Bank,0.83,85.97,12.52,1.02
1044,2022-01-06,NFS,Standard Chartered Bank,0.74,86.65,11.75,0.45
1045,2022-01-06,NFS,Chhattisgarh  Gramin Bank,0.71,79.39,17.6,2.01
1046,2022-01-06,NFS,RBL Bank Limited,0.69,84.53,13.54,0.92
1047,2022-01-06,NFS,DBS Bank,0.67,80.69,17.48,0.81
1048,2022-01-06,NFS,Citibank,0.65,88.56,9.55,0.67
1049,2022-01-06,NFS,Lakshmi Vilas Bank,0.62,82.97,15.07,1.07
1050,2022-01-06,AEPS,State Bank of India,80.93,78.79,18.84,2.13
1051,2022-01-06,AEPS,Punjab National Bank,27.63,81.0,14.07,4.67
1052,2022-01-06,AEPS,Central Bank of India,25.68,48.59,43.79,7.43
1053,2022-01-06,AEPS,Bank of Baroda,21.22,67.42,30.84,1.54
1054,2022-01-06,AEPS,Union Bank of India,19.63,83.98,14.59,1.18
1055,2022-01-06,AEPS,Indian Bank,18.61,78.19,17.95,3.62
1056,2022-01-06,AEPS,Bank of India,14.25,81.08,17.23,1.45
1057,2022-01-06,AEPS,Baroda Uttar Pradesh Gramin Bank ,11.44,80.91,16.93,2.01
1058,2022-01-06,AEPS,Canara Bank,10.75,79.15,14.27,6.27
1059,2022-01-06,AEPS,India Post Payment Bank,9.32,74.25,17.05,4.96
1060,2022-01-06,AEPS,Bangiya Gramin Vikash Bank,7.71,74.98,3.51,20.92
1061,2022-01-06,AEPS,Dakshin Bihar Gramin Bank erstwhile Madhya Bihar Gramin Bank,6.39,82.59,10.12,7.1
1062,2022-01-06,AEPS,Uttar Bihar Grameen Bank ,6.06,79.92,13.84,6.03
1063,2022-01-06,AEPS,UCO Bank,5.99,82.52,14.14,3.06
1064,2022-01-06,AEPS,Indian Overseas Bank,4.31,86.97,9.62,3.13
1065,2022-01-06,AEPS,Baroda Rajasthan Kshetriya Gramin Bank,3.74,87.23,10.69,1.91
1066,2022-01-06,AEPS,Chhattisgarh Rajya Gramin Bank,3.63,75.3,14.71,9.84
1067,2022-01-06,AEPS,Madhya Pradesh Gramin Bank erstwhile Narmada Jhabua Gramin Bank,3.48,84.93,11.04,3.88
1068,2022-01-06,AEPS,Prathma UP Gramin Bank erstwhile Sarva UP Gramin Bank ,3.24,82.8,11.35,5.67
1069,2022-01-06,AEPS,Karnataka Gramin Bank erstwhile Pragathi Krishna Gramin Bank,3.07,84.25,13.75,1.6
1070,2022-01-06,AEPS,Bank of Maharashtra,2.87,79.42,14.55,5.82
1071,2022-01-06,AEPS,ICICI Bank,2.87,77.44,21.24,1.09
1072,2022-01-06,AEPS,Andhra Pradesh Grameena Vikash Bank,2.48,80.29,13.22,6.34
1073,2022-01-06,AEPS,Aryavart Bank erstwhile Gramin Bank of Aryavart,2.4,62.31,31.4,6.17
1074,2022-01-06,AEPS,Madhyanchal Gramin Bank,2.08,67.97,11.19,20.69
1075,2022-01-06,AEPS,Utkal Gramin Bank,2.03,65.87,8.76,25.13
1076,2022-01-06,AEPS,Indusind Bank,2.19,79.91,17.39,2.46
1077,2022-01-06,AEPS,Andhra Pragathi Grameena Bank,2.02,75.71,13.89,10.02
1078,2022-01-06,AEPS,Rajasthan Marudhara Gramin Bank,1.78,80.14,11.85,7.8
1079,2022-01-06,AEPS,Airtel Payment Bank,1.89,76.17,22.07,1.5
1080,2022-01-06,AEPS,Fino Payments Bank,1.6,72.94,17.48,9.28
1081,2022-01-06,AEPS,Jharkhand Rajya Gramin Bank erstwhile Vananchal Gramin Bank,1.32,73.34,15.01,11.48
1082,2022-01-06,AEPS,Punjab & Sind Bank,1.26,68.8,15.19,15.74
1083,2022-01-06,AEPS,IDBI Bank,1.34,59.01,13.7,27.05
1084,2022-01-06,AEPS,HDFC Bank,1.4,66.65,28.83,4.3
1085,2022-01-06,AEPS,Baroda Gujarat Gramin Bank,1.23,79.65,18.33,1.85
1086,2022-01-06,AEPS,Odisha Gramya Bank ,1.01,81.74,11.99,6.05
1087,2022-01-06,AEPS,Telangana Grameena Bank,1.02,84.8,11.47,3.61
1088,2022-01-06,AEPS,Karnataka Vikas Grameena Bank ,0.96,72.32,13.7,13.54
1089,2022-01-06,AEPS,Sarva Haryana Gramin Bank,0.72,79.49,13.57,6.71
1090,2022-01-06,AEPS,Uttar Banga Kshetriya Gramin Bank ,0.79,87.8,10.32,1.66
1091,2022-01-06,AEPS,Axis Bank,0.76,69.42,28.81,1.36
1092,2022-01-06,AEPS,Tripura Gramin Bank,0.7,63.73,20.69,15.36
1093,2022-01-06,AEPS,Paytm Payments Bank,0.57,78.72,18.26,2.73
1094,2022-01-06,AEPS,Punjab Gramin Bank,0.43,68.44,25.33,5.96
1095,2022-01-06,AEPS,Vidarbha Konkan Gramin Bank,0.42,84.23,13.13,2.48
1096,2022-01-06,AEPS,IDFC First Bank,0.41,69.46,18.2,12.08
1097,2022-01-06,AEPS,TamilNadu Grama Bank erstwhile Pallavan Grama Bank,0.39,77.23,15.92,5.7
1098,2022-01-06,AEPS,Saptagiri Grameena Bank,0.37,75.46,20.68,2.37
1099,2022-01-06,AEPS,Karnataka Bank,0.33,71.05,27.06,1.49
1100,2022-01-07,NFS,State Bank of India,110.78,83.94,13.49,1.67
1101,2022-01-07,NFS,Union Bank Of India,35.49,83.57,14.16,1.26
1102,2022-01-07,NFS,Bank Of Baroda,29.82,80.81,17.19,0.98
1103,2022-01-07,NFS,Canara Bank,29.42,83.11,15.34,0.69
1104,2022-01-07,NFS,Punjab National Bank,28.32,80.87,15.28,2.9
1105,2022-01-07,NFS,HDFC Bank,25.83,85.93,12.51,0.46
1106,2022-01-07,NFS,Indian Bank,24.13,81.6,14.85,2.69
1107,2022-01-07,NFS,Bank Of India,19.8,82.15,15.95,0.91
1108,2022-01-07,NFS,ICICI Bank,16.27,86.32,12.22,0.38
1109,2022-01-07,NFS,Axis Bank,14.86,87.08,10.23,1.57
1110,2022-01-07,NFS,Central Bank of India,13.09,72.62,26.09,0.41
1111,2022-01-07,NFS,Indian Overseas Bank,10.59,81.71,15.22,2.23
1112,2022-01-07,NFS,Federal Bank,8.49,84.22,12.99,1.99
1113,2022-01-07,NFS,UCO Bank,8.41,81.92,15.49,1.62
1114,2022-01-07,NFS,Kotak Mahindra Bank,8.23,78.83,16.42,3.7
1115,2022-01-07,NFS,Bank of Maharashtra,8.05,80.91,15.35,2.74
1116,2022-01-07,NFS,Indusind Bank,6.7,85.6,12.42,1.17
1117,2022-01-07,NFS,IDBI Bank,5.72,83.52,14.89,0.55
1118,2022-01-07,NFS,Karnataka Bank,4.17,80.84,16.12,2.13
1119,2022-01-07,NFS,Karur Vysya Bank,4.03,82.64,12.16,4.33
1120,2022-01-07,NFS,Ujjivan Small Finance Bank Limited,3.46,77.41,18.78,2.97
1121,2022-01-07,NFS,Yes Bank Ltd,3.23,86.1,12.15,0.71
1122,2022-01-07,NFS,IDFC,3.14,85.3,13.22,0.49
1123,2022-01-07,NFS,Fino Payments Bank,2.7,77.48,21.13,0.5
1124,2022-01-07,NFS,Bandhan Bank limited,2.64,84.3,13.69,1.06
1125,2022-01-07,NFS,Paytm Payments Bank Ltd,2.4,81.69,16.72,0.61
1126,2022-01-07,NFS,The South Indian Bank,2.4,83.57,13.5,2.08
1127,2022-01-07,NFS,Department of Post,2.12,75.75,21.78,1.68
1128,2022-01-07,NFS,Punjab and Sind Bank,1.96,78.23,20.01,0.7
1129,2022-01-07,NFS,City Union Bank,1.79,83.74,14.43,0.93
1130,2022-01-07,NFS,Jammu and Kashmir Bank,1.71,82.96,15.81,0.16
1131,2022-01-07,NFS,Andhra Pradesh Grameena Vikas Bank,1.66,66.86,30.36,2.12
1132,2022-01-07,NFS,Tamilnaad Mercantile Bank,1.61,78.8,17.59,2.73
1133,2022-01-07,NFS,Yes Bank ? Prepaid ? YP2,1.57,67.75,29.5,2.05
1134,2022-01-07,NFS,Kerala Gramin Bank,1.39,81.39,17.48,0.55
1135,2022-01-07,NFS,Pragathi Krishna Gramin Bank,1.19,78.23,20.51,0.55
1136,2022-01-07,NFS,Equitas Small Finance Bank Ltd.,1.05,85.09,13.29,0.64
1137,2022-01-07,NFS,ESAF Small Finance Bank,1.04,77.92,20.91,0.43
1138,2022-01-07,NFS,Maharashtra Gramin Bank,1.02,78.49,17.91,2.57
1139,2022-01-07,NFS,Fincare Small Finance Bank Limited,1.01,73.0,25.94,0.35
1140,2022-01-07,NFS,UTKARSH Small Finance Bank,1.01,86.55,11.78,1.21
1141,2022-01-07,NFS,AU Small Finance Bank,0.91,83.8,13.2,1.83
1142,2022-01-07,NFS,Saraswat Co-operative Bank,0.86,86.08,11.6,1.06
1143,2022-01-07,NFS,Andhra Pragathi Grameena Bank,0.81,76.72,20.45,1.92
1144,2022-01-07,NFS,Standard Chartered Bank,0.76,86.41,11.82,0.59
1145,2022-01-07,NFS,RBL Bank Limited,0.72,81.77,13.72,3.5
1146,2022-01-07,NFS,Chhattisgarh  Gramin Bank,0.69,80.48,16.79,1.88
1147,2022-01-07,NFS,DBS Bank,0.66,79.23,18.97,0.72
1148,2022-01-07,NFS,Citibank,0.66,88.3,9.33,1.08
1149,2022-01-07,NFS,Lakshmi Vilas Bank,0.64,79.18,14.97,5.04
1150,2022-01-07,AEPS,State Bank of India,75.95,76.58,19.89,3.44
1151,2022-01-07,AEPS,Punjab National Bank,26.47,80.11,13.63,6.16
1152,2022-01-07,AEPS,Bank of Baroda,19.83,64.99,32.56,2.37
1153,2022-01-07,AEPS,Central Bank of India,18.12,55.23,42.61,2.05
1154,2022-01-07,AEPS,Union Bank of India,17.6,84.64,14.41,0.84
1155,2022-01-07,AEPS,Indian Bank,16.94,77.6,18.48,3.81
1156,2022-01-07,AEPS,Bank of India,13.42,79.25,17.28,3.37
1185,2022-01-07,AEPS,IDBI Bank,0.98,76.69,16.43,6.78
1157,2022-01-07,AEPS,Baroda Uttar Pradesh Gramin Bank ,9.43,77.74,19.66,2.53
1158,2022-01-07,AEPS,Canara Bank,8.88,84.37,14.51,1.01
1159,2022-01-07,AEPS,India Post Payment Bank,7.31,78.64,13.24,1.41
1160,2022-01-07,AEPS,Dakshin Bihar Gramin Bank erstwhile Madhya Bihar Gramin Bank,6.05,87.29,10.54,2.05
1161,2022-01-07,AEPS,Bangiya Gramin Vikash Bank,6.45,83.88,5.94,10.1
1162,2022-01-07,AEPS,UCO Bank,5.75,79.78,16.24,3.86
1163,2022-01-07,AEPS,Uttar Bihar Grameen Bank ,5.18,81.55,15.17,3.18
1164,2022-01-07,AEPS,Indian Overseas Bank,3.9,84.39,14.48,1.01
1165,2022-01-07,AEPS,Baroda Rajasthan Kshetriya Gramin Bank,3.68,85.81,11.85,2.24
1166,2022-01-07,AEPS,Chhattisgarh Rajya Gramin Bank,3.12,75.1,15.86,8.93
1167,2022-01-07,AEPS,Madhya Pradesh Gramin Bank erstwhile Narmada Jhabua Gramin Bank,2.79,86.66,11.22,1.97
1168,2022-01-07,AEPS,Prathma UP Gramin Bank erstwhile Sarva UP Gramin Bank ,2.58,83.96,12.02,3.92
1169,2022-01-07,AEPS,Karnataka Gramin Bank erstwhile Pragathi Krishna Gramin Bank,2.38,80.66,13.06,6.18
1170,2022-01-07,AEPS,Andhra Pradesh Grameena Vikash Bank,2.45,79.41,13.8,6.67
1171,2022-01-07,AEPS,ICICI Bank,2.36,75.65,17.06,7.17
1172,2022-01-07,AEPS,Bank of Maharashtra,2.2,82.73,14.93,2.22
1173,2022-01-07,AEPS,Indusind Bank,2.08,81.36,15.71,2.82
1174,2022-01-07,AEPS,Rajasthan Marudhara Gramin Bank,1.92,76.36,13.14,10.37
1175,2022-01-07,AEPS,Madhyanchal Gramin Bank,1.72,71.31,15.44,13.14
1176,2022-01-07,AEPS,Airtel Payment Bank,1.74,77.58,20.08,2.25
1177,2022-01-07,AEPS,Aryavart Bank erstwhile Gramin Bank of Aryavart,1.66,66.63,28.72,4.54
1178,2022-01-07,AEPS,Utkal Gramin Bank,1.52,77.41,10.54,11.94
1179,2022-01-07,AEPS,Jharkhand Rajya Gramin Bank erstwhile Vananchal Gramin Bank,1.39,65.53,18.65,15.7
1180,2022-01-07,AEPS,Andhra Pragathi Grameena Bank,1.41,78.55,18.17,3.19
1181,2022-01-07,AEPS,Fino Payments Bank,1.35,76.25,17.55,6.11
1182,2022-01-07,AEPS,HDFC Bank,1.25,64.26,31.75,3.93
1183,2022-01-07,AEPS,Telangana Grameena Bank,1.12,82.97,12.74,4.14
1184,2022-01-07,AEPS,Punjab & Sind Bank,1.06,75.95,16.61,7.35
1186,2022-01-07,AEPS,Sarva Haryana Gramin Bank,0.77,81.54,14.53,3.8
1187,2022-01-07,AEPS,Baroda Gujarat Gramin Bank,0.83,76.1,19.67,4.12
1188,2022-01-07,AEPS,Uttar Banga Kshetriya Gramin Bank ,0.81,86.97,11.59,1.33
1189,2022-01-07,AEPS,Odisha Gramya Bank ,0.75,83.74,10.82,5.34
1190,2022-01-07,AEPS,Karnataka Vikas Grameena Bank ,0.72,79.02,17.91,2.93
1191,2022-01-07,AEPS,Tripura Gramin Bank,0.68,73.48,24.18,2.26
1192,2022-01-07,AEPS,Axis Bank,0.68,68.25,30.22,1.44
1193,2022-01-07,AEPS,Paytm Payments Bank,0.55,80.17,17.3,2.44
1194,2022-01-07,AEPS,Punjab Gramin Bank,0.4,69.45,24.35,6.12
1195,2022-01-07,AEPS,IDFC First Bank,0.39,64.39,18.13,17.38
1196,2022-01-07,AEPS,TamilNadu Grama Bank erstwhile Pallavan Grama Bank,0.36,75.53,15.7,7.61
1197,2022-01-07,AEPS,Saptagiri Grameena Bank,0.33,71.62,22.58,4.5
1198,2022-01-07,AEPS,Karnataka Bank,0.28,67.62,27.74,2.53
1199,2022-01-07,AEPS,Vidarbha Konkan Gramin Bank,0.27,85.0,12.43,2.47
1200,2022-01-08,NFS,State Bank of India,108.2,84.36,13.93,0.71
1201,2022-01-08,NFS,Union Bank Of India,35.37,84.37,14.18,0.51
1202,2022-01-08,NFS,Bank Of Baroda,30.49,80.97,17.34,0.72
1203,2022-01-08,NFS,Canara Bank,30.01,82.51,15.69,1.01
1204,2022-01-08,NFS,Punjab National Bank,27.23,83.97,14.28,0.8
1205,2022-01-08,NFS,HDFC Bank,26.61,85.9,12.69,0.39
1206,2022-01-08,NFS,Indian Bank,24.18,81.92,14.8,2.48
1207,2022-01-08,NFS,Bank Of India,19.98,82.7,15.83,0.47
1208,2022-01-08,NFS,ICICI Bank,16.28,85.92,12.65,0.38
1209,2022-01-08,NFS,Axis Bank,15.02,86.77,10.36,1.84
1210,2022-01-08,NFS,Central Bank of India,12.93,72.18,26.07,0.93
1211,2022-01-08,NFS,Indian Overseas Bank,11.07,79.99,15.08,4.16
1212,2022-01-08,NFS,UCO Bank,8.49,81.3,15.84,1.95
1213,2022-01-08,NFS,Kotak Mahindra Bank,8.41,80.34,16.32,2.29
1214,2022-01-08,NFS,Bank of Maharashtra,8.41,80.94,15.14,2.99
1215,2022-01-08,NFS,Federal Bank,8.36,85.61,13.13,0.49
1216,2022-01-08,NFS,Indusind Bank,7.0,86.5,12.42,0.34
1218,2022-01-08,NFS,Karur Vysya Bank,4.11,78.85,12.31,8.07
1219,2022-01-08,NFS,Karnataka Bank,4.09,81.82,16.47,0.83
1220,2022-01-08,NFS,Ujjivan Small Finance Bank Limited,3.61,76.02,18.53,4.68
1221,2022-01-08,NFS,Yes Bank Ltd,3.45,84.84,13.59,0.62
1222,2022-01-08,NFS,IDFC,3.23,83.97,14.81,0.29
1223,2022-01-08,NFS,Fino Payments Bank,2.98,76.46,22.08,0.63
1224,2022-01-08,NFS,Bandhan Bank limited,2.66,83.85,14.18,1.13
1225,2022-01-08,NFS,The South Indian Bank,2.4,85.21,12.75,1.22
1226,2022-01-08,NFS,Paytm Payments Bank Ltd,2.35,81.92,16.75,0.39
1227,2022-01-08,NFS,Department of Post,2.15,73.02,20.13,6.14
1228,2022-01-08,NFS,Punjab and Sind Bank,2.05,78.58,18.52,1.9
1229,2022-01-08,NFS,City Union Bank,1.81,84.44,14.08,0.67
1230,2022-01-08,NFS,Jammu and Kashmir Bank,1.74,77.6,21.15,0.32
1231,2022-01-08,NFS,Tamilnaad Mercantile Bank,1.73,76.04,17.97,5.21
1232,2022-01-08,NFS,Yes Bank ? Prepaid ? YP2,1.58,68.4,25.31,5.6
1233,2022-01-08,NFS,Kerala Gramin Bank,1.4,81.44,17.34,0.69
1234,2022-01-08,NFS,Andhra Pradesh Grameena Vikas Bank,1.33,66.04,30.65,2.73
1235,2022-01-08,NFS,UTKARSH Small Finance Bank,1.21,88.57,10.2,0.82
1236,2022-01-08,NFS,Pragathi Krishna Gramin Bank,1.15,78.54,19.97,0.81
1237,2022-01-08,NFS,Equitas Small Finance Bank Ltd.,1.09,84.94,13.68,0.49
1238,2022-01-08,NFS,Fincare Small Finance Bank Limited,1.05,72.08,26.65,0.59
1239,2022-01-08,NFS,ESAF Small Finance Bank,0.97,77.21,20.04,2.08
1240,2022-01-08,NFS,Maharashtra Gramin Bank,0.96,81.43,16.7,0.85
1241,2022-01-08,NFS,AU Small Finance Bank,0.94,85.18,13.24,0.42
1242,2022-01-08,NFS,Saraswat Co-operative Bank,0.89,87.46,9.84,1.48
1243,2022-01-08,NFS,Standard Chartered Bank,0.75,86.16,12.41,0.35
1244,2022-01-08,NFS,Andhra Pragathi Grameena Bank,0.74,75.76,21.26,2.18
1245,2022-01-08,NFS,RBL Bank Limited,0.72,83.95,14.53,0.57
1246,2022-01-08,NFS,Chhattisgarh  Gramin Bank,0.69,80.77,16.28,2.09
1247,2022-01-08,NFS,DBS Bank,0.64,81.05,17.25,0.64
1249,2022-01-08,NFS,Lakshmi Vilas Bank,0.61,82.43,14.86,1.9
1250,2022-01-08,AEPS,State Bank of India,81.56,62.57,14.29,23.09
1251,2022-01-08,AEPS,Punjab National Bank,29.74,74.84,11.93,13.11
1252,2022-01-08,AEPS,Indian Bank,20.31,61.19,13.32,25.4
1253,2022-01-08,AEPS,Bank of Baroda,20.1,56.1,41.23,2.59
1254,2022-01-08,AEPS,Union Bank of India,18.29,81.37,15.21,3.31
1255,2022-01-08,AEPS,Central Bank of India,15.03,57.72,33.48,8.7
1256,2022-01-08,AEPS,Bank of India,14.43,78.63,16.5,4.76
1257,2022-01-08,AEPS,Baroda Uttar Pradesh Gramin Bank ,12.01,80.15,17.59,2.17
1258,2022-01-08,AEPS,Canara Bank,8.75,83.34,14.29,2.27
1259,2022-01-08,AEPS,India Post Payment Bank,7.6,79.89,12.02,2.79
1260,2022-01-08,AEPS,Dakshin Bihar Gramin Bank erstwhile Madhya Bihar Gramin Bank,6.59,85.12,9.59,5.18
1261,2022-01-08,AEPS,Uttar Bihar Grameen Bank ,5.51,82.89,13.06,3.95
1262,2022-01-08,AEPS,UCO Bank,5.89,82.45,12.91,4.53
1263,2022-01-08,AEPS,Bangiya Gramin Vikash Bank,6.05,80.5,3.81,15.61
1264,2022-01-08,AEPS,Indian Overseas Bank,4.13,84.5,10.03,5.36
1265,2022-01-08,AEPS,Baroda Rajasthan Kshetriya Gramin Bank,3.35,86.99,10.55,2.39
1266,2022-01-08,AEPS,Prathma UP Gramin Bank erstwhile Sarva UP Gramin Bank ,3.31,85.16,10.47,4.25
1267,2022-01-08,AEPS,Chhattisgarh Rajya Gramin Bank,2.66,76.94,14.73,8.21
1268,2022-01-08,AEPS,Madhya Pradesh Gramin Bank erstwhile Narmada Jhabua Gramin Bank,2.66,85.96,11.02,2.91
1269,2022-01-08,AEPS,Bank of Maharashtra,2.42,76.38,11.36,12.15
1270,2022-01-08,AEPS,Aryavart Bank erstwhile Gramin Bank of Aryavart,2.35,68.32,28.22,3.36
1271,2022-01-08,AEPS,Indusind Bank,2.3,76.95,18.83,4.12
1272,2022-01-08,AEPS,Karnataka Gramin Bank erstwhile Pragathi Krishna Gramin Bank,1.93,83.21,14.84,1.84
1273,2022-01-08,AEPS,Rajasthan Marudhara Gramin Bank,1.83,79.21,12.33,8.37
1274,2022-01-08,AEPS,ICICI Bank,1.85,79.11,16.22,4.58
1275,2022-01-08,AEPS,Airtel Payment Bank,1.84,77.79,18.93,3.17
1276,2022-01-08,AEPS,Fino Payments Bank,1.73,51.45,39.97,8.48
1277,2022-01-08,AEPS,Madhyanchal Gramin Bank,1.61,74.98,12.35,12.55
1278,2022-01-08,AEPS,Utkal Gramin Bank,1.43,69.25,19.56,11.07
1279,2022-01-08,AEPS,Andhra Pradesh Grameena Vikash Bank,1.31,83.64,13.99,2.29
1280,2022-01-08,AEPS,Jharkhand Rajya Gramin Bank erstwhile Vananchal Gramin Bank,1.28,69.38,15.86,14.66
1281,2022-01-08,AEPS,Punjab & Sind Bank,1.21,71.66,14.18,14.04
1282,2022-01-08,AEPS,HDFC Bank,1.29,61.33,30.33,8.27
1283,2022-01-08,AEPS,Andhra Pragathi Grameena Bank,1.01,75.73,16.16,8.04
1284,2022-01-08,AEPS,Baroda Gujarat Gramin Bank,0.91,79.24,17.68,2.99
1285,2022-01-08,AEPS,IDBI Bank,0.97,75.96,19.59,4.34
1286,2022-01-08,AEPS,Uttar Banga Kshetriya Gramin Bank ,0.73,86.36,11.16,2.37
1287,2022-01-08,AEPS,Sarva Haryana Gramin Bank,0.66,81.75,12.11,6.02
1288,2022-01-08,AEPS,Karnataka Vikas Grameena Bank ,0.65,75.77,18.44,5.69
1289,2022-01-08,AEPS,Axis Bank,0.7,68.15,29.79,1.95
1290,2022-01-08,AEPS,Tripura Gramin Bank,0.67,69.21,28.85,1.86
1291,2022-01-08,AEPS,Odisha Gramya Bank ,0.63,81.87,9.71,8.28
1292,2022-01-08,AEPS,Paytm Payments Bank,0.64,65.85,17.94,16.1
1293,2022-01-08,AEPS,Telangana Grameena Bank,0.59,86.01,9.83,4.06
1294,2022-01-08,AEPS,Punjab Gramin Bank,0.43,71.08,23.56,5.23
1295,2022-01-08,AEPS,IDFC First Bank,0.42,60.55,17.54,21.81
1296,2022-01-08,AEPS,TamilNadu Grama Bank erstwhile Pallavan Grama Bank,0.34,76.05,16.28,6.56
1297,2022-01-08,AEPS,Vidarbha Konkan Gramin Bank,0.28,86.16,11.28,2.41
1298,2022-01-08,AEPS,Karnataka Bank,0.25,71.93,26.55,1.4
1299,2022-01-08,AEPS,Saptagiri Grameena Bank,0.25,73.38,20.85,4.13
1300,2022-01-09,NFS,State Bank of India,104.15,85.44,13.31,0.19
1301,2022-01-09,NFS,Union Bank Of India,33.75,84.34,14.53,0.16
1302,2022-01-09,NFS,Bank Of Baroda,30.31,80.76,17.64,0.57
1303,2022-01-09,NFS,Canara Bank,28.92,83.68,14.86,0.6
1304,2022-01-09,NFS,Punjab National Bank,27.63,81.41,17.19,0.22
1305,2022-01-09,NFS,HDFC Bank,25.75,86.27,12.32,0.35
1306,2022-01-09,NFS,Indian Bank,23.03,82.5,15.1,1.03
1307,2022-01-09,NFS,Bank Of India,18.92,82.82,15.76,0.37
1308,2022-01-09,NFS,ICICI Bank,15.29,86.47,12.24,0.19
1309,2022-01-09,NFS,Axis Bank,14.33,87.45,10.11,1.12
1310,2022-01-09,NFS,Central Bank of India,11.68,76.0,22.81,0.33
1311,2022-01-09,NFS,Indian Overseas Bank,10.63,81.16,15.55,2.08
1312,2022-01-09,NFS,UCO Bank,8.65,79.41,16.08,3.27
1313,2022-01-09,NFS,Kotak Mahindra Bank,8.03,82.6,16.0,0.26
1314,2022-01-09,NFS,Federal Bank,7.94,86.9,12.02,0.08
1315,2022-01-09,NFS,Bank of Maharashtra,7.84,81.68,15.57,0.57
1316,2022-01-09,NFS,Indusind Bank,7.73,86.44,12.18,0.67
1317,2022-01-09,NFS,IDBI Bank,5.53,80.97,13.71,4.32
1318,2022-01-09,NFS,Karur Vysya Bank,3.95,79.34,12.71,7.13
1319,2022-01-09,NFS,Karnataka Bank,3.91,82.03,16.72,0.26
1320,2022-01-09,NFS,Ujjivan Small Finance Bank Limited,3.62,76.55,19.68,2.9
1321,2022-01-09,NFS,Yes Bank Ltd,3.44,85.18,13.34,0.05
1322,2022-01-09,NFS,IDFC,3.3,84.86,13.83,0.32
1323,2022-01-09,NFS,Fino Payments Bank,2.96,76.75,22.1,0.25
1324,2022-01-09,NFS,Bandhan Bank limited,2.76,84.48,14.37,0.22
1325,2022-01-09,NFS,The South Indian Bank,2.32,84.7,13.42,0.89
1326,2022-01-09,NFS,Department of Post,2.02,76.7,21.15,1.16
1327,2022-01-09,NFS,Paytm Payments Bank Ltd,1.99,80.25,18.25,0.31
1328,2022-01-09,NFS,Punjab and Sind Bank,1.99,78.55,18.65,1.81
1329,2022-01-09,NFS,City Union Bank,1.72,84.55,14.06,0.49
1330,2022-01-09,NFS,Jammu and Kashmir Bank,1.57,83.25,15.68,0.07
1331,2022-01-09,NFS,Tamilnaad Mercantile Bank,1.53,80.55,17.72,0.72
1332,2022-01-09,NFS,Yes Bank ? Prepaid ? YP2,1.48,69.61,29.22,0.43
1333,2022-01-09,NFS,Kerala Gramin Bank,1.44,81.39,16.61,1.35
1334,2022-01-09,NFS,Andhra Pradesh Grameena Vikas Bank,1.28,66.35,31.45,1.52
1335,2022-01-09,NFS,Fincare Small Finance Bank Limited,1.18,71.11,27.86,0.23
1336,2022-01-09,NFS,Pragathi Krishna Gramin Bank,1.11,76.14,22.03,1.06
1337,2022-01-09,NFS,Equitas Small Finance Bank Ltd.,1.09,85.78,12.99,0.32
1338,2022-01-09,NFS,ESAF Small Finance Bank,1.03,78.55,20.38,0.19
1339,2022-01-09,NFS,UTKARSH Small Finance Bank,1.01,86.94,12.1,0.37
1340,2022-01-09,NFS,Maharashtra Gramin Bank,0.97,78.13,20.22,0.57
1341,2022-01-09,NFS,AU Small Finance Bank,0.93,85.47,13.25,0.18
1342,2022-01-09,NFS,Saraswat Co-operative Bank,0.83,88.74,9.83,0.17
1343,2022-01-09,NFS,RBL Bank Limited,0.71,83.58,14.1,1.34
1344,2022-01-09,NFS,Chhattisgarh  Gramin Bank,0.7,80.45,16.26,2.4
1345,2022-01-09,NFS,Standard Chartered Bank,0.7,86.58,11.99,0.3
1346,2022-01-09,NFS,Andhra Pragathi Grameena Bank,0.69,76.04,21.04,2.02
1347,2022-01-09,NFS,DBS Bank,0.62,78.04,16.68,2.69
1348,2022-01-09,NFS,Lakshmi Vilas Bank,0.58,83.52,14.96,0.18
1349,2022-01-09,NFS,Citibank,0.57,89.0,9.41,0.39
1350,2022-01-09,AEPS,State Bank of India,77.91,72.13,18.02,9.01
1351,2022-01-09,AEPS,Punjab National Bank,26.63,81.81,12.57,4.83
1352,2022-01-09,AEPS,Indian Bank,17.23,78.49,17.05,3.67
1353,2022-01-09,AEPS,Union Bank of India,16.96,82.08,13.83,3.28
1354,2022-01-09,AEPS,Bank of Baroda,16.71,60.58,34.99,3.81
1355,2022-01-09,AEPS,Bank of India,14.34,79.58,15.72,3.88
1356,2022-01-09,AEPS,Central Bank of India,13.01,64.44,27.29,7.48
1357,2022-01-09,AEPS,Baroda Uttar Pradesh Gramin Bank ,9.93,80.03,15.6,3.59
1358,2022-01-09,AEPS,Canara Bank,8.27,82.8,14.15,2.27
1359,2022-01-09,AEPS,Dakshin Bihar Gramin Bank erstwhile Madhya Bihar Gramin Bank,6.63,69.42,8.21,21.44
1360,2022-01-09,AEPS,India Post Payment Bank,6.81,81.1,12.06,1.6
1361,2022-01-09,AEPS,Bangiya Gramin Vikash Bank,6.76,76.47,4.54,18.42
1362,2022-01-09,AEPS,UCO Bank,6.01,81.36,12.29,5.54
1363,2022-01-09,AEPS,Uttar Bihar Grameen Bank ,4.67,82.84,13.74,2.57
1364,2022-01-09,AEPS,Indian Overseas Bank,4.02,83.13,9.06,7.06
1365,2022-01-09,AEPS,Baroda Rajasthan Kshetriya Gramin Bank,2.83,85.75,10.02,3.37
1366,2022-01-09,AEPS,Chhattisgarh Rajya Gramin Bank,2.7,66.9,13.68,18.55
1367,2022-01-09,AEPS,Prathma UP Gramin Bank erstwhile Sarva UP Gramin Bank ,2.73,78.02,11.15,10.07
1368,2022-01-09,AEPS,Madhya Pradesh Gramin Bank erstwhile Narmada Jhabua Gramin Bank,2.58,75.86,19.8,3.4
1369,2022-01-09,AEPS,Indusind Bank,2.55,76.08,14.7,8.44
1370,2022-01-09,AEPS,Bank of Maharashtra,2.41,73.21,9.12,16.83
1371,2022-01-09,AEPS,Utkal Gramin Bank,2.2,56.77,11.99,30.52
1372,2022-01-09,AEPS,Jharkhand Rajya Gramin Bank erstwhile Vananchal Gramin Bank,1.86,64.4,13.91,20.73
1373,2022-01-09,AEPS,Airtel Payment Bank,1.93,78.32,18.25,2.7
1374,2022-01-09,AEPS,Karnataka Gramin Bank erstwhile Pragathi Krishna Gramin Bank,1.76,79.02,17.81,2.49
1375,2022-01-09,AEPS,Aryavart Bank erstwhile Gramin Bank of Aryavart,1.79,68.46,27.68,3.05
1376,2022-01-09,AEPS,ICICI Bank,1.72,75.96,17.2,6.06
1377,2022-01-09,AEPS,Madhyanchal Gramin Bank,1.64,64.72,14.95,19.43
1378,2022-01-09,AEPS,Fino Payments Bank,1.68,40.78,52.32,6.28
1379,2022-01-09,AEPS,Rajasthan Marudhara Gramin Bank,1.52,74.39,11.75,12.97
1380,2022-01-09,AEPS,HDFC Bank,1.24,60.74,30.03,8.71
1381,2022-01-09,AEPS,Andhra Pradesh Grameena Vikash Bank,1.1,77.13,16.91,4.99
1382,2022-01-09,AEPS,Punjab & Sind Bank,1.07,74.54,15.28,9.41
1383,2022-01-09,AEPS,Odisha Gramya Bank ,1.03,82.24,9.89,7.2
1384,2022-01-09,AEPS,IDBI Bank,1.04,63.46,27.79,8.02
1385,2022-01-09,AEPS,Baroda Gujarat Gramin Bank,0.9,79.02,16.39,3.64
1386,2022-01-09,AEPS,Uttar Banga Kshetriya Gramin Bank ,0.94,85.48,11.92,1.93
1387,2022-01-09,AEPS,Tripura Gramin Bank,0.83,68.79,24.85,5.65
1388,2022-01-09,AEPS,Andhra Pragathi Grameena Bank,0.74,77.61,18.27,3.31
1389,2022-01-09,AEPS,Karnataka Vikas Grameena Bank ,0.67,79.8,15.44,4.05
1390,2022-01-09,AEPS,Sarva Haryana Gramin Bank,0.59,78.8,11.29,9.25
1391,2022-01-09,AEPS,Axis Bank,0.67,68.96,29.57,0.84
1392,2022-01-09,AEPS,Telangana Grameena Bank,0.52,87.32,9.37,2.47
1393,2022-01-09,AEPS,Paytm Payments Bank,0.56,80.01,16.89,2.42
1394,2022-01-09,AEPS,Punjab Gramin Bank,0.41,68.28,22.07,8.77
1395,2022-01-09,AEPS,IDFC First Bank,0.35,65.51,21.06,12.74
1396,2022-01-09,AEPS,Assam Gramin Vikash Bank,0.31,45.21,44.6,9.31
1397,2022-01-09,AEPS,TamilNadu Grama Bank erstwhile Pallavan Grama Bank,0.31,62.96,16.03,19.6
1398,2022-01-09,AEPS,Vidarbha Konkan Gramin Bank,0.28,83.86,10.95,4.25
1399,2022-01-09,AEPS,Karnataka Bank,0.25,70.46,26.4,2.4
1400,2022-01-10,NFS,State Bank of India,116.48,85.57,12.99,0.36
1401,2022-01-10,NFS,Union Bank Of India,36.87,84.76,13.97,0.25
1402,2022-01-10,NFS,Bank Of Baroda,33.68,80.36,17.42,1.17
1403,2022-01-10,NFS,Canara Bank,31.58,84.18,14.41,0.53
1404,2022-01-10,NFS,Punjab National Bank,29.46,83.19,14.65,0.48
1405,2022-01-10,NFS,HDFC Bank,29.27,86.62,11.93,0.35
1406,2022-01-10,NFS,Indian Bank,25.1,82.82,14.82,1.04
1407,2022-01-10,NFS,Bank Of India,20.67,82.34,16.32,0.28
1408,2022-01-10,NFS,ICICI Bank,17.22,86.71,12.06,0.1
1409,2022-01-10,NFS,Axis Bank,16.29,85.65,11.71,1.31
1410,2022-01-10,NFS,Central Bank of India,12.5,78.24,20.58,0.11
1411,2022-01-10,NFS,Indian Overseas Bank,11.48,81.91,15.37,1.67
1412,2022-01-10,NFS,Kotak Mahindra Bank,9.04,82.23,16.21,0.39
1413,2022-01-10,NFS,UCO Bank,8.92,81.78,16.62,0.58
1414,2022-01-10,NFS,Bank of Maharashtra,8.65,83.19,15.43,0.08
1415,2022-01-10,NFS,Federal Bank,8.37,87.15,11.87,0.05
1416,2022-01-10,NFS,Indusind Bank,8.22,87.5,11.65,0.14
1417,2022-01-10,NFS,Karnataka Bank,4.25,80.65,16.52,1.87
1418,2022-01-10,NFS,Karur Vysya Bank,4.06,80.89,11.72,6.58
1419,2022-01-10,NFS,Yes Bank Ltd,3.82,83.61,15.32,0.03
1420,2022-01-10,NFS,IDFC Bank,3.73,85.1,12.79,1.04
1421,2022-01-10,NFS,Ujjivan Small Finance Bank Limited,3.54,76.03,20.39,2.75
1422,2022-01-10,NFS,Fino Payments Bank,3.41,77.52,21.39,0.22
1423,2022-01-10,NFS,IDBI Bank,2.84,83.08,15.69,0.15
1424,2022-01-10,NFS,Bandhan Bank limited,2.72,84.48,14.11,0.5
1425,2022-01-10,NFS,Punjab and Sind Bank,2.61,63.6,17.48,18.1
1426,2022-01-10,NFS,The South Indian Bank,2.41,84.44,13.68,0.94
1427,2022-01-10,NFS,Department of Post,2.27,77.18,20.78,1.03
1428,2022-01-10,NFS,Paytm Payments Bank Ltd,2.08,80.55,18.17,0.14
1429,2022-01-10,NFS,City Union Bank,1.86,83.93,14.08,1.08
1430,2022-01-10,NFS,Yes Bank ? Prepaid ? YP2,1.78,71.1,27.84,0.34
1431,2022-01-10,NFS,Jammu and Kashmir Bank,1.74,81.1,17.47,0.35
1432,2022-01-10,NFS,Tamilnaad Mercantile Bank,1.65,79.51,17.46,1.92
1433,2022-01-10,NFS,Kerala Gramin Bank,1.57,83.31,15.79,0.32
1434,2022-01-10,NFS,Andhra Pradesh Grameena Vikas Bank,1.43,64.14,32.02,3.12
1435,2022-01-10,NFS,Fincare Small Finance Bank Limited,1.3,69.69,29.52,0.06
1436,2022-01-10,NFS,Equitas Small Finance Bank Ltd.,1.18,85.38,13.39,0.34
1437,2022-01-10,NFS,Pragathi Krishna Gramin Bank,1.13,77.79,21.18,0.27
1438,2022-01-10,NFS,Maharashtra Gramin Bank,1.03,79.83,18.01,0.99
1439,2022-01-10,NFS,ESAF Small Finance Bank,1.02,79.3,19.69,0.16
1440,2022-01-10,NFS,AU Small Finance Bank,0.99,85.51,13.14,0.21
1441,2022-01-10,NFS,Saraswat Co-operative Bank,0.94,87.82,10.6,0.28
1442,2022-01-10,NFS,Chhattisgarh  Gramin Bank,0.84,80.9,15.41,2.64
1443,2022-01-10,NFS,Andhra Pragathi Grameena Bank,0.82,72.08,19.66,7.37
1444,2022-01-10,NFS,RBL Bank Limited,0.79,84.92,13.47,0.62
1445,2022-01-10,NFS,Standard Chartered Bank,0.79,86.7,12.02,0.18
1446,2022-01-10,NFS,Citibank,0.65,88.95,9.53,0.3
1447,2022-01-10,NFS,"The Nanded District Central Co-operative Bank Ltd.,Nanded",0.62,45.6,44.14,7.22
1448,2022-01-10,NFS,DBS Bank,0.62,80.58,16.74,1.01
1449,2022-01-10,NFS,Lakshmi Vilas Bank,0.61,83.02,15.43,0.21
1450,2022-01-10,AEPS,State Bank of India,93.99,67.93,17.52,14.38
1451,2022-01-10,AEPS,Punjab National Bank,28.93,84.18,12.76,2.87
1452,2022-01-10,AEPS,Union Bank of India,20.85,78.83,15.03,5.95
1453,2022-01-10,AEPS,Indian Bank,19.46,79.02,17.53,3.27
1454,2022-01-10,AEPS,Bank of Baroda,18.06,50.75,39.39,9.73
1455,2022-01-10,AEPS,Bank of India,15.22,81.05,16.37,2.38
1456,2022-01-10,AEPS,Central Bank of India,13.43,66.6,28.09,5.11
1457,2022-01-10,AEPS,Baroda Uttar Pradesh Gramin Bank ,13.77,69.82,15.0,15.03
1458,2022-01-10,AEPS,Canara Bank,9.74,82.18,16.15,1.48
1459,2022-01-10,AEPS,India Post Payment Bank,8.85,81.28,12.29,2.5
1460,2022-01-10,AEPS,Dakshin Bihar Gramin Bank erstwhile Madhya Bihar Gramin Bank,6.24,87.84,9.29,2.67
1461,2022-01-10,AEPS,UCO Bank,6.47,82.51,12.79,4.51
1462,2022-01-10,AEPS,Uttar Bihar Grameen Bank ,5.3,78.54,16.42,4.81
1463,2022-01-10,AEPS,Indian Overseas Bank,4.59,86.91,8.77,4.13
1464,2022-01-10,AEPS,Bangiya Gramin Vikash Bank,3.81,77.83,14.57,7.36
1465,2022-01-10,AEPS,Chhattisgarh Rajya Gramin Bank,3.55,66.01,14.65,19.17
1466,2022-01-10,AEPS,Baroda Rajasthan Kshetriya Gramin Bank,3.37,74.26,10.44,15.13
1467,2022-01-10,AEPS,Prathma UP Gramin Bank erstwhile Sarva UP Gramin Bank ,3.32,85.87,10.68,3.29
1468,2022-01-10,AEPS,Madhya Pradesh Gramin Bank erstwhile Narmada Jhabua Gramin Bank,3.07,75.36,22.34,2.12
1469,2022-01-10,AEPS,Bank of Maharashtra,3.16,74.46,8.75,16.64
1470,2022-01-10,AEPS,Aryavart Bank erstwhile Gramin Bank of Aryavart,2.53,66.86,28.21,4.79
1471,2022-01-10,AEPS,ICICI Bank,2.38,77.93,17.81,4.1
1472,2022-01-10,AEPS,Airtel Payment Bank,2.42,78.32,19.39,2.1
1473,2022-01-10,AEPS,Madhyanchal Gramin Bank,2.13,68.88,14.84,16.11
1474,2022-01-10,AEPS,Indusind Bank,2.27,84.51,14.23,1.07
1475,2022-01-10,AEPS,Karnataka Gramin Bank erstwhile Pragathi Krishna Gramin Bank,2.05,80.44,16.86,2.5
1476,2022-01-10,AEPS,Utkal Gramin Bank,1.9,72.69,12.65,14.46
1477,2022-01-10,AEPS,Rajasthan Marudhara Gramin Bank,1.62,79.18,7.8,12.8
1478,2022-01-10,AEPS,Fino Payments Bank,1.92,47.95,49.28,2.61
1479,2022-01-10,AEPS,Andhra Pradesh Grameena Vikash Bank,1.8,76.55,15.82,7.48
1480,2022-01-10,AEPS,Jharkhand Rajya Gramin Bank erstwhile Vananchal Gramin Bank,1.58,46.2,10.44,43.14
1481,2022-01-10,AEPS,Punjab & Sind Bank,1.42,58.44,12.43,28.92
1482,2022-01-10,AEPS,HDFC Bank,1.49,53.28,30.58,16.01
1483,2022-01-10,AEPS,Baroda Gujarat Gramin Bank,1.24,70.87,15.01,13.96
1484,2022-01-10,AEPS,IDBI Bank,1.25,65.94,32.17,1.7
1485,2022-01-10,AEPS,Andhra Pragathi Grameena Bank,1.21,78.9,16.39,4.55
1486,2022-01-10,AEPS,Tripura Gramin Bank,1.09,72.12,26.47,1.11
1487,2022-01-10,AEPS,Odisha Gramya Bank ,1.0,67.71,9.31,22.8
1704,2023-01-01,NFS,HDFC Bank,26.7,87.44,11.45,0.11
1488,2022-01-10,AEPS,Karnataka Vikas Grameena Bank ,0.76,80.1,15.49,4.23
1489,2022-01-10,AEPS,Uttar Banga Kshetriya Gramin Bank ,0.78,87.7,11.44,0.63
1490,2022-01-10,AEPS,Sarva Haryana Gramin Bank,0.65,83.74,13.69,2.38
1491,2022-01-10,AEPS,Telangana Grameena Bank,0.75,85.44,10.49,3.92
1492,2022-01-10,AEPS,Axis Bank,0.78,66.65,31.05,2.09
1493,2022-01-10,AEPS,Paytm Payments Bank,0.6,76.54,17.76,5.49
1494,2022-01-10,AEPS,Vidarbha Konkan Gramin Bank,0.49,74.82,23.53,1.53
1495,2022-01-10,AEPS,Punjab Gramin Bank,0.4,72.89,24.57,2.28
1496,2022-01-10,AEPS,Assam Gramin Vikash Bank,0.44,36.19,61.18,2.44
1497,2022-01-10,AEPS,TamilNadu Grama Bank erstwhile Pallavan Grama Bank,0.42,74.96,17.61,6.44
1498,2022-01-10,AEPS,IDFC First Bank,0.4,66.04,22.09,11.69
1499,2022-01-10,AEPS,Saptagiri Grameena Bank,0.33,74.44,20.71,3.62
1500,2022-01-11,NFS,State Bank of India,102.15,86.16,12.58,0.23
1501,2022-01-11,NFS,Union Bank Of India,32.92,84.48,14.34,0.22
1502,2022-01-11,NFS,Bank Of Baroda,29.41,80.67,17.64,0.7
1503,2022-01-11,NFS,Canara Bank,29.2,84.17,14.39,0.61
1504,2022-01-11,NFS,Punjab National Bank,27.77,77.47,14.13,2.16
1505,2022-01-11,NFS,HDFC Bank,25.88,86.92,11.95,0.11
1506,2022-01-11,NFS,Indian Bank,22.41,82.46,14.85,1.43
1507,2022-01-11,NFS,Bank Of India,18.5,81.77,16.04,1.2
1508,2022-01-11,NFS,ICICI Bank,14.99,86.89,11.93,0.12
1509,2022-01-11,NFS,Axis Bank,14.37,87.37,10.09,1.24
1510,2022-01-11,NFS,Central Bank of India,10.9,79.21,19.61,0.12
1511,2022-01-11,NFS,Indian Overseas Bank,10.09,83.16,15.38,0.45
1512,2022-01-11,NFS,Kotak Mahindra Bank,8.76,74.36,15.19,6.16
1513,2022-01-11,NFS,UCO Bank,8.07,82.73,15.11,1.21
1514,2022-01-11,NFS,Federal Bank,7.74,86.83,12.14,0.16
1515,2022-01-11,NFS,Indusind Bank,7.61,88.55,10.63,0.17
1516,2022-01-11,NFS,Bank of Maharashtra,7.2,83.57,15.04,0.1
1517,2022-01-11,NFS,Karnataka Bank,3.97,80.79,16.2,2.07
1518,2022-01-11,NFS,Karur Vysya Bank,3.72,81.58,12.07,5.55
1521,2022-01-11,NFS,Yes Bank Ltd,3.38,88.3,10.66,0.06
1522,2022-01-11,NFS,Ujjivan Small Finance Bank Limited,3.28,75.91,20.11,3.18
1523,2022-01-11,NFS,Fino Payments Bank,2.9,77.23,21.49,0.43
1524,2022-01-11,NFS,Bandhan Bank limited,2.62,84.13,13.92,1.08
1525,2022-01-11,NFS,The South Indian Bank,2.26,84.99,13.21,0.9
1526,2022-01-11,NFS,Department of Post,2.02,76.49,21.72,0.86
1527,2022-01-11,NFS,Punjab and Sind Bank,1.95,78.9,18.07,2.03
1528,2022-01-11,NFS,Paytm Payments Bank Ltd,1.9,80.03,18.06,0.72
1529,2022-01-11,NFS,City Union Bank,1.65,84.37,14.0,0.75
1530,2022-01-11,NFS,Jammu and Kashmir Bank,1.61,82.09,16.77,0.09
1531,2022-01-11,NFS,Kerala Gramin Bank,1.52,82.57,16.13,0.75
1532,2022-01-11,NFS,Tamilnaad Mercantile Bank,1.5,81.15,16.5,1.34
1533,2022-01-11,NFS,Yes Bank ? Prepaid ? YP2,1.36,69.22,28.6,1.49
1534,2022-01-11,NFS,Fincare Small Finance Bank Limited,1.31,69.04,29.91,0.28
1535,2022-01-11,NFS,Equitas Small Finance Bank Ltd.,1.15,84.93,13.44,0.82
1536,2022-01-11,NFS,Andhra Pradesh Grameena Vikas Bank,1.08,65.93,32.69,0.68
1537,2022-01-11,NFS,ESAF Small Finance Bank,1.03,78.6,20.41,0.23
1538,2022-01-11,NFS,Pragathi Krishna Gramin Bank,0.99,77.75,21.07,0.42
1539,2022-01-11,NFS,Maharashtra Gramin Bank,0.94,78.31,16.47,4.09
1540,2022-01-11,NFS,AU Small Finance Bank,0.91,85.05,12.72,1.16
1541,2022-01-11,NFS,Saraswat Co-operative Bank,0.84,88.02,9.91,0.81
1542,2022-01-11,NFS,Lakshmi Vilas Bank,0.71,83.12,15.51,0.17
1543,2022-01-11,NFS,RBL Bank Limited,0.71,84.33,13.52,1.19
1544,2022-01-11,NFS,Chhattisgarh  Gramin Bank,0.7,82.97,15.39,0.7
1545,2022-01-11,NFS,Standard Chartered Bank,0.68,86.1,11.69,1.16
1546,2022-01-11,NFS,Andhra Pragathi Grameena Bank,0.65,76.88,19.33,2.93
1547,2022-01-11,NFS,DBS Bank,0.56,81.29,16.61,1.12
1548,2022-01-11,NFS,Citibank,0.54,88.99,9.48,0.36
1549,2022-01-11,NFS,"The Nanded District Central Co-operative Bank Ltd.,Nanded",0.51,55.91,40.35,2.4
1550,2022-01-11,AEPS,State Bank of India,67.34,76.94,16.82,5.41
1551,2022-01-11,AEPS,Punjab National Bank,24.06,82.36,11.87,4.84
1552,2022-01-11,AEPS,Indian Bank,15.2,80.45,15.91,2.81
1553,2022-01-11,AEPS,Union Bank of India,14.81,83.57,14.03,1.62
1554,2022-01-11,AEPS,Bank of India,12.48,78.89,15.28,4.99
1555,2022-01-11,AEPS,Bank of Baroda,12.64,58.59,39.77,1.1
1556,2022-01-11,AEPS,Central Bank of India,10.55,68.75,24.2,6.16
1557,2022-01-11,AEPS,Baroda Uttar Pradesh Gramin Bank ,8.46,81.87,16.09,1.39
1558,2022-01-11,AEPS,Canara Bank,7.36,84.1,13.75,1.29
1559,2022-01-11,AEPS,India Post Payment Bank,6.48,77.67,16.87,2.77
1560,2022-01-11,AEPS,UCO Bank,5.89,78.23,9.52,11.32
1561,2022-01-11,AEPS,Dakshin Bihar Gramin Bank erstwhile Madhya Bihar Gramin Bank,5.28,84.25,9.3,5.34
1562,2022-01-11,AEPS,Uttar Bihar Grameen Bank ,3.67,79.95,13.83,4.7
1563,2022-01-11,AEPS,Indian Overseas Bank,3.74,80.4,7.53,11.18
1564,2022-01-11,AEPS,Baroda Rajasthan Kshetriya Gramin Bank,2.74,83.98,9.98,5.46
1565,2022-01-11,AEPS,Bangiya Gramin Vikash Bank,2.94,81.87,11.21,5.55
1566,2022-01-11,AEPS,Madhya Pradesh Gramin Bank erstwhile Narmada Jhabua Gramin Bank,2.27,72.4,17.89,8.72
1567,2022-01-11,AEPS,Prathma UP Gramin Bank erstwhile Sarva UP Gramin Bank ,2.28,87.59,9.85,1.83
1568,2022-01-11,AEPS,Bank of Maharashtra,2.08,79.99,10.75,8.26
1569,2022-01-11,AEPS,Indusind Bank,2.18,84.58,13.66,0.97
1570,2022-01-11,AEPS,Karnataka Gramin Bank erstwhile Pragathi Krishna Gramin Bank,1.7,80.27,15.81,3.06
1571,2022-01-11,AEPS,Airtel Payment Bank,1.83,76.73,20.31,2.23
1572,2022-01-11,AEPS,Chhattisgarh Rajya Gramin Bank,1.63,53.66,8.29,36.95
1573,2022-01-11,AEPS,Aryavart Bank erstwhile Gramin Bank of Aryavart,1.7,64.14,24.6,10.59
1574,2022-01-11,AEPS,ICICI Bank,1.58,76.06,18.52,4.65
1575,2022-01-11,AEPS,Rajasthan Marudhara Gramin Bank,1.37,82.5,7.97,8.91
1576,2022-01-11,AEPS,Madhyanchal Gramin Bank,1.4,78.01,13.62,7.31
1577,2022-01-11,AEPS,Utkal Gramin Bank,1.3,78.15,13.45,7.2
1578,2022-01-11,AEPS,Fino Payments Bank,1.2,71.91,22.0,5.45
1579,2022-01-11,AEPS,HDFC Bank,1.14,49.91,40.37,9.09
1580,2022-01-11,AEPS,Punjab & Sind Bank,0.99,71.11,15.63,12.39
1581,2022-01-11,AEPS,IDBI Bank,0.95,67.77,28.49,2.93
1582,2022-01-11,AEPS,Baroda Gujarat Gramin Bank,0.79,79.89,17.07,2.16
1583,2022-01-11,AEPS,Andhra Pradesh Grameena Vikash Bank,0.8,75.91,16.8,6.34
1584,2022-01-11,AEPS,Karnataka Vikas Grameena Bank ,0.77,73.54,13.66,12.06
1585,2022-01-11,AEPS,Odisha Gramya Bank ,0.72,76.9,12.08,9.95
1586,2022-01-11,AEPS,Uttar Banga Kshetriya Gramin Bank ,0.7,85.81,9.81,3.14
1587,2022-01-11,AEPS,Axis Bank,0.76,58.21,30.45,10.65
1588,2022-01-11,AEPS,Sarva Haryana Gramin Bank,0.53,82.22,13.36,3.89
1589,2022-01-11,AEPS,Tripura Gramin Bank,0.6,87.31,10.0,1.91
1590,2022-01-11,AEPS,Andhra Pragathi Grameena Bank,0.55,76.13,16.7,6.43
1591,2022-01-11,AEPS,Paytm Payments Bank,0.52,75.64,20.11,3.62
1592,2022-01-11,AEPS,Telangana Grameena Bank,0.44,86.96,10.37,1.85
1593,2022-01-11,AEPS,Punjab Gramin Bank,0.33,72.93,24.34,1.29
1594,2022-01-11,AEPS,Assam Gramin Vikash Bank,0.41,36.32,58.26,4.42
1595,2022-01-11,AEPS,Vidarbha Konkan Gramin Bank,0.32,69.33,22.84,6.89
1596,2022-01-11,AEPS,TamilNadu Grama Bank erstwhile Pallavan Grama Bank,0.33,75.59,17.19,5.49
1597,2022-01-11,AEPS,IDFC First Bank,0.32,64.93,23.56,10.79
1598,2022-01-11,AEPS,Karnataka Bank,0.25,72.25,25.24,1.69
1599,2022-01-11,AEPS,Federal Bank,0.24,55.14,11.31,32.86
1600,2022-01-12,NFS,State Bank of India,108.91,83.92,12.39,2.6
1601,2022-01-12,NFS,Union Bank Of India,34.36,84.16,14.22,0.67
1602,2022-01-12,NFS,Bank Of Baroda,31.2,80.39,18.08,0.54
1603,2022-01-12,NFS,Canara Bank,31.06,83.28,15.42,0.48
1604,2022-01-12,NFS,HDFC Bank,27.73,87.2,11.62,0.13
1605,2022-01-12,NFS,Punjab National Bank,25.74,82.79,15.59,0.6
1606,2022-01-12,NFS,Indian Bank,23.56,82.6,14.79,1.37
1607,2022-01-12,NFS,Bank Of India,18.97,82.82,15.56,0.6
1608,2022-01-12,NFS,ICICI Bank,15.85,87.06,11.7,0.14
1609,2022-01-12,NFS,Axis Bank,15.31,86.51,10.39,1.8
1610,2022-01-12,NFS,Central Bank of India,11.38,78.52,20.31,0.11
1611,2022-01-12,NFS,Indian Overseas Bank,10.9,81.97,15.25,1.67
1612,2022-01-12,NFS,Kotak Mahindra Bank,9.19,77.77,16.89,4.18
1613,2022-01-12,NFS,Bank of Maharashtra,8.73,70.28,13.72,13.19
1614,2022-01-12,NFS,UCO Bank,8.4,82.4,14.42,1.78
1615,2022-01-12,NFS,Federal Bank,8.39,83.72,15.36,0.07
1616,2022-01-12,NFS,Indusind Bank,8.16,88.32,10.35,0.67
1617,2022-01-12,NFS,IDBI Bank,6.06,80.3,13.62,5.11
1618,2022-01-12,NFS,Ujjivan Small Finance Bank Limited,4.31,72.04,18.44,8.37
1619,2022-01-12,NFS,Karnataka Bank,4.03,81.57,16.1,1.33
1620,2022-01-12,NFS,Karur Vysya Bank,3.87,82.45,11.99,4.76
1621,2022-01-12,NFS,IDFC,3.76,86.61,12.2,0.25
1622,2022-01-12,NFS,Yes Bank Ltd,3.67,88.02,10.52,0.06
1623,2022-01-12,NFS,Fino Payments Bank,3.17,77.49,21.33,0.31
1624,2022-01-12,NFS,Bandhan Bank limited,2.65,85.17,13.64,0.26
1625,2022-01-12,NFS,The South Indian Bank,2.46,84.5,13.03,1.59
1626,2022-01-12,NFS,Department of Post,2.12,75.46,21.55,2.02
1627,2022-01-12,NFS,Punjab and Sind Bank,2.0,79.33,18.09,1.55
1628,2022-01-12,NFS,Paytm Payments Bank Ltd,1.92,81.14,17.5,0.2
1629,2022-01-12,NFS,Jammu and Kashmir Bank,1.77,78.6,20.01,0.2
1630,2022-01-12,NFS,City Union Bank,1.74,84.47,13.83,0.79
1631,2022-01-12,NFS,Kerala Gramin Bank,1.74,82.67,15.98,0.81
1632,2022-01-12,NFS,Tamilnaad Mercantile Bank,1.62,81.28,16.78,0.98
1633,2022-01-12,NFS,Fincare Small Finance Bank Limited,1.45,70.36,28.77,0.08
1634,2022-01-12,NFS,Yes Bank ? Prepaid ? YP2,1.36,69.06,29.83,0.38
1635,2022-01-12,NFS,Andhra Pradesh Grameena Vikas Bank,1.3,66.84,30.94,1.52
1636,2022-01-12,NFS,Equitas Small Finance Bank Ltd.,1.24,86.46,12.41,0.29
1637,2022-01-12,NFS,ESAF Small Finance Bank,1.16,77.91,20.49,0.76
1638,2022-01-12,NFS,DBS Bank,1.02,74.93,19.98,4.22
1639,2022-01-12,NFS,Pragathi Krishna Gramin Bank,1.0,77.95,20.74,0.54
1640,2022-01-12,NFS,AU Small Finance Bank,0.95,86.17,12.47,0.19
1641,2022-01-12,NFS,Maharashtra Gramin Bank,0.9,81.71,16.3,0.68
1642,2022-01-12,NFS,Saraswat Co-operative Bank,0.88,88.64,9.99,0.15
1643,2022-01-12,NFS,Chhattisgarh  Gramin Bank,0.81,82.38,15.6,0.96
1644,2022-01-12,NFS,RBL Bank Limited,0.76,82.08,13.27,3.73
1645,2022-01-12,NFS,Andhra Pragathi Grameena Bank,0.75,73.47,19.79,5.87
1646,2022-01-12,NFS,Standard Chartered Bank,0.74,87.18,11.51,0.23
1647,2022-01-12,NFS,Citibank,0.63,89.09,9.23,0.53
1648,2022-01-12,NFS,"Jila Sahakari Kendriya Bank Maryadit,Raipur",0.6,85.29,12.51,1.15
1649,2022-01-12,NFS,Jana Small Finance Bank Ltd,0.56,73.61,24.33,0.38
1650,2022-01-12,AEPS,State Bank of India,85.17,62.63,13.03,4.26
1651,2022-01-12,AEPS,Punjab National Bank,30.97,65.26,9.13,2.36
1652,2022-01-12,AEPS,Indian Bank,18.84,65.01,12.83,2.73
1653,2022-01-12,AEPS,Union Bank of India,18.77,66.42,11.13,0.83
1654,2022-01-12,AEPS,Bank of India,16.39,63.95,12.14,1.65
1655,2022-01-12,AEPS,Central Bank of India,14.3,59.22,17.49,4.45
1656,2022-01-12,AEPS,Bank of Baroda,11.39,38.76,47.96,0.74
1657,2022-01-12,AEPS,Baroda Uttar Pradesh Gramin Bank ,9.46,65.05,12.76,0.92
1658,2022-01-12,AEPS,Canara Bank,9.31,66.36,11.78,0.91
1659,2022-01-12,AEPS,India Post Payment Bank,8.95,58.66,19.17,0.91
1660,2022-01-12,AEPS,Dakshin Bihar Gramin Bank erstwhile Madhya Bihar Gramin Bank,7.36,59.14,6.14,3.28
1661,2022-01-12,AEPS,UCO Bank,6.98,63.72,8.43,3.03
1662,2022-01-12,AEPS,Uttar Bihar Grameen Bank ,6.36,54.78,9.29,2.58
1663,2022-01-12,AEPS,Indian Overseas Bank,4.26,72.28,7.11,6.19
1664,2022-01-12,AEPS,Bangiya Gramin Vikash Bank,3.81,65.16,7.94,6.61
1665,2022-01-12,AEPS,Baroda Rajasthan Kshetriya Gramin Bank,3.86,63.04,7.31,1.11
1666,2022-01-12,AEPS,Madhya Pradesh Gramin Bank erstwhile Narmada Jhabua Gramin Bank,2.92,59.95,14.38,2.73
1667,2022-01-12,AEPS,Prathma UP Gramin Bank erstwhile Sarva UP Gramin Bank ,2.72,67.66,8.13,4.05
1668,2022-01-12,AEPS,Indusind Bank,2.67,72.03,11.53,1.72
1669,2022-01-12,AEPS,Bank of Maharashtra,2.44,66.06,11.85,2.6
1670,2022-01-12,AEPS,Airtel Payment Bank,2.19,68.04,14.07,9.4
1701,2023-01-01,NFS,Union Bank Of India,32.73,82.69,16.25,0.13
1671,2022-01-12,AEPS,Rajasthan Marudhara Gramin Bank,2.0,57.22,6.38,8.76
1672,2022-01-12,AEPS,ICICI Bank,2.07,60.96,13.2,2.84
1673,2022-01-12,AEPS,Madhyanchal Gramin Bank,1.9,54.63,10.03,8.9
1674,2022-01-12,AEPS,Karnataka Gramin Bank erstwhile Pragathi Krishna Gramin Bank,1.83,64.93,12.7,1.3
1675,2022-01-12,AEPS,Utkal Gramin Bank,1.68,60.89,8.11,10.09
1676,2022-01-12,AEPS,Aryavart Bank erstwhile Gramin Bank of Aryavart,1.72,57.11,21.68,2.2
1677,2022-01-12,AEPS,Fino Payments Bank,1.51,64.28,19.1,2.24
1678,2022-01-12,AEPS,Punjab & Sind Bank,1.28,55.77,13.19,9.41
1679,2022-01-12,AEPS,Andhra Pradesh Grameena Vikash Bank,1.29,66.26,13.13,4.14
1680,2022-01-12,AEPS,HDFC Bank,1.24,45.35,35.79,3.64
1681,2022-01-12,AEPS,IDBI Bank,1.1,58.6,21.81,1.1
1682,2022-01-12,AEPS,Baroda Gujarat Gramin Bank,1.06,61.47,13.32,1.88
1683,2022-01-12,AEPS,Tripura Gramin Bank,0.96,68.02,10.24,2.41
1684,2022-01-12,AEPS,Andhra Pragathi Grameena Bank,0.91,70.04,12.9,6.86
1685,2022-01-12,AEPS,Uttar Banga Kshetriya Gramin Bank ,0.95,69.04,8.11,1.93
1686,2022-01-12,AEPS,Sarva Haryana Gramin Bank,0.9,52.03,11.39,4.98
1687,2022-01-12,AEPS,Odisha Gramya Bank ,0.86,61.17,7.18,3.16
1688,2022-01-12,AEPS,Axis Bank,0.85,56.56,27.22,1.94
1689,2022-01-12,AEPS,Telangana Grameena Bank,0.7,68.26,9.14,12.32
1690,2022-01-12,AEPS,Karnataka Vikas Grameena Bank ,0.66,65.33,11.81,15.91
1691,2022-01-12,AEPS,Paytm Payments Bank,0.56,70.51,17.6,3.93
1692,2022-01-12,AEPS,Punjab Gramin Bank,0.54,45.12,15.28,2.34
1693,2022-01-12,AEPS,Assam Gramin Vikash Bank,0.46,33.13,47.98,2.41
1694,2022-01-12,AEPS,IDFC First Bank,0.34,60.28,22.45,10.69
1695,2022-01-12,AEPS,TamilNadu Grama Bank erstwhile Pallavan Grama Bank,0.32,68.51,15.23,10.13
1696,2022-01-12,AEPS,Federal Bank,0.25,64.14,18.46,20.13
1697,2022-01-12,AEPS,Vidarbha Konkan Gramin Bank,0.29,59.05,18.24,1.66
1698,2022-01-12,AEPS,Kotak Mahindra Bank,0.27,44.84,39.25,4.83
1699,2022-01-12,AEPS,Saptagiri Grameena Bank,0.27,66.6,16.5,5.37
1700,2023-01-01,NFS,State Bank of India,105.06,86.0,12.48,0.51
1705,2023-01-01,NFS,Punjab National Bank,25.44,83.05,15.06,0.92
1706,2023-01-01,NFS,Indian Bank,23.36,83.23,14.79,0.75
1707,2023-01-01,NFS,Bank Of India,18.63,83.15,15.59,0.26
1708,2023-01-01,NFS,ICICI Bank,14.94,87.35,11.48,0.1
1709,2023-01-01,NFS,Axis Bank,14.63,87.33,10.07,1.33
1710,2023-01-01,NFS,Central Bank of India,11.2,77.55,20.81,0.08
1711,2023-01-01,NFS,Indian Overseas Bank,10.6,82.79,15.1,1.02
1712,2023-01-01,NFS,Kotak Mahindra Bank,8.8,82.52,15.67,0.78
1713,2023-01-01,NFS,UCO Bank,8.36,81.48,14.09,2.81
1714,2023-01-01,NFS,Federal Bank,7.95,86.0,13.07,0.08
1715,2023-01-01,NFS,Bank of Maharashtra,7.55,78.5,14.17,5.34
1716,2023-01-01,NFS,Indusind Bank,7.36,86.59,11.06,1.66
1717,2023-01-01,NFS,IDBI Bank,5.75,81.18,15.59,2.28
1718,2023-01-01,NFS,Karnataka Bank,4.07,80.25,17.91,0.95
1719,2023-01-01,NFS,Ujjivan Small Finance Bank Limited,3.99,79.55,19.35,0.26
1720,2023-01-01,NFS,Karur Vysya Bank,3.81,82.72,11.78,4.69
1721,2023-01-01,NFS,IDFC,3.73,86.5,12.2,0.37
1722,2023-01-01,NFS,Yes Bank Ltd,3.67,87.19,10.47,0.53
1723,2023-01-01,NFS,Fino Payments Bank,3.22,75.13,20.97,3.06
1724,2023-01-01,NFS,Bandhan Bank limited,2.66,84.97,13.64,0.49
1725,2023-01-01,NFS,Department of Post,2.36,71.79,19.44,7.05
1726,2023-01-01,NFS,The South Indian Bank,2.32,85.18,12.94,1.02
1727,2023-01-01,NFS,Punjab and Sind Bank,1.95,79.48,18.69,0.84
1728,2023-01-01,NFS,Paytm Payments Bank Ltd,1.93,81.51,17.21,0.14
1729,2023-01-01,NFS,City Union Bank,1.8,82.69,13.6,2.62
1730,2023-01-01,NFS,Jammu and Kashmir Bank,1.74,79.79,18.87,0.14
1731,2023-01-01,NFS,Tamilnaad Mercantile Bank,1.66,78.11,17.0,3.68
1732,2023-01-01,NFS,Kerala Gramin Bank,1.66,83.81,15.11,0.56
1733,2023-01-01,NFS,Fincare Small Finance Bank Limited,1.39,69.94,29.25,0.06
1734,2023-01-01,NFS,Yes Bank ? Prepaid ? YP2,1.34,68.05,29.52,1.76
1735,2023-01-01,NFS,Andhra Pradesh Grameena Vikas Bank,1.33,64.46,33.0,1.84
1736,2023-01-01,NFS,Equitas Small Finance Bank Ltd.,1.28,87.38,11.67,0.17
1737,2023-01-01,NFS,ESAF Small Finance Bank,1.17,78.08,20.87,0.24
1738,2023-01-01,NFS,DBS Bank,1.14,78.49,20.3,0.28
1739,2023-01-01,NFS,Pragathi Krishna Gramin Bank,1.0,79.21,19.65,0.37
1740,2023-01-01,NFS,AU Small Finance Bank,0.98,84.35,12.63,1.91
1741,2023-01-01,NFS,Maharashtra Gramin Bank,0.89,79.66,15.51,3.71
1742,2023-01-01,NFS,Saraswat Co-operative Bank,0.87,88.05,10.57,0.23
1743,2023-01-01,NFS,Chhattisgarh  Gramin Bank,0.84,78.39,14.89,5.73
1744,2023-01-01,NFS,RBL Bank Limited,0.73,85.19,13.52,0.38
1745,2023-01-01,NFS,Jana Small Finance Bank Ltd,0.68,72.35,24.69,1.43
1746,2023-01-01,NFS,Standard Chartered Bank,0.68,87.4,11.41,0.18
1747,2023-01-01,NFS,Andhra Pragathi Grameena Bank,0.68,74.9,18.27,6.0
1748,2023-01-01,NFS,Citibank,0.55,89.43,9.36,0.14
1749,2023-01-01,NFS,"Jila Sahakari Kendriya Bank Maryadit,Raipur",0.53,85.69,12.07,1.33
1750,2023-01-01,AEPS,State Bank of India,103.61,77.88,16.51,5.0
1751,2023-01-01,AEPS,Punjab National Bank,36.89,85.62,12.6,1.29
1752,2023-01-01,AEPS,Indian Bank,23.7,79.09,16.6,3.85
1753,2023-01-01,AEPS,Union Bank of India,21.81,83.99,13.03,2.45
1754,2023-01-01,AEPS,Bank of India,19.26,80.97,14.89,3.64
1755,2023-01-01,AEPS,Central Bank of India,18.12,75.98,20.36,3.21
1756,2023-01-01,AEPS,Baroda Uttar Pradesh Gramin Bank ,13.23,80.3,15.53,3.64
1757,2023-01-01,AEPS,India Post Payment Bank,11.5,74.01,23.9,1.62
1758,2023-01-01,AEPS,Bank of Baroda,13.88,46.15,51.14,2.44
1759,2023-01-01,AEPS,Canara Bank,10.04,83.94,14.74,0.85
1760,2023-01-01,AEPS,Dakshin Bihar Gramin Bank erstwhile Madhya Bihar Gramin Bank,8.56,85.36,8.73,5.3
1761,2023-01-01,AEPS,UCO Bank,8.71,75.6,11.24,12.71
1762,2023-01-01,AEPS,Uttar Bihar Grameen Bank ,7.8,80.94,16.67,1.77
1763,2023-01-01,AEPS,Bangiya Gramin Vikash Bank,5.2,84.77,9.32,5.58
1764,2023-01-01,AEPS,Indian Overseas Bank,4.23,88.71,9.01,1.85
1765,2023-01-01,AEPS,Baroda Rajasthan Kshetriya Gramin Bank,4.21,86.13,10.24,3.19
1766,2023-01-01,AEPS,Prathma UP Gramin Bank erstwhile Sarva UP Gramin Bank ,3.66,86.48,10.86,2.0
1767,2023-01-01,AEPS,Madhya Pradesh Gramin Bank erstwhile Narmada Jhabua Gramin Bank,3.12,78.71,17.79,3.02
1768,2023-01-01,AEPS,Indusind Bank,2.93,84.5,13.38,1.71
1769,2023-01-01,AEPS,Bank of Maharashtra,2.95,75.14,17.66,6.78
1770,2023-01-01,AEPS,Airtel Payment Bank,2.71,77.41,15.3,6.85
1771,2023-01-01,AEPS,Karnataka Gramin Bank erstwhile Pragathi Krishna Gramin Bank,2.38,82.96,14.95,1.69
1772,2023-01-01,AEPS,Rajasthan Marudhara Gramin Bank,2.21,81.28,9.05,9.21
1773,2023-01-01,AEPS,Madhyanchal Gramin Bank,2.52,60.3,30.81,8.38
1774,2023-01-01,AEPS,Aryavart Bank erstwhile Gramin Bank of Aryavart,2.47,71.09,25.47,2.85
1775,2023-01-01,AEPS,ICICI Bank,2.23,73.81,20.58,5.18
1776,2023-01-01,AEPS,Fino Payments Bank,1.88,74.43,22.53,2.61
1777,2023-01-01,AEPS,Utkal Gramin Bank,1.61,78.56,10.74,10.3
1778,2023-01-01,AEPS,Punjab & Sind Bank,1.86,60.8,32.71,6.02
1779,2023-01-01,AEPS,Andhra Pradesh Grameena Vikash Bank,1.62,79.04,15.9,4.7
1780,2023-01-01,AEPS,HDFC Bank,1.55,57.36,38.58,3.6
1781,2023-01-01,AEPS,IDBI Bank,1.35,74.22,24.13,1.21
1782,2023-01-01,AEPS,Uttar Banga Kshetriya Gramin Bank ,1.18,88.36,9.66,1.64
1783,2023-01-01,AEPS,Baroda Gujarat Gramin Bank,1.2,79.42,16.96,3.17
1784,2023-01-01,AEPS,Telangana Grameena Bank,1.1,77.49,13.89,8.23
1785,2023-01-01,AEPS,Tripura Gramin Bank,1.11,79.07,19.0,1.53
1786,2023-01-01,AEPS,Sarva Haryana Gramin Bank,1.18,63.71,33.85,2.03
1787,2023-01-01,AEPS,Karnataka Vikas Grameena Bank ,0.95,74.74,13.81,11.16
1788,2023-01-01,AEPS,Axis Bank,1.02,65.81,30.33,3.39
1789,2023-01-01,AEPS,Odisha Gramya Bank ,0.8,85.26,10.47,3.84
1790,2023-01-01,AEPS,Assam Gramin Vikash Bank,0.81,41.0,56.43,2.13
1791,2023-01-01,AEPS,Paytm Payments Bank,0.65,77.42,19.2,2.94
1792,2023-01-01,AEPS,Andhra Pragathi Grameena Bank,0.63,77.14,17.58,4.93
1793,2023-01-01,AEPS,Punjab Gramin Bank,0.63,72.38,25.09,1.95
1794,2023-01-01,AEPS,IDFC First Bank,0.45,63.78,23.72,12.06
1795,2023-01-01,AEPS,Karnataka Bank,0.4,61.63,27.16,10.83
1796,2023-01-01,AEPS,Vidarbha Konkan Gramin Bank,0.35,74.69,21.19,3.73
1797,2023-01-01,AEPS,Kotak Mahindra Bank,0.36,52.11,43.47,3.94
1798,2023-01-01,AEPS,TamilNadu Grama Bank erstwhile Pallavan Grama Bank,0.3,73.78,17.67,6.94
1799,2023-01-01,AEPS,Federal Bank,0.29,77.39,18.45,3.69
1800,2023-01-02,NFS,State Bank of India,101.94,86.29,12.51,0.25
1801,2023-01-02,NFS,Union Bank Of India,30.45,84.36,14.09,0.66
1802,2023-01-02,NFS,Bank Of Baroda,29.12,79.68,18.47,0.95
1803,2023-01-02,NFS,Canara Bank,28.88,85.06,13.61,0.55
1804,2023-01-02,NFS,HDFC Bank,25.54,87.37,11.58,0.12
1805,2023-01-02,NFS,Punjab National Bank,24.89,82.47,13.67,3.0
1806,2023-01-02,NFS,Indian Bank,22.54,82.7,14.52,1.63
1807,2023-01-02,NFS,Bank Of India,17.62,83.16,15.29,0.59
1808,2023-01-02,NFS,ICICI Bank,13.97,87.12,11.78,0.1
1809,2023-01-02,NFS,Axis Bank,13.79,86.62,10.68,1.75
1810,2023-01-02,NFS,Central Bank of India,10.54,78.24,20.42,0.45
1811,2023-01-02,NFS,Indian Overseas Bank,10.33,83.4,14.88,0.94
1812,2023-01-02,NFS,Kotak Mahindra Bank,8.54,83.11,15.42,0.48
1813,2023-01-02,NFS,UCO Bank,7.8,83.74,14.16,1.22
1814,2023-01-02,NFS,Federal Bank,7.51,85.9,12.89,0.49
1815,2023-01-02,NFS,Indusind Bank,6.86,87.95,11.23,0.15
1816,2023-01-02,NFS,Bank of Maharashtra,6.62,83.07,14.63,0.65
1817,2023-01-02,NFS,IDBI Bank,5.39,82.76,15.64,0.7
1818,2023-01-02,NFS,Karnataka Bank,3.92,78.04,15.56,5.53
1819,2023-01-02,NFS,Ujjivan Small Finance Bank Limited,3.64,80.34,18.69,0.18
1820,2023-01-02,NFS,IDFC,3.55,86.53,12.01,0.6
1821,2023-01-02,NFS,Yes Bank Ltd,3.51,88.45,10.56,0.13
1822,2023-01-02,NFS,Karur Vysya Bank,3.46,85.36,12.29,1.51
1823,2023-01-02,NFS,Fino Payments Bank,3.23,78.71,19.07,1.43
1824,2023-01-02,NFS,Bandhan Bank limited,2.46,85.4,13.59,0.18
1825,2023-01-02,NFS,The South Indian Bank,2.19,85.36,12.84,1.08
1826,2023-01-02,NFS,Department of Post,1.95,77.82,20.36,1.05
1827,2023-01-02,NFS,Paytm Payments Bank Ltd,1.84,81.7,17.15,0.16
1828,2023-01-02,NFS,Jammu and Kashmir Bank,1.83,80.06,18.25,0.71
1829,2023-01-02,NFS,Punjab and Sind Bank,1.83,80.17,18.18,0.76
1830,2023-01-02,NFS,Kerala Gramin Bank,1.66,83.63,14.75,1.13
1831,2023-01-02,NFS,City Union Bank,1.66,82.91,13.49,2.73
1832,2023-01-02,NFS,Tamilnaad Mercantile Bank,1.5,80.67,17.18,1.34
1833,2023-01-02,NFS,Fincare Small Finance Bank Limited,1.4,70.06,29.15,0.07
1834,2023-01-02,NFS,Equitas Small Finance Bank Ltd.,1.21,86.83,11.68,0.77
1835,2023-01-02,NFS,Yes Bank ? Prepaid ? YP2,1.17,70.36,28.6,0.38
1836,2023-01-02,NFS,ESAF Small Finance Bank,1.14,79.46,19.54,0.2
1837,2023-01-02,NFS,Andhra Pradesh Grameena Vikas Bank,1.07,64.22,32.84,2.38
1838,2023-01-02,NFS,DBS Bank,1.04,79.5,19.09,0.62
1839,2023-01-02,NFS,Pragathi Krishna Gramin Bank,0.94,78.96,19.6,0.68
1840,2023-01-02,NFS,AU Small Finance Bank,0.93,86.42,12.38,0.17
1841,2023-01-02,NFS,Saraswat Co-operative Bank,0.84,85.32,9.4,4.25
1842,2023-01-02,NFS,Chhattisgarh  Gramin Bank,0.8,79.07,14.95,5.17
1843,2023-01-02,NFS,Maharashtra Gramin Bank,0.78,81.46,15.43,2.1
1844,2023-01-02,NFS,RBL Bank Limited,0.7,83.25,13.37,2.56
1845,2023-01-02,NFS,Citibank,0.67,88.75,9.28,0.96
1846,2023-01-02,NFS,Andhra Pragathi Grameena Bank,0.64,73.23,18.52,7.49
1847,2023-01-02,NFS,Standard Chartered Bank,0.64,87.55,11.23,0.29
1848,2023-01-02,NFS,Jana Small Finance Bank Ltd,0.57,74.33,23.58,0.44
1849,2023-01-02,NFS,Sarva Haryana Gramin Bank,0.5,78.37,19.59,1.16
1850,2023-01-02,AEPS,State Bank of India,78.42,65.91,21.79,12.21
1851,2023-01-02,AEPS,Punjab National Bank,24.21,84.74,12.1,3.13
1852,2023-01-02,AEPS,Indian Bank,15.9,80.69,15.74,3.53
1853,2023-01-02,AEPS,Union Bank of India,14.83,84.88,11.54,3.54
1854,2023-01-02,AEPS,Bank of India,13.16,80.93,14.84,4.2
1855,2023-01-02,AEPS,Central Bank of India,10.22,71.8,24.11,4.06
1856,2023-01-02,AEPS,Baroda Uttar Pradesh Gramin Bank ,9.49,83.17,14.72,2.07
1857,2023-01-02,AEPS,India Post Payment Bank,7.97,76.22,23.08,0.66
1858,2023-01-02,AEPS,Canara Bank,7.07,83.73,15.34,0.9
1859,2023-01-02,AEPS,Bank of Baroda,7.28,50.35,48.53,1.09
1860,2023-01-02,AEPS,UCO Bank,6.04,71.7,13.65,14.61
1861,2023-01-02,AEPS,Uttar Bihar Grameen Bank ,4.7,83.56,13.23,3.16
1862,2023-01-02,AEPS,Dakshin Bihar Gramin Bank erstwhile Madhya Bihar Gramin Bank,4.59,88.88,9.14,1.95
1863,2023-01-02,AEPS,Indian Overseas Bank,3.97,88.49,10.82,0.67
1864,2023-01-02,AEPS,Baroda Rajasthan Kshetriya Gramin Bank,3.07,87.4,10.35,2.23
1865,2023-01-02,AEPS,Madhya Pradesh Gramin Bank erstwhile Narmada Jhabua Gramin Bank,2.78,83.16,12.0,4.81
1866,2023-01-02,AEPS,Bangiya Gramin Vikash Bank,2.83,88.09,8.7,3.18
1867,2023-01-02,AEPS,Prathma UP Gramin Bank erstwhile Sarva UP Gramin Bank ,2.33,88.73,9.7,1.52
1868,2023-01-02,AEPS,Bank of Maharashtra,2.03,82.43,14.7,2.83
1869,2023-01-02,AEPS,Indusind Bank,2.24,84.76,14.07,1.13
1870,2023-01-02,AEPS,Airtel Payment Bank,1.99,76.58,16.72,6.66
1871,2023-01-02,AEPS,ICICI Bank,1.73,72.7,21.55,5.71
1872,2023-01-02,AEPS,Karnataka Gramin Bank erstwhile Pragathi Krishna Gramin Bank,1.55,85.32,12.94,1.72
1873,2023-01-02,AEPS,Aryavart Bank erstwhile Gramin Bank of Aryavart,1.61,69.76,25.62,4.58
1874,2023-01-02,AEPS,Rajasthan Marudhara Gramin Bank,1.4,67.05,7.1,25.82
1875,2023-01-02,AEPS,Fino Payments Bank,1.5,75.72,22.35,1.9
1876,2023-01-02,AEPS,Utkal Gramin Bank,1.19,81.45,10.39,8.12
1877,2023-01-02,AEPS,Punjab & Sind Bank,1.04,71.72,16.48,11.75
1878,2023-01-02,AEPS,Madhyanchal Gramin Bank,0.96,12.91,3.39,83.68
1879,2023-01-02,AEPS,HDFC Bank,0.97,59.89,36.9,3.17
1880,2023-01-02,AEPS,IDBI Bank,0.9,74.84,23.64,1.48
1881,2023-01-02,AEPS,Baroda Gujarat Gramin Bank,0.72,81.27,17.16,1.53
1882,2023-01-02,AEPS,Sarva Haryana Gramin Bank,0.64,70.83,26.56,2.57
1883,2023-01-02,AEPS,Uttar Banga Kshetriya Gramin Bank ,0.73,90.0,9.44,0.53
1884,2023-01-02,AEPS,Axis Bank,0.69,65.18,32.25,2.53
1885,2023-01-02,AEPS,Odisha Gramya Bank ,0.6,79.78,9.8,10.39
1886,2023-01-02,AEPS,Andhra Pradesh Grameena Vikash Bank,0.6,42.07,4.0,53.92
1887,2023-01-02,AEPS,Andhra Pragathi Grameena Bank,0.58,75.63,15.78,8.56
1888,2023-01-02,AEPS,Karnataka Vikas Grameena Bank ,0.53,75.33,13.29,11.35
1889,2023-01-02,AEPS,Assam Gramin Vikash Bank,0.5,40.75,56.12,3.1
1890,2023-01-02,AEPS,Telangana Grameena Bank,0.44,86.12,10.45,3.4
1891,2023-01-02,AEPS,Tripura Gramin Bank,0.45,89.1,8.22,2.65
1892,2023-01-02,AEPS,TamilNadu Grama Bank erstwhile Pallavan Grama Bank,0.43,71.84,18.91,8.9
1893,2023-01-02,AEPS,Paytm Payments Bank,0.46,77.8,19.96,2.2
1894,2023-01-02,AEPS,Punjab Gramin Bank,0.33,72.49,26.66,0.8
1895,2023-01-02,AEPS,IDFC First Bank,0.32,66.11,24.34,9.51
1896,2023-01-02,AEPS,Vidarbha Konkan Gramin Bank,0.23,74.93,20.85,4.18
1897,2023-01-02,AEPS,Karnataka Bank,0.24,52.26,23.01,24.34
1898,2023-01-02,AEPS,Fincare Small Finance Bank,0.24,69.6,11.08,19.29
1899,2023-01-02,AEPS,Kotak Mahindra Bank,0.23,53.59,45.47,0.91
1900,2023-01-03,NFS,State Bank of India,109.66,86.36,12.27,0.39
1901,2023-01-03,NFS,Union Bank Of India,33.38,84.21,14.01,0.85
1902,2023-01-03,NFS,Canara Bank,31.39,85.06,13.66,0.46
1903,2023-01-03,NFS,Bank Of Baroda,30.82,79.4,18.83,0.81
1904,2023-01-03,NFS,HDFC Bank,27.7,87.24,11.48,0.3
1905,2023-01-03,NFS,Punjab National Bank,27.33,81.83,14.62,2.63
1906,2023-01-03,NFS,Indian Bank,24.47,82.78,14.91,1.19
1907,2023-01-03,NFS,Bank Of India,18.95,83.01,15.81,0.16
1908,2023-01-03,NFS,Axis Bank,14.75,87.15,10.23,1.37
1909,2023-01-03,NFS,ICICI Bank,14.7,86.89,11.84,0.21
1910,2023-01-03,NFS,Central Bank of India,11.21,80.76,17.68,0.09
1911,2023-01-03,NFS,Indian Overseas Bank,11.13,83.28,14.27,1.4
1912,2023-01-03,NFS,Kotak Mahindra Bank,9.5,82.49,14.97,1.26
1913,2023-01-03,NFS,UCO Bank,8.45,84.24,14.61,0.22
1914,2023-01-03,NFS,Federal Bank,8.05,86.29,12.46,0.37
1915,2023-01-03,NFS,Bank of Maharashtra,7.79,76.37,14.43,3.0
1916,2023-01-03,NFS,Indusind Bank,7.04,87.55,11.62,0.11
1917,2023-01-03,NFS,Ujjivan Small Finance Bank Limited,4.19,80.94,18.16,0.07
1918,2023-01-03,NFS,Yes Bank Ltd,4.01,88.78,10.21,0.03
1919,2023-01-03,NFS,Karnataka Bank,3.99,83.57,15.08,0.4
1920,2023-01-03,NFS,IDFC,3.87,87.39,11.53,0.19
1921,2023-01-03,NFS,Karur Vysya Bank,3.71,86.61,12.23,0.24
1922,2023-01-03,NFS,Fino Payments Bank,3.69,79.58,19.34,0.24
1923,2023-01-03,NFS,IDBI Bank,3.18,80.72,15.79,2.52
1924,2023-01-03,NFS,Bandhan Bank limited,2.95,83.12,13.18,2.85
1925,2023-01-03,NFS,The South Indian Bank,2.4,84.51,12.93,1.69
1926,2023-01-03,NFS,Department of Post,2.11,77.67,20.44,0.93
1927,2023-01-03,NFS,Punjab and Sind Bank,2.04,79.05,18.49,1.56
1928,2023-01-03,NFS,Paytm Payments Bank Ltd,1.95,80.63,17.6,0.65
1929,2023-01-03,NFS,City Union Bank,1.9,78.63,13.54,6.67
1930,2023-01-03,NFS,Kerala Gramin Bank,1.85,81.98,15.16,2.34
1931,2023-01-03,NFS,Jammu and Kashmir Bank,1.79,79.98,18.84,0.2
1932,2023-01-03,NFS,Fincare Small Finance Bank Limited,1.77,69.11,30.08,0.09
1933,2023-01-03,NFS,Tamilnaad Mercantile Bank,1.59,81.59,16.77,0.77
1934,2023-01-03,NFS,ESAF Small Finance Bank,1.44,79.04,19.79,0.33
1935,2023-01-03,NFS,Equitas Small Finance Bank Ltd.,1.27,86.53,12.29,0.43
1936,2023-01-03,NFS,Andhra Pradesh Grameena Vikas Bank,1.22,66.83,31.08,1.38
1937,2023-01-03,NFS,Yes Bank  Prepaid  YP2,1.21,69.42,29.45,0.4
1938,2023-01-03,NFS,Pragathi Krishna Gramin Bank,1.1,76.89,20.21,2.14
1939,2023-01-03,NFS,DBS Bank,1.1,79.85,18.78,0.37
1940,2023-01-03,NFS,AU Small Finance Bank,1.01,86.62,12.18,0.14
1941,2023-01-03,NFS,Maharashtra Gramin Bank,0.92,78.18,14.93,5.79
1942,2023-01-03,NFS,Saraswat Co-operative Bank,0.88,89.01,9.44,0.36
1943,2023-01-03,NFS,Chhattisgarh  Gramin Bank,0.86,80.78,17.35,0.86
1944,2023-01-03,NFS,Andhra Pragathi Grameena Bank,0.75,74.66,19.39,5.12
1945,2023-01-03,NFS,Citibank,0.74,89.34,8.93,0.66
1946,2023-01-03,NFS,RBL Bank Limited,0.74,85.4,13.27,0.38
1947,2023-01-03,NFS,Jana Small Finance Bank Ltd,0.69,73.33,24.93,0.16
1948,2023-01-03,NFS,Standard Chartered Bank,0.68,87.7,10.9,0.37
1949,2023-01-03,NFS,Sarva Haryana Gramin Bank,0.55,78.71,19.65,0.77
1950,2023-01-03,AEPS,State Bank of India,63.08,74.88,18.92,5.15
1951,2023-01-03,AEPS,Punjab National Bank,23.74,84.39,12.16,2.69
1952,2023-01-03,AEPS,Indian Bank,14.18,73.2,15.28,10.78
1953,2023-01-03,AEPS,Union Bank of India,14.91,82.69,12.37,4.19
1954,2023-01-03,AEPS,Bank of India,12.07,80.68,16.08,2.43
1955,2023-01-03,AEPS,Central Bank of India,8.47,74.1,24.18,0.96
1956,2023-01-03,AEPS,Baroda Uttar Pradesh Gramin Bank ,9.47,82.07,15.22,1.97
1957,2023-01-03,AEPS,India Post Payment Bank,7.96,76.24,21.8,1.25
1958,2023-01-03,AEPS,Canara Bank,6.61,79.58,17.3,2.4
1959,2023-01-03,AEPS,Bank of Baroda,3.55,44.32,53.61,1.65
1960,2023-01-03,AEPS,UCO Bank,5.42,77.89,14.93,6.4
1961,2023-01-03,AEPS,Dakshin Bihar Gramin Bank erstwhile Madhya Bihar Gramin Bank,4.82,87.75,8.5,2.88
1962,2023-01-03,AEPS,Uttar Bihar Grameen Bank ,4.48,82.89,13.56,2.78
1963,2023-01-03,AEPS,Indian Overseas Bank,3.44,87.72,9.6,1.97
1964,2023-01-03,AEPS,Baroda Rajasthan Kshetriya Gramin Bank,3.2,86.39,10.54,2.32
1965,2023-01-03,AEPS,Bangiya Gramin Vikash Bank,2.99,83.13,8.06,8.1
1966,2023-01-03,AEPS,Prathma UP Gramin Bank erstwhile Sarva UP Gramin Bank ,2.65,83.01,9.33,6.9
1967,2023-01-03,AEPS,Indusind Bank,2.53,81.8,16.04,1.34
1968,2023-01-03,AEPS,Bank of Maharashtra,2.12,79.23,14.66,5.34
1969,2023-01-03,AEPS,Madhya Pradesh Gramin Bank erstwhile Narmada Jhabua Gramin Bank,2.3,86.34,10.34,2.46
1970,2023-01-03,AEPS,Airtel Payment Bank,1.89,75.87,18.0,5.44
1971,2023-01-03,AEPS,ICICI Bank,1.66,70.57,20.83,7.89
1972,2023-01-03,AEPS,Karnataka Gramin Bank erstwhile Pragathi Krishna Gramin Bank,1.68,82.26,13.02,4.08
1973,2023-01-03,AEPS,Aryavart Bank erstwhile Gramin Bank of Aryavart,1.51,69.45,26.15,3.63
1974,2023-01-03,AEPS,Fino Payments Bank,1.43,76.04,20.96,2.33
1975,2023-01-03,AEPS,Rajasthan Marudhara Gramin Bank,0.93,54.73,14.29,30.01
1976,2023-01-03,AEPS,Utkal Gramin Bank,1.22,77.59,12.1,9.57
1977,2023-01-03,AEPS,Punjab & Sind Bank,0.9,72.98,15.86,10.38
1978,2023-01-03,AEPS,Baroda Gujarat Gramin Bank,0.9,79.91,17.08,2.25
1979,2023-01-03,AEPS,IDBI Bank,0.8,72.86,22.93,3.49
1980,2023-01-03,AEPS,HDFC Bank,0.64,57.92,36.51,4.87
1981,2023-01-03,AEPS,Chhattisgarh Rajya Gramin Bank,0.45,45.07,37.73,16.04
1982,2023-01-03,AEPS,Andhra Pragathi Grameena Bank,0.6,67.06,18.37,14.05
1983,2023-01-03,AEPS,Odisha Gramya Bank ,0.7,83.23,9.18,6.89
1984,2023-01-03,AEPS,Uttar Banga Kshetriya Gramin Bank ,0.63,73.73,8.9,16.56
1985,2023-01-03,AEPS,Sarva Haryana Gramin Bank,0.51,70.9,24.74,3.6
1986,2023-01-03,AEPS,Axis Bank,0.55,65.78,31.6,1.99
1987,2023-01-03,AEPS,Karnataka Vikas Grameena Bank ,0.55,74.77,13.09,11.42
1988,2023-01-03,AEPS,Assam Gramin Vikash Bank,0.27,37.29,53.2,8.72
1989,2023-01-03,AEPS,Tripura Gramin Bank,0.57,83.16,13.98,2.3
1990,2023-01-03,AEPS,Telangana Grameena Bank,0.51,85.68,10.07,3.52
1991,2023-01-03,AEPS,Paytm Payments Bank,0.37,70.81,23.66,4.85
1992,2023-01-03,AEPS,Andhra Pradesh Grameena Vikash Bank,0.26,56.08,6.38,37.08
1993,2023-01-03,AEPS,Punjab Gramin Bank,0.28,72.82,24.65,1.65
1994,2023-01-03,AEPS,Vidarbha Konkan Gramin Bank,0.27,73.81,22.14,3.34
1995,2023-01-03,AEPS,IDFC First Bank,0.23,65.82,23.51,10.03
1996,2023-01-03,AEPS,TamilNadu Grama Bank erstwhile Pallavan Grama Bank,0.21,62.1,26.13,10.93
1997,2023-01-03,AEPS,Karnataka Bank,0.17,56.04,23.64,19.66
1998,2023-01-03,AEPS,Fincare Small Finance Bank,0.22,71.32,12.02,15.88
1999,2023-01-03,AEPS,Saptagiri Grameena Bank,0.21,77.77,13.09,8.13
2000,2023-01-04,NFS,State Bank of India,110.79,86.2,12.32,0.46
2001,2023-01-04,NFS,Union Bank Of India,32.29,84.78,14.04,0.19
2002,2023-01-04,NFS,Canara Bank,30.54,85.29,13.6,0.25
2003,2023-01-04,NFS,Bank of Baroda,29.8,77.73,20.56,0.74
2004,2023-01-04,NFS,HDFC Bank,27.47,87.44,11.42,0.13
2005,2023-01-04,NFS,Punjab National Bank,26.64,81.49,14.02,3.52
2006,2023-01-04,NFS,Indian Bank,24.7,82.6,15.1,0.95
2007,2023-01-04,NFS,Bank Of India,18.59,82.68,15.37,0.77
2008,2023-01-04,NFS,ICICI Bank,14.63,86.82,11.95,0.14
2009,2023-01-04,NFS,Axis Bank,14.53,87.18,10.15,1.35
2010,2023-01-04,NFS,Central Bank of India,11.03,80.93,17.54,0.44
2011,2023-01-04,NFS,Indian Overseas Bank,10.93,82.99,14.57,1.4
2012,2023-01-04,NFS,Kotak Mahindra Bank,9.38,82.61,14.48,1.34
2013,2023-01-04,NFS,UCO Bank,8.37,83.17,15.22,0.59
2014,2023-01-04,NFS,Federal Bank,7.7,86.88,12.09,0.08
2015,2023-01-04,NFS,Bank of Maharashtra,7.26,78.5,15.48,2.6
2016,2023-01-04,NFS,Indusind Bank,6.86,87.8,11.03,0.43
2017,2023-01-04,NFS,IDBI Bank,5.67,82.43,15.51,1.03
2018,2023-01-04,NFS,Yes Bank Ltd,4.09,88.68,10.12,0.13
2019,2023-01-04,NFS,Ujjivan Small Finance Bank Limited,3.88,81.57,17.48,0.09
2020,2023-01-04,NFS,IDFC,3.83,87.71,11.15,0.23
2021,2023-01-04,NFS,Karnataka Bank,3.77,83.54,15.37,0.1
2022,2023-01-04,NFS,Karur Vysya Bank,3.6,86.31,11.83,0.8
2023,2023-01-04,NFS,Fino Payments Bank,3.33,78.42,19.82,0.85
2024,2023-01-04,NFS,Bandhan Bank limited,3.28,82.85,12.12,4.09
2025,2023-01-04,NFS,Punjab and Sind Bank,2.55,60.28,16.98,21.97
2026,2023-01-04,NFS,Department of Post,2.38,78.3,18.72,1.92
2027,2023-01-04,NFS,The South Indian Bank,2.27,85.39,12.73,0.93
2028,2023-01-04,NFS,Paytm Payments Bank Ltd,1.85,80.69,17.97,0.2
2029,2023-01-04,NFS,City Union Bank,1.74,84.19,13.78,1.13
2030,2023-01-04,NFS,Jammu and Kashmir Bank,1.72,81.9,17.01,0.12
2031,2023-01-04,NFS,Kerala Gramin Bank,1.71,83.54,15.01,0.86
2032,2023-01-04,NFS,Tamilnaad Mercantile Bank,1.55,81.47,16.89,0.68
2033,2023-01-04,NFS,Fincare Small Finance Bank Limited,1.5,71.56,27.58,0.07
2034,2023-01-04,NFS,Yes Bank ? Prepaid ? YP2,1.21,68.57,29.32,1.45
2035,2023-01-04,NFS,ESAF Small Finance Bank,1.18,79.29,18.68,1.14
2036,2023-01-04,NFS,Equitas Small Finance Bank Ltd.,1.13,85.86,12.58,0.69
2037,2023-01-04,NFS,Andhra Pradesh Grameena Vikas Bank,1.08,66.25,31.96,1.1
2038,2023-01-04,NFS,DBS Bank,1.05,79.62,18.7,0.67
2039,2023-01-04,NFS,AU Small Finance Bank,0.99,86.35,12.25,0.28
2040,2023-01-04,NFS,Pragathi Krishna Gramin Bank,0.97,79.22,19.73,0.21
2041,2023-01-04,NFS,Andhra Pragathi Grameena Bank,0.92,67.83,21.4,10.0
2042,2023-01-04,NFS,Saraswat Co-operative Bank,0.9,83.28,12.34,3.28
2043,2023-01-04,NFS,Chhattisgarh  Gramin Bank,0.85,80.56,16.77,1.66
2044,2023-01-04,NFS,Maharashtra Gramin Bank,0.84,80.06,15.66,3.11
2045,2023-01-04,NFS,Citibank,0.79,89.74,8.94,0.2
2046,2023-01-04,NFS,RBL Bank Limited,0.73,85.06,13.19,0.74
2047,2023-01-04,NFS,Standard Chartered Bank,0.68,87.57,10.98,0.38
2048,2023-01-04,NFS,Jana Small Finance Bank Ltd,0.63,73.62,23.95,0.91
2049,2023-01-04,NFS,Marudhara Gramin Bank,0.52,77.36,19.38,2.28
2050,2023-01-04,AEPS,State Bank of India,73.43,79.28,16.03,3.97
2051,2023-01-04,AEPS,Punjab National Bank,26.86,82.38,12.66,4.47
2052,2023-01-04,AEPS,Indian Bank,17.29,79.09,16.87,3.58
2053,2023-01-04,AEPS,Union Bank of India,16.52,84.51,12.35,2.65
2054,2023-01-04,AEPS,Bank of India,15.55,66.91,29.41,3.18
2055,2023-01-04,AEPS,Central Bank of India,10.56,75.03,22.98,1.52
2056,2023-01-04,AEPS,Baroda Uttar Pradesh Gramin Bank ,9.93,80.38,18.19,0.97
2057,2023-01-04,AEPS,India Post Payment Bank,9.21,76.9,20.85,1.76
2058,2023-01-04,AEPS,Canara Bank,7.62,81.48,17.32,0.7
2059,2023-01-04,AEPS,UCO Bank,6.24,80.1,15.06,4.32
2060,2023-01-04,AEPS,Dakshin Bihar Gramin Bank erstwhile Madhya Bihar Gramin Bank,4.88,87.73,8.61,3.19
2061,2023-01-04,AEPS,Uttar Bihar Grameen Bank ,4.33,75.11,14.43,9.95
2062,2023-01-04,AEPS,Bank of Baroda,5.45,38.15,61.06,0.58
2063,2023-01-04,AEPS,Indian Overseas Bank,4.27,85.1,11.2,3.19
2064,2023-01-04,AEPS,Bangiya Gramin Vikash Bank,3.35,88.32,9.47,1.75
2065,2023-01-04,AEPS,Baroda Rajasthan Kshetriya Gramin Bank,3.1,84.8,13.92,0.83
2066,2023-01-04,AEPS,Prathma UP Gramin Bank erstwhile Sarva UP Gramin Bank ,2.53,87.63,10.33,1.58
2067,2023-01-04,AEPS,Indusind Bank,2.65,79.89,15.55,4.08
2068,2023-01-04,AEPS,Airtel Payment Bank,2.51,76.12,19.29,4.15
2069,2023-01-04,AEPS,Bank of Maharashtra,2.39,78.06,13.68,7.76
2070,2023-01-04,AEPS,Madhya Pradesh Gramin Bank erstwhile Narmada Jhabua Gramin Bank,2.21,85.3,11.07,3.16
2071,2023-01-04,AEPS,ICICI Bank,2.07,69.66,23.05,6.77
2072,2023-01-04,AEPS,Karnataka Gramin Bank erstwhile Pragathi Krishna Gramin Bank,1.71,82.17,15.86,1.43
2102,2023-01-05,NFS,Canara Bank,30.59,85.42,13.5,0.24
2073,2023-01-04,AEPS,Aryavart Bank erstwhile Gramin Bank of Aryavart,1.76,69.23,25.74,4.59
2074,2023-01-04,AEPS,Utkal Gramin Bank,1.67,81.48,10.27,7.61
2075,2023-01-04,AEPS,Rajasthan Marudhara Gramin Bank,1.61,75.96,10.14,13.42
2076,2023-01-04,AEPS,Fino Payments Bank,1.6,75.02,21.83,2.72
2077,2023-01-04,AEPS,Punjab & Sind Bank,1.42,52.01,11.63,35.9
2078,2023-01-04,AEPS,Chhattisgarh Rajya Gramin Bank,1.21,58.68,31.85,9.05
2079,2023-01-04,AEPS,Odisha Gramya Bank ,1.05,87.73,9.4,2.19
2080,2023-01-04,AEPS,HDFC Bank,1.03,58.98,36.3,4.27
2081,2023-01-04,AEPS,IDBI Bank,1.02,72.67,25.41,1.43
2082,2023-01-04,AEPS,Sarva Haryana Gramin Bank,0.74,75.21,20.19,3.96
2083,2023-01-04,AEPS,Andhra Pradesh Grameena Vikash Bank,0.86,80.37,15.21,3.8
2084,2023-01-04,AEPS,Baroda Gujarat Gramin Bank,0.82,79.63,18.69,1.2
2085,2023-01-04,AEPS,Uttar Banga Kshetriya Gramin Bank ,0.86,77.73,8.09,13.76
2086,2023-01-04,AEPS,Andhra Pragathi Grameena Bank,0.83,72.62,14.1,12.73
2087,2023-01-04,AEPS,Axis Bank,0.79,66.04,30.98,2.53
2088,2023-01-04,AEPS,Assam Gramin Vikash Bank,0.8,39.42,48.13,12.03
2089,2023-01-04,AEPS,Jharkhand Rajya Gramin Bank erstwhile Vananchal Gramin Bank,0.68,34.39,21.48,43.67
2090,2023-01-04,AEPS,Karnataka Vikas Grameena Bank ,0.67,69.0,16.97,13.43
2091,2023-01-04,AEPS,Tripura Gramin Bank,0.69,84.76,11.96,2.71
2092,2023-01-04,AEPS,Telangana Grameena Bank,0.53,83.75,9.4,6.35
2093,2023-01-04,AEPS,Punjab Gramin Bank,0.41,65.92,30.35,2.84
2094,2023-01-04,AEPS,Paytm Payments Bank,0.45,70.18,26.9,2.47
2095,2023-01-04,AEPS,TamilNadu Grama Bank erstwhile Pallavan Grama Bank,0.4,72.15,21.6,5.76
2096,2023-01-04,AEPS,Madhyanchal Gramin Bank,0.34,32.42,23.65,43.47
2097,2023-01-04,AEPS,Vidarbha Konkan Gramin Bank,0.33,75.67,21.02,2.79
2098,2023-01-04,AEPS,IDFC First Bank,0.32,65.62,23.81,10.11
2099,2023-01-04,AEPS,Fincare Small Finance Bank,0.3,73.88,11.2,14.46
2100,2023-01-05,NFS,State Bank of India,105.15,86.45,12.27,0.29
2101,2023-01-05,NFS,Union Bank Of India,32.66,83.93,14.11,1.01
2103,2023-01-05,NFS,Bank of Baroda,29.19,78.91,19.24,0.89
2104,2023-01-05,NFS,HDFC Bank,27.49,87.15,11.78,0.1
2105,2023-01-05,NFS,Punjab National Bank,25.95,82.8,15.4,0.75
2106,2023-01-05,NFS,Indian Bank,24.73,82.81,15.24,0.76
2107,2023-01-05,NFS,Bank Of India,19.12,80.06,15.38,2.98
2108,2023-01-05,NFS,ICICI Bank,14.54,86.68,12.15,0.12
2109,2023-01-05,NFS,Axis Bank,14.45,87.37,10.23,1.12
2110,2023-01-05,NFS,Indian Overseas Bank,11.0,81.62,15.31,2.06
2111,2023-01-05,NFS,Central Bank of India,10.95,80.45,17.48,0.9
2112,2023-01-05,NFS,Kotak Mahindra Bank,9.97,81.44,14.77,2.23
2113,2023-01-05,NFS,UCO Bank,8.17,83.49,14.84,0.5
2114,2023-01-05,NFS,Federal Bank,7.79,86.47,12.06,0.5
2115,2023-01-05,NFS,Indusind Bank,7.08,87.55,10.85,0.89
2116,2023-01-05,NFS,Bank of Maharashtra,6.91,82.6,15.27,0.27
2117,2023-01-05,NFS,IDBI Bank,5.6,82.8,15.92,0.28
2118,2023-01-05,NFS,Yes Bank Ltd,4.1,88.97,9.97,0.02
2119,2023-01-05,NFS,Ujjivan Small Finance Bank Limited,3.98,80.93,18.19,0.05
2120,2023-01-05,NFS,Karur Vysya Bank,3.73,86.42,12.25,0.43
2121,2023-01-05,NFS,Karnataka Bank,3.7,83.52,15.48,0.06
2122,2023-01-05,NFS,IDFC,3.69,87.42,11.35,0.32
2123,2023-01-05,NFS,Fino Payments Bank,3.57,79.36,19.54,0.21
2124,2023-01-05,NFS,Bandhan Bank limited,3.15,86.25,12.43,0.42
2125,2023-01-05,NFS,The South Indian Bank,2.31,85.42,12.53,1.15
2126,2023-01-05,NFS,Department of Post,2.14,78.48,19.13,1.44
2127,2023-01-05,NFS,Punjab and Sind Bank,2.06,76.08,17.49,5.52
2128,2023-01-05,NFS,Paytm Payments Bank Ltd,1.78,80.35,18.42,0.14
2129,2023-01-05,NFS,City Union Bank,1.77,84.49,13.98,0.67
2130,2023-01-05,NFS,Kerala Gramin Bank,1.72,83.11,15.37,0.94
2131,2023-01-05,NFS,Jammu and Kashmir Bank,1.61,83.33,15.55,0.1
2132,2023-01-05,NFS,Tamilnaad Mercantile Bank,1.6,81.01,17.04,0.96
2133,2023-01-05,NFS,Fincare Small Finance Bank Limited,1.57,72.01,27.11,0.13
2134,2023-01-05,NFS,Andhra Pradesh Grameena Vikas Bank,1.24,60.88,33.91,4.11
2135,2023-01-05,NFS,Equitas Small Finance Bank Ltd.,1.21,86.53,12.44,0.21
2136,2023-01-05,NFS,Yes Bank ? Prepaid ? YP2,1.2,69.2,29.63,0.5
2137,2023-01-05,NFS,ESAF Small Finance Bank,1.18,79.68,19.1,0.38
2138,2023-01-05,NFS,DBS Bank,1.04,79.65,18.99,0.39
2139,2023-01-05,NFS,AU Small Finance Bank,1.01,85.17,12.13,1.63
2140,2023-01-05,NFS,Pragathi Krishna Gramin Bank,0.92,78.72,20.32,0.16
2141,2023-01-05,NFS,Chhattisgarh  Gramin Bank,0.91,75.43,17.09,6.21
2142,2023-01-05,NFS,Saraswat Co-operative Bank,0.86,88.13,10.2,0.48
2143,2023-01-05,NFS,Andhra Pragathi Grameena Bank,0.85,76.94,20.42,1.79
2144,2023-01-05,NFS,Maharashtra Gramin Bank,0.8,80.09,14.97,3.63
2145,2023-01-05,NFS,Citibank,0.74,89.21,9.56,0.18
2146,2023-01-05,NFS,RBL Bank Limited,0.74,85.28,13.42,0.38
2147,2023-01-05,NFS,Standard Chartered Bank,0.64,87.22,11.46,0.33
2148,2023-01-05,NFS,Jana Small Finance Bank Ltd,0.57,74.03,24.41,0.14
2149,2023-01-05,NFS,Marudhara Gramin Bank,0.54,71.14,17.33,10.07
2150,2023-01-05,AEPS,State Bank of India,76.8,61.64,34.7,2.48
2151,2023-01-05,AEPS,Punjab National Bank,27.58,84.15,13.68,1.5
2152,2023-01-05,AEPS,Indian Bank,17.54,81.06,15.91,2.38
2153,2023-01-05,AEPS,Union Bank of India,17.06,86.52,11.38,1.44
2154,2023-01-05,AEPS,Bank of India,15.24,68.73,26.76,3.87
2155,2023-01-05,AEPS,India Post Payment Bank,10.5,78.1,20.5,0.81
2156,2023-01-05,AEPS,Central Bank of India,10.42,77.11,21.71,0.54
2157,2023-01-05,AEPS,Baroda Uttar Pradesh Gramin Bank ,9.29,78.18,14.15,7.03
2158,2023-01-05,AEPS,Canara Bank,8.94,65.69,32.39,1.31
2159,2023-01-05,AEPS,UCO Bank,5.85,83.88,14.82,0.61
2160,2023-01-05,AEPS,Dakshin Bihar Gramin Bank erstwhile Madhya Bihar Gramin Bank,4.97,88.39,8.55,2.43
2161,2023-01-05,AEPS,Uttar Bihar Grameen Bank ,4.59,69.12,17.47,12.82
2162,2023-01-05,AEPS,Indian Overseas Bank,4.61,86.29,9.02,4.02
2163,2023-01-05,AEPS,Bank of Baroda,4.68,40.18,58.83,0.69
2164,2023-01-05,AEPS,Bangiya Gramin Vikash Bank,4.02,85.97,8.49,4.85
2165,2023-01-05,AEPS,Baroda Rajasthan Kshetriya Gramin Bank,3.85,86.65,10.62,2.1
2166,2023-01-05,AEPS,Airtel Payment Bank,2.68,77.68,18.5,3.21
2167,2023-01-05,AEPS,ICICI Bank,2.58,75.93,18.17,5.28
2168,2023-01-05,AEPS,Indusind Bank,2.65,83.16,13.8,2.41
2169,2023-01-05,AEPS,Prathma UP Gramin Bank erstwhile Sarva UP Gramin Bank ,2.3,88.38,9.8,1.18
2170,2023-01-05,AEPS,Madhya Pradesh Gramin Bank erstwhile Narmada Jhabua Gramin Bank,2.23,85.22,11.32,2.88
2171,2023-01-05,AEPS,Bank of Maharashtra,2.11,80.29,16.22,2.88
2172,2023-01-05,AEPS,Karnataka Gramin Bank erstwhile Pragathi Krishna Gramin Bank,1.92,86.39,12.14,0.92
2173,2023-01-05,AEPS,Utkal Gramin Bank,1.8,75.98,11.45,11.91
2174,2023-01-05,AEPS,Chhattisgarh Rajya Gramin Bank,1.79,53.98,15.92,29.45
2175,2023-01-05,AEPS,Rajasthan Marudhara Gramin Bank,1.77,71.42,11.21,16.7
2176,2023-01-05,AEPS,Fino Payments Bank,1.84,74.21,21.31,3.89
2177,2023-01-05,AEPS,Aryavart Bank erstwhile Gramin Bank of Aryavart,1.6,70.5,25.08,3.81
2178,2023-01-05,AEPS,Andhra Pradesh Grameena Vikash Bank,1.33,76.19,10.37,12.86
2179,2023-01-05,AEPS,Andhra Pragathi Grameena Bank,1.32,74.03,12.06,13.22
2180,2023-01-05,AEPS,Madhyanchal Gramin Bank,1.17,52.76,29.48,17.19
2181,2023-01-05,AEPS,Punjab & Sind Bank,1.12,73.56,14.78,11.0
2182,2023-01-05,AEPS,Odisha Gramya Bank ,1.07,76.91,7.74,14.71
2183,2023-01-05,AEPS,HDFC Bank,1.04,60.22,36.05,3.12
2184,2023-01-05,AEPS,IDBI Bank,0.99,75.29,22.57,1.52
2185,2023-01-05,AEPS,Baroda Gujarat Gramin Bank,0.89,79.42,17.71,2.32
2186,2023-01-05,AEPS,Jharkhand Rajya Gramin Bank erstwhile Vananchal Gramin Bank,0.8,38.55,22.67,38.2
2187,2023-01-05,AEPS,Uttar Banga Kshetriya Gramin Bank ,0.87,88.52,8.36,2.33
2188,2023-01-05,AEPS,Axis Bank,0.81,71.88,26.26,1.26
2189,2023-01-05,AEPS,Sarva Haryana Gramin Bank,0.68,78.91,18.53,1.89
2190,2023-01-05,AEPS,Telangana Grameena Bank,0.77,85.81,7.84,5.63
2191,2023-01-05,AEPS,Assam Gramin Vikash Bank,0.76,41.92,44.32,13.12
2192,2023-01-05,AEPS,Tripura Gramin Bank,0.69,90.52,7.7,1.03
2193,2023-01-05,AEPS,Karnataka Vikas Grameena Bank ,0.64,78.78,13.21,7.44
2194,2023-01-05,AEPS,Punjab Gramin Bank,0.41,65.3,29.04,5.06
2195,2023-01-05,AEPS,Paytm Payments Bank,0.46,70.56,26.45,2.4
2196,2023-01-05,AEPS,TamilNadu Grama Bank erstwhile Pallavan Grama Bank,0.44,77.53,17.52,4.37
2197,2023-01-05,AEPS,Saptagiri Grameena Bank,0.39,85.25,11.27,2.85
2198,2023-01-05,AEPS,Fincare Small Finance Bank,0.37,75.33,11.14,12.95
2199,2023-01-05,AEPS,IDFC First Bank,0.34,67.83,22.54,9.01
2200,2023-01-07,NFS,State Bank of India,101.94,86.03,12.85,0.16
2201,2023-01-07,NFS,Union Bank Of India,33.24,83.97,14.93,0.19
2202,2023-01-07,NFS,Canara Bank,31.51,84.51,14.35,0.32
2203,2023-01-07,NFS,Bank of Baroda,27.59,81.34,16.84,0.87
2204,2023-01-07,NFS,HDFC Bank,26.41,86.5,12.46,0.11
2205,2023-01-07,NFS,Indian Bank,25.58,81.99,16.5,0.73
2206,2023-01-07,NFS,Punjab National Bank,24.54,84.25,14.35,0.44
2207,2023-01-07,NFS,Bank Of India,18.04,82.28,16.6,0.14
2208,2023-01-07,NFS,ICICI Bank,13.9,85.99,12.85,0.15
2209,2023-01-07,NFS,Axis Bank,13.8,86.98,10.52,1.21
2210,2023-01-07,NFS,Indian Overseas Bank,10.86,82.93,15.05,1.02
2211,2023-01-07,NFS,Central Bank of India,10.48,78.7,20.17,0.14
2212,2023-01-07,NFS,Kotak Mahindra Bank,10.26,83.92,15.01,0.14
2213,2023-01-07,NFS,UCO Bank,8.07,83.01,15.82,0.26
2214,2023-01-07,NFS,Federal Bank,7.6,86.46,12.56,0.07
2215,2023-01-07,NFS,Bank of Maharashtra,7.24,75.76,16.08,4.84
2216,2023-01-07,NFS,Indusind Bank,6.68,86.97,12.01,0.34
2217,2023-01-07,NFS,IDBI Bank,5.66,78.59,15.15,5.37
2218,2023-01-07,NFS,Ujjivan Small Finance Bank Limited,4.04,81.0,18.15,0.06
2219,2023-01-07,NFS,Yes Bank Ltd,3.94,87.97,10.9,0.04
2220,2023-01-07,NFS,Karnataka Bank,3.83,81.55,16.45,1.07
2221,2023-01-07,NFS,Fino Payments Bank,3.81,78.24,20.63,0.31
2222,2023-01-07,NFS,Karur Vysya Bank,3.73,85.49,12.45,1.22
2223,2023-01-07,NFS,IDFC,3.51,86.49,11.98,0.63
2224,2023-01-07,NFS,Bandhan Bank limited,3.1,85.79,12.91,0.38
2225,2023-01-07,NFS,The South Indian Bank,2.26,84.54,13.08,1.51
2226,2023-01-07,NFS,Department of Post,2.25,76.73,20.52,1.67
2227,2023-01-07,NFS,Punjab and Sind Bank,1.95,78.37,18.55,2.21
2228,2023-01-07,NFS,Fincare Small Finance Bank Limited,1.94,71.86,27.32,0.1
2229,2023-01-07,NFS,Kerala Gramin Bank,1.87,82.57,16.14,0.69
2230,2023-01-07,NFS,City Union Bank,1.78,84.41,14.06,0.72
2231,2023-01-07,NFS,Andhra Pradesh Grameena Vikas Bank,1.67,64.08,32.11,3.19
2232,2023-01-07,NFS,Paytm Payments Bank Ltd,1.64,79.31,19.45,0.17
2233,2023-01-07,NFS,Tamilnaad Mercantile Bank,1.6,82.01,16.62,0.49
2234,2023-01-07,NFS,Jammu and Kashmir Bank,1.53,82.21,15.74,0.91
2235,2023-01-07,NFS,Yes Bank ? Prepaid ? YP2,1.29,67.46,31.47,0.41
2236,2023-01-07,NFS,Equitas Small Finance Bank Ltd.,1.2,86.26,12.73,0.24
2237,2023-01-07,NFS,Pragathi Krishna Gramin Bank,1.19,73.9,23.28,2.1
2238,2023-01-07,NFS,Andhra Pragathi Grameena Bank,1.05,72.55,20.34,6.32
2239,2023-01-07,NFS,ESAF Small Finance Bank,1.05,79.52,19.36,0.31
2240,2023-01-07,NFS,DBS Bank,1.0,79.11,19.75,0.28
2241,2023-01-07,NFS,AU Small Finance Bank,0.98,85.61,13.23,0.15
2242,2023-01-07,NFS,Chhattisgarh  Gramin Bank,0.9,78.42,18.64,1.95
2243,2023-01-07,NFS,Saraswat Co-operative Bank,0.82,83.7,10.89,4.32
2244,2023-01-07,NFS,Maharashtra Gramin Bank,0.79,79.88,15.73,3.29
2245,2023-01-07,NFS,RBL Bank Limited,0.72,84.84,13.98,0.3
2246,2023-01-07,NFS,Citibank,0.7,88.31,10.32,0.31
2247,2023-01-07,NFS,Standard Chartered Bank,0.6,86.07,12.64,0.33
2248,2023-01-07,NFS,Jana Small Finance Bank Ltd,0.59,73.44,24.82,0.16
2249,2023-01-07,NFS,Marudhara Gramin Bank,0.53,77.45,17.85,3.73
2250,2023-01-07,AEPS,State Bank of India,73.98,65.47,30.5,3.48
2251,2023-01-07,AEPS,Punjab National Bank,29.09,80.97,15.92,2.77
2252,2023-01-07,AEPS,Union Bank of India,21.89,83.99,11.59,4.07
2253,2023-01-07,AEPS,Indian Bank,20.07,80.71,16.83,2.11
2254,2023-01-07,AEPS,Bank of India,16.9,70.38,27.16,2.12
2255,2023-01-07,AEPS,India Post Payment Bank,15.95,79.66,18.4,1.65
2256,2023-01-07,AEPS,Central Bank of India,12.53,78.65,20.51,0.51
2257,2023-01-07,AEPS,Baroda Uttar Pradesh Gramin Bank ,11.13,84.39,13.88,1.41
2258,2023-01-07,AEPS,Canara Bank,10.07,73.0,23.94,2.7
2259,2023-01-07,AEPS,UCO Bank,6.48,82.23,16.2,1.22
2260,2023-01-07,AEPS,Bank of Baroda,5.44,51.66,47.2,0.91
2261,2023-01-07,AEPS,Indian Overseas Bank,5.12,86.99,11.54,1.1
2262,2023-01-07,AEPS,Dakshin Bihar Gramin Bank erstwhile Madhya Bihar Gramin Bank,4.57,89.49,8.05,2.09
2263,2023-01-07,AEPS,Madhya Pradesh Gramin Bank erstwhile Narmada Jhabua Gramin Bank,4.45,86.87,10.54,2.23
2264,2023-01-07,AEPS,Baroda Rajasthan Kshetriya Gramin Bank,4.12,84.76,12.01,2.91
2265,2023-01-07,AEPS,Karnataka Gramin Bank erstwhile Pragathi Krishna Gramin Bank,3.9,81.47,12.84,5.27
2266,2023-01-07,AEPS,Uttar Bihar Grameen Bank ,3.79,84.61,13.51,1.53
2267,2023-01-07,AEPS,Indusind Bank,3.76,78.32,19.18,2.14
2268,2023-01-07,AEPS,Bangiya Gramin Vikash Bank,3.44,81.57,16.74,1.39
2269,2023-01-07,AEPS,ICICI Bank,3.27,74.11,17.28,8.28
2270,2023-01-07,AEPS,Bank of Maharashtra,3.24,75.11,12.68,11.87
2271,2023-01-07,AEPS,Prathma UP Gramin Bank erstwhile Sarva UP Gramin Bank ,3.21,86.28,10.83,2.58
2272,2023-01-07,AEPS,Airtel Payment Bank,2.96,78.61,18.35,2.73
2273,2023-01-07,AEPS,Andhra Pragathi Grameena Bank,2.7,69.13,9.65,20.92
2274,2023-01-07,AEPS,Fino Payments Bank,2.58,75.74,21.49,2.47
2275,2023-01-07,AEPS,Aryavart Bank erstwhile Gramin Bank of Aryavart,2.25,72.01,24.3,3.37
2276,2023-01-07,AEPS,Madhyanchal Gramin Bank,2.15,66.05,24.08,9.53
2277,2023-01-07,AEPS,Rajasthan Marudhara Gramin Bank,1.87,80.48,8.76,10.39
2278,2023-01-07,AEPS,Chhattisgarh Rajya Gramin Bank,1.85,72.95,16.4,10.32
2279,2023-01-07,AEPS,Andhra Pradesh Grameena Vikash Bank,1.71,81.64,10.98,6.99
2280,2023-01-07,AEPS,Utkal Gramin Bank,1.61,81.32,10.34,8.03
2281,2023-01-07,AEPS,HDFC Bank,1.3,61.56,33.55,4.56
2282,2023-01-07,AEPS,Karnataka Vikas Grameena Bank ,1.24,70.2,12.76,16.56
2283,2023-01-07,AEPS,Punjab & Sind Bank,1.22,77.22,16.68,5.76
2284,2023-01-07,AEPS,IDBI Bank,1.2,76.68,22.33,0.66
2285,2023-01-07,AEPS,Tripura Gramin Bank,1.17,74.95,23.49,1.25
2286,2023-01-07,AEPS,Baroda Gujarat Gramin Bank,1.07,81.44,16.76,1.48
2287,2023-01-07,AEPS,Odisha Gramya Bank ,1.05,85.09,10.92,3.65
2288,2023-01-07,AEPS,Telangana Grameena Bank,1.03,88.76,7.56,3.33
2289,2023-01-07,AEPS,Axis Bank,0.93,71.92,26.48,1.28
2290,2023-01-07,AEPS,Jharkhand Rajya Gramin Bank erstwhile Vananchal Gramin Bank,0.83,42.05,22.02,35.58
2291,2023-01-07,AEPS,Uttar Banga Kshetriya Gramin Bank ,0.72,90.44,7.24,1.92
2292,2023-01-07,AEPS,Assam Gramin Vikash Bank,0.7,44.73,53.18,1.73
2293,2023-01-07,AEPS,Sarva Haryana Gramin Bank,0.62,81.24,17.31,1.15
2294,2023-01-07,AEPS,Saptagiri Grameena Bank,0.58,85.39,11.39,2.83
2295,2023-01-07,AEPS,Fincare Small Finance Bank,0.57,77.04,15.49,7.12
2296,2023-01-07,AEPS,TamilNadu Grama Bank erstwhile Pallavan Grama Bank,0.55,78.41,18.9,2.33
2297,2023-01-07,AEPS,IDFC First Bank,0.48,67.53,22.28,9.87
2298,2023-01-07,AEPS,Paytm Payments Bank,0.45,72.13,25.58,1.99
2299,2023-01-07,AEPS,Chaitanya Godavari Gramin Bank,0.44,87.06,9.08,3.46
